{
"type": "FeatureCollection",
"name": "world",
"crs": { "type": "name", "properties": { "name": "urn:ogc:def:crs:OGC:1.3:CRS84" } },
"xy_coordinate_resolution": 0.001,
"features": [
{ "type": "Feature", "properties": { }, "geometry": { "type": "Polygon", "coordinates": [ [ [ 40.464, -10.481 ], [ 40.64, -10.693 ], [ 40.485, -10.751 ], [ 40.618, -10.832 ], [ 40.36, -11.331 ], [ 40.553, -11.999 ], [ 40.473, -12.505 ], [ 40.63, -12.752 ], [ 40.403, -12.952 ], [ 40.587, -12.972 ], [ 40.638, -14.026 ], [ 40.526, -14.174 ], [ 40.739, -14.276 ], [ 40.624, -14.593 ], [ 40.805, -14.41 ], [ 40.837, -14.684 ], [ 40.647, -14.907 ], [ 40.739, -14.936 ], [ 40.769, -15.011 ], [ 40.522, -15.132 ], [ 40.68, -15.255 ], [ 40.566, -15.495 ], [ 39.807, -16.276 ], [ 39.91, -16.41 ], [ 39.073, -17.012 ], [ 37.299, -17.688 ], [ 36.316, -18.86 ], [ 35.794, -19.035 ], [ 35.13, -19.694 ], [ 34.74, -19.878 ], [ 34.685, -20.52 ], [ 35.129, -20.932 ], [ 35.021, -21.106 ], [ 35.351, -22.197 ], [ 35.547, -22.137 ], [ 35.604, -22.926 ], [ 35.323, -23.953 ], [ 35.538, -23.793 ], [ 35.499, -24.11 ], [ 35.064, -24.635 ], [ 32.862, -25.555 ], [ 32.752, -25.873 ], [ 32.593, -25.984 ], [ 32.525, -25.94 ], [ 32.471, -25.99 ], [ 32.832, -26.288 ], [ 32.961, -26.083 ], [ 32.892, -26.858 ], [ 32.159, -26.851 ], [ 32.088, -26.011 ], [ 31.938, -25.831 ], [ 31.99, -24.313 ], [ 31.557, -23.47 ], [ 31.306, -22.421 ], [ 32.48, -21.328 ], [ 32.367, -21.137 ], [ 32.492, -20.619 ], [ 33.014, -20.011 ], [ 33.053, -19.781 ], [ 32.777, -19.458 ], [ 32.877, -19.098 ], [ 32.7, -18.941 ], [ 32.928, -18.766 ], [ 32.885, -18.522 ], [ 33.055, -18.362 ], [ 32.942, -17.989 ], [ 33.045, -17.347 ], [ 32.836, -16.921 ], [ 32.979, -16.707 ], [ 31.913, -16.413 ], [ 31.245, -16.0 ], [ 30.425, -16.0 ], [ 30.217, -14.997 ], [ 33.242, -13.999 ], [ 33.669, -14.619 ], [ 34.391, -14.394 ], [ 34.603, -15.264 ], [ 34.257, -15.913 ], [ 34.432, -16.262 ], [ 35.157, -16.839 ], [ 35.078, -17.11 ], [ 35.309, -17.124 ], [ 35.144, -16.56 ], [ 35.407, -16.124 ], [ 35.814, -16.034 ], [ 35.932, -14.893 ], [ 35.103, -13.697 ], [ 34.567, -13.406 ], [ 34.356, -12.258 ], [ 34.613, -11.573 ], [ 35.514, -11.582 ], [ 35.843, -11.411 ], [ 36.182, -11.545 ], [ 36.218, -11.708 ], [ 36.634, -11.736 ], [ 36.816, -11.569 ], [ 37.383, -11.691 ], [ 37.755, -11.543 ], [ 37.913, -11.265 ], [ 38.487, -11.42 ], [ 38.885, -11.171 ], [ 39.248, -11.173 ], [ 40.464, -10.481 ] ], [ [ 34.609, -12.084 ], [ 34.663, -12.02 ], [ 34.612, -11.975 ], [ 34.574, -12.017 ], [ 34.609, -12.084 ] ], [ [ 34.678, -12.076 ], [ 34.728, -12.133 ], [ 34.792, -12.037 ], [ 34.715, -12.002 ], [ 34.678, -12.076 ] ] ] } },
{ "type": "Feature", "properties": { }, "geometry": { "type": "Polygon", "coordinates": [ [ [ 57.618, -19.985 ], [ 57.809, -20.23 ], [ 57.727, -20.436 ], [ 57.309, -20.467 ], [ 57.618, -19.985 ] ] ] } },
{ "type": "Feature", "properties": { }, "geometry": { "type": "Polygon", "coordinates": [ [ [ 33.123, -9.48 ], [ 33.939, -9.712 ], [ 34.036, -9.492 ], [ 34.507, -9.983 ], [ 34.603, -11.031 ], [ 34.96, -11.573 ], [ 34.613, -11.573 ], [ 34.36, -12.207 ], [ 34.558, -13.383 ], [ 35.103, -13.697 ], [ 35.886, -14.674 ], [ 35.814, -16.034 ], [ 35.407, -16.124 ], [ 35.144, -16.56 ], [ 35.304, -17.126 ], [ 35.078, -17.11 ], [ 35.157, -16.839 ], [ 34.432, -16.262 ], [ 34.257, -15.913 ], [ 34.6, -15.283 ], [ 34.515, -14.554 ], [ 34.357, -14.386 ], [ 33.669, -14.619 ], [ 33.292, -14.031 ], [ 33.152, -13.935 ], [ 33.029, -14.046 ], [ 32.675, -13.613 ], [ 33.017, -13.211 ], [ 33.015, -12.658 ], [ 33.548, -12.358 ], [ 33.366, -12.348 ], [ 33.261, -12.142 ], [ 33.228, -11.423 ], [ 33.406, -11.161 ], [ 33.246, -10.894 ], [ 33.705, -10.569 ], [ 33.319, -10.065 ], [ 33.213, -9.62 ], [ 33.005, -9.641 ], [ 32.947, -9.412 ], [ 33.123, -9.48 ] ] ] } },
{ "type": "Feature", "properties": { }, "geometry": { "type": "Polygon", "coordinates": [ [ [ 45.106, -12.652 ], [ 45.241, -12.762 ], [ 45.148, -13.0 ], [ 45.042, -12.744 ], [ 45.106, -12.652 ] ] ] } },
{ "type": "Feature", "properties": { }, "geometry": { "type": "Polygon", "coordinates": [ [ [ 30.474, -1.057 ], [ 30.846, -1.658 ], [ 30.827, -2.356 ], [ 30.132, -2.438 ], [ 29.959, -2.327 ], [ 29.918, -2.702 ], [ 29.724, -2.818 ], [ 29.37, -2.84 ], [ 29.149, -2.591 ], [ 29.041, -2.744 ], [ 28.918, -2.68 ], [ 28.865, -2.405 ], [ 29.115, -2.248 ], [ 29.135, -1.834 ], [ 29.362, -1.506 ], [ 29.824, -1.309 ], [ 29.924, -1.481 ], [ 30.054, -1.429 ], [ 30.474, -1.057 ] ] ] } },
{ "type": "Feature", "properties": { }, "geometry": { "type": "Polygon", "coordinates": [ [ [ 50.787, 11.988 ], [ 51.288, 11.832 ], [ 51.082, 11.317 ], [ 51.172, 10.575 ], [ 51.033, 10.451 ], [ 51.406, 10.416 ], [ 50.899, 10.314 ], [ 50.829, 9.419 ], [ 50.127, 8.194 ], [ 49.82, 7.924 ], [ 48.921, 5.936 ], [ 47.981, 4.503 ], [ 46.012, 2.431 ], [ 44.6, 1.598 ], [ 43.511, 0.671 ], [ 42.066, -0.842 ], [ 41.564, -1.656 ], [ 40.996, -0.833 ], [ 40.996, 2.822 ], [ 42.088, 4.179 ], [ 42.825, 4.267 ], [ 43.122, 4.631 ], [ 43.814, 4.91 ], [ 44.982, 4.917 ], [ 47.986, 8.0 ], [ 46.99, 8.0 ], [ 44.006, 8.997 ], [ 43.299, 9.611 ], [ 42.693, 10.625 ], [ 43.305, 11.474 ], [ 43.894, 10.732 ], [ 44.592, 10.378 ], [ 44.96, 10.414 ], [ 45.805, 10.869 ], [ 46.435, 10.682 ], [ 47.413, 11.177 ], [ 47.699, 11.091 ], [ 48.527, 11.31 ], [ 49.421, 11.335 ], [ 50.269, 11.587 ], [ 50.787, 11.988 ] ] ] } },
{ "type": "Feature", "properties": { }, "geometry": { "type": "Polygon", "coordinates": [ [ [ 30.789, -8.26 ], [ 31.078, -8.622 ], [ 31.375, -8.587 ], [ 31.984, -9.071 ], [ 32.954, -9.401 ], [ 33.561, -10.228 ], [ 33.706, -10.575 ], [ 33.247, -10.889 ], [ 33.406, -11.161 ], [ 33.224, -11.589 ], [ 33.261, -12.142 ], [ 33.546, -12.369 ], [ 33.015, -12.658 ], [ 33.017, -13.211 ], [ 32.674, -13.608 ], [ 33.029, -14.046 ], [ 33.152, -13.935 ], [ 33.242, -13.999 ], [ 30.217, -14.997 ], [ 30.413, -15.623 ], [ 29.562, -15.641 ], [ 28.912, -15.947 ], [ 28.802, -16.504 ], [ 27.83, -16.963 ], [ 27.038, -17.965 ], [ 26.69, -18.079 ], [ 26.226, -17.888 ], [ 25.916, -18.0 ], [ 24.88, -17.527 ], [ 24.249, -17.473 ], [ 23.43, -17.634 ], [ 23.139, -17.466 ], [ 22.122, -16.491 ], [ 21.999, -16.206 ], [ 22.004, -12.999 ], [ 24.046, -12.999 ], [ 23.893, -12.842 ], [ 24.077, -12.382 ], [ 24.01, -10.885 ], [ 24.383, -11.092 ], [ 24.289, -11.389 ], [ 24.445, -11.476 ], [ 25.352, -11.196 ], [ 25.337, -11.627 ], [ 25.99, -11.941 ], [ 26.884, -11.985 ], [ 27.028, -11.611 ], [ 27.206, -11.568 ], [ 27.631, -12.275 ], [ 27.918, -12.24 ], [ 28.442, -12.516 ], [ 29.004, -13.416 ], [ 29.589, -13.214 ], [ 29.611, -13.409 ], [ 29.809, -13.455 ], [ 29.807, -12.156 ], [ 29.489, -12.239 ], [ 29.499, -12.47 ], [ 29.059, -12.389 ], [ 28.439, -11.831 ], [ 28.394, -11.475 ], [ 28.697, -10.663 ], [ 28.577, -10.231 ], [ 28.697, -9.806 ], [ 28.384, -9.259 ], [ 28.864, -8.842 ], [ 29.002, -8.459 ], [ 30.789, -8.26 ] ] ] } },
{ "type": "Feature", "properties": { }, "geometry": { "type": "Polygon", "coordinates": [ [ [ 34.945, 4.62 ], [ 36.845, 4.449 ], [ 38.128, 3.607 ], [ 38.537, 3.656 ], [ 39.545, 3.401 ], [ 39.867, 3.868 ], [ 40.764, 4.284 ], [ 41.2, 3.936 ], [ 41.91, 3.982 ], [ 40.996, 2.822 ], [ 40.996, -0.833 ], [ 41.564, -1.656 ], [ 41.28, -1.985 ], [ 41.224, -1.894 ], [ 40.952, -2.081 ], [ 40.92, -1.993 ], [ 40.856, -1.971 ], [ 40.935, -2.224 ], [ 40.721, -2.224 ], [ 40.771, -2.454 ], [ 40.199, -2.67 ], [ 40.126, -3.279 ], [ 39.781, -3.624 ], [ 39.828, -3.828 ], [ 39.402, -4.648 ], [ 39.247, -4.57 ], [ 39.255, -4.604 ], [ 39.225, -4.614 ], [ 39.226, -4.667 ], [ 39.207, -4.679 ], [ 37.612, -3.524 ], [ 37.711, -3.312 ], [ 37.6, -3.013 ], [ 33.934, -1.0 ], [ 33.913, 0.108 ], [ 34.525, 1.106 ], [ 34.831, 1.266 ], [ 34.77, 1.424 ], [ 35.036, 1.92 ], [ 34.929, 2.518 ], [ 34.452, 3.193 ], [ 34.46, 3.668 ], [ 34.172, 3.767 ], [ 33.994, 4.214 ], [ 34.378, 4.62 ], [ 34.945, 4.62 ] ] ] } },
{ "type": "Feature", "properties": { }, "geometry": { "type": "Polygon", "coordinates": [ [ [ 49.246, -11.952 ], [ 49.369, -12.212 ], [ 49.255, -12.143 ], [ 49.283, -12.259 ], [ 49.208, -12.253 ], [ 49.189, -12.294 ], [ 49.191, -12.318 ], [ 49.357, -12.23 ], [ 49.514, -12.358 ], [ 49.535, -12.679 ], [ 49.931, -13.045 ], [ 50.462, -15.457 ], [ 50.16, -15.997 ], [ 49.899, -15.439 ], [ 49.616, -15.553 ], [ 49.675, -16.046 ], [ 49.858, -16.223 ], [ 49.721, -16.714 ], [ 49.839, -16.838 ], [ 49.597, -16.907 ], [ 49.41, -17.283 ], [ 49.52, -17.692 ], [ 49.43, -18.161 ], [ 47.139, -24.921 ], [ 46.722, -25.179 ], [ 45.156, -25.604 ], [ 44.022, -24.984 ], [ 43.67, -24.332 ], [ 43.636, -23.67 ], [ 43.766, -23.46 ], [ 43.228, -22.326 ], [ 43.502, -21.387 ], [ 43.75, -21.34 ], [ 43.903, -20.847 ], [ 44.525, -19.972 ], [ 44.389, -19.794 ], [ 44.457, -19.327 ], [ 44.057, -18.435 ], [ 43.935, -17.463 ], [ 44.424, -16.717 ], [ 44.452, -16.192 ], [ 44.515, -16.319 ], [ 44.507, -16.184 ], [ 44.791, -16.259 ], [ 44.796, -16.379 ], [ 45.248, -15.938 ], [ 45.244, -16.148 ], [ 45.352, -15.985 ], [ 45.664, -16.096 ], [ 45.67, -15.774 ], [ 45.793, -15.915 ], [ 45.932, -15.781 ], [ 46.075, -15.903 ], [ 46.121, -15.712 ], [ 46.323, -15.804 ], [ 46.381, -15.597 ], [ 46.749, -15.461 ], [ 46.631, -15.411 ], [ 46.945, -15.199 ], [ 47.072, -15.336 ], [ 46.935, -15.472 ], [ 47.256, -15.502 ], [ 47.046, -15.186 ], [ 47.461, -14.672 ], [ 47.42, -15.151 ], [ 47.518, -15.1 ], [ 47.795, -14.57 ], [ 47.878, -14.731 ], [ 47.954, -14.621 ], [ 47.992, -14.672 ], [ 47.884, -14.826 ], [ 47.873, -14.93 ], [ 47.899, -14.97 ], [ 47.901, -14.972 ], [ 47.903, -14.973 ], [ 47.908, -14.969 ], [ 48.056, -14.684 ], [ 47.998, -14.525 ], [ 47.949, -14.484 ], [ 47.864, -14.61 ], [ 47.797, -14.544 ], [ 47.738, -14.615 ], [ 47.69, -14.444 ], [ 47.796, -14.218 ], [ 47.93, -14.268 ], [ 47.888, -14.095 ], [ 47.991, -14.416 ], [ 48.065, -14.217 ], [ 47.893, -13.595 ], [ 48.062, -13.526 ], [ 48.273, -13.829 ], [ 48.562, -13.529 ], [ 48.518, -13.516 ], [ 48.477, -13.43 ], [ 48.468, -13.395 ], [ 48.472, -13.368 ], [ 48.688, -13.529 ], [ 48.833, -13.386 ], [ 49.008, -12.896 ], [ 48.72, -12.443 ], [ 48.938, -12.492 ], [ 49.246, -11.952 ] ] ] } },
{ "type": "Feature", "properties": { }, "geometry": { "type": "Polygon", "coordinates": [ [ [ 55.451, -20.872 ], [ 55.827, -21.144 ], [ 55.783, -21.361 ], [ 55.293, -21.23 ], [ 55.217, -21.036 ], [ 55.451, -20.872 ] ] ] } },
{ "type": "Feature", "properties": { }, "geometry": { "type": "Polygon", "coordinates": [ [ [ 33.023, 12.227 ], [ 33.298, 12.212 ], [ 33.135, 11.626 ], [ 33.219, 10.735 ], [ 33.483, 10.658 ], [ 33.97, 10.148 ], [ 33.888, 9.546 ], [ 34.113, 9.499 ], [ 34.144, 8.71 ], [ 33.769, 8.363 ], [ 33.218, 8.43 ], [ 33.007, 7.858 ], [ 33.671, 7.693 ], [ 34.193, 7.039 ], [ 34.938, 6.552 ], [ 35.127, 5.624 ], [ 35.319, 5.334 ], [ 35.861, 5.315 ], [ 35.817, 4.777 ], [ 35.948, 4.62 ], [ 35.509, 4.62 ], [ 35.476, 4.914 ], [ 35.152, 4.989 ], [ 34.476, 4.724 ], [ 33.509, 3.749 ], [ 33.026, 3.874 ], [ 32.407, 3.748 ], [ 32.203, 3.505 ], [ 31.808, 3.828 ], [ 31.539, 3.654 ], [ 31.163, 3.79 ], [ 30.855, 3.487 ], [ 30.776, 3.674 ], [ 30.568, 3.593 ], [ 30.553, 3.863 ], [ 30.224, 3.939 ], [ 29.8, 4.367 ], [ 29.816, 4.564 ], [ 29.499, 4.69 ], [ 29.247, 4.345 ], [ 28.778, 4.559 ], [ 28.374, 4.277 ], [ 27.784, 4.598 ], [ 27.768, 4.786 ], [ 27.301, 5.229 ], [ 27.159, 5.769 ], [ 26.451, 6.071 ], [ 26.533, 6.234 ], [ 26.285, 6.459 ], [ 26.412, 6.654 ], [ 25.202, 7.493 ], [ 25.219, 7.882 ], [ 24.859, 8.175 ], [ 24.154, 8.374 ], [ 24.223, 8.642 ], [ 24.579, 8.924 ], [ 24.72, 9.744 ], [ 25.129, 10.331 ], [ 25.865, 10.436 ], [ 26.396, 9.566 ], [ 27.907, 9.61 ], [ 28.039, 9.343 ], [ 28.769, 9.348 ], [ 29.078, 9.75 ], [ 29.538, 9.75 ], [ 29.539, 10.082 ], [ 29.942, 10.288 ], [ 30.827, 9.719 ], [ 31.315, 9.772 ], [ 32.471, 11.043 ], [ 32.385, 11.697 ], [ 32.107, 11.945 ], [ 32.741, 11.947 ], [ 32.734, 12.235 ], [ 33.023, 12.227 ] ] ] } },
{ "type": "Feature", "properties": { }, "geometry": { "type": "Polygon", "coordinates": [ [ [ 55.441, -4.562 ], [ 55.534, -4.675 ], [ 55.537, -4.805 ], [ 55.365, -4.642 ], [ 55.441, -4.562 ] ] ] } },
{ "type": "Feature", "properties": { }, "geometry": { "type": "Polygon", "coordinates": [ [ [ 54.527, -15.898 ], [ 54.521, -15.893 ], [ 54.518, -15.886 ], [ 54.529, -15.891 ], [ 54.527, -15.898 ] ] ] } },
{ "type": "Feature", "properties": { }, "geometry": { "type": "MultiPolygon", "coordinates": [ [ [ [ 39.304, -5.722 ], [ 39.414, -6.191 ], [ 39.536, -6.189 ], [ 39.515, -6.477 ], [ 39.201, -6.221 ], [ 39.304, -5.722 ] ] ], [ [ [ 39.687, -4.882 ], [ 39.875, -4.903 ], [ 39.727, -5.473 ], [ 39.631, -5.404 ], [ 39.687, -4.882 ] ] ], [ [ [ 30.799, -0.999 ], [ 34.028, -1.0 ], [ 37.671, -3.061 ], [ 37.612, -3.524 ], [ 39.206, -4.67 ], [ 38.775, -6.063 ], [ 38.861, -6.384 ], [ 39.547, -6.99 ], [ 39.275, -7.398 ], [ 39.214, -7.854 ], [ 39.41, -7.954 ], [ 39.223, -8.203 ], [ 39.273, -8.572 ], [ 39.556, -8.925 ], [ 39.391, -8.832 ], [ 39.329, -8.957 ], [ 39.479, -8.953 ], [ 39.492, -9.221 ], [ 39.549, -9.092 ], [ 39.638, -9.179 ], [ 39.655, -9.369 ], [ 39.529, -9.339 ], [ 39.508, -9.41 ], [ 39.73, -9.597 ], [ 39.712, -9.989 ], [ 39.961, -10.231 ], [ 39.991, -10.128 ], [ 40.404, -10.296 ], [ 40.359, -10.573 ], [ 38.487, -11.42 ], [ 37.913, -11.265 ], [ 37.755, -11.543 ], [ 37.383, -11.691 ], [ 36.816, -11.569 ], [ 36.634, -11.736 ], [ 36.218, -11.708 ], [ 36.182, -11.545 ], [ 35.843, -11.411 ], [ 35.645, -11.563 ], [ 34.96, -11.573 ], [ 34.603, -11.031 ], [ 34.524, -10.016 ], [ 34.043, -9.496 ], [ 33.939, -9.712 ], [ 33.46, -9.62 ], [ 32.431, -9.118 ], [ 31.984, -9.071 ], [ 31.375, -8.587 ], [ 31.011, -8.576 ], [ 30.315, -7.144 ], [ 29.55, -6.295 ], [ 29.632, -5.722 ], [ 29.342, -4.884 ], [ 29.423, -4.448 ], [ 29.758, -4.469 ], [ 30.042, -4.276 ], [ 30.446, -3.567 ], [ 30.837, -3.253 ], [ 30.846, -2.979 ], [ 30.406, -2.861 ], [ 30.543, -2.413 ], [ 30.857, -2.314 ], [ 30.846, -1.658 ], [ 30.452, -1.089 ], [ 30.799, -0.999 ] ] ] ] } },
{ "type": "Feature", "properties": { }, "geometry": { "type": "Polygon", "coordinates": [ [ [ 34.091, 3.879 ], [ 34.46, 3.668 ], [ 34.452, 3.193 ], [ 34.929, 2.518 ], [ 35.036, 1.92 ], [ 34.77, 1.424 ], [ 34.831, 1.266 ], [ 34.525, 1.106 ], [ 33.913, 0.108 ], [ 33.934, -1.0 ], [ 30.767, -0.984 ], [ 30.355, -1.064 ], [ 29.924, -1.481 ], [ 29.831, -1.309 ], [ 29.59, -1.387 ], [ 29.719, 0.071 ], [ 29.989, 0.846 ], [ 31.312, 2.117 ], [ 31.197, 2.306 ], [ 30.73, 2.448 ], [ 30.978, 3.696 ], [ 31.283, 3.793 ], [ 31.539, 3.654 ], [ 31.808, 3.828 ], [ 32.203, 3.505 ], [ 32.407, 3.748 ], [ 33.026, 3.874 ], [ 33.509, 3.749 ], [ 33.994, 4.214 ], [ 34.091, 3.879 ] ] ] } },
{ "type": "Feature", "properties": { }, "geometry": { "type": "Polygon", "coordinates": [ [ [ 29.903, -15.622 ], [ 30.418, -15.618 ], [ 30.425, -16.0 ], [ 31.245, -16.0 ], [ 31.913, -16.413 ], [ 32.979, -16.707 ], [ 32.836, -16.921 ], [ 33.045, -17.347 ], [ 32.942, -17.989 ], [ 33.055, -18.362 ], [ 32.885, -18.522 ], [ 32.928, -18.766 ], [ 32.7, -18.941 ], [ 32.877, -19.098 ], [ 32.777, -19.458 ], [ 33.053, -19.781 ], [ 33.014, -20.011 ], [ 32.492, -20.619 ], [ 32.367, -21.137 ], [ 32.48, -21.328 ], [ 31.311, -22.418 ], [ 30.288, -22.351 ], [ 29.648, -22.127 ], [ 29.361, -22.197 ], [ 29.055, -22.023 ], [ 29.0, -21.772 ], [ 28.024, -21.58 ], [ 27.686, -21.066 ], [ 27.722, -20.519 ], [ 27.287, -20.5 ], [ 27.202, -20.087 ], [ 26.166, -19.546 ], [ 25.963, -18.945 ], [ 25.237, -17.918 ], [ 25.269, -17.798 ], [ 25.701, -17.816 ], [ 25.916, -18.0 ], [ 26.226, -17.888 ], [ 26.69, -18.079 ], [ 27.038, -17.965 ], [ 27.83, -16.963 ], [ 28.802, -16.504 ], [ 28.912, -15.947 ], [ 29.903, -15.622 ] ] ] } },
{ "type": "Feature", "properties": { }, "geometry": { "type": "Polygon", "coordinates": [ [ [ 42.751, -17.059 ], [ 42.723, -17.065 ], [ 42.699, -17.046 ], [ 42.732, -17.05 ], [ 42.751, -17.059 ] ] ] } },
{ "type": "Feature", "properties": { }, "geometry": { "type": "Polygon", "coordinates": [ [ [ 35.509, 4.62 ], [ 35.438, 4.62 ], [ 34.378, 4.62 ], [ 35.327, 5.023 ], [ 35.509, 4.62 ] ] ] } },
{ "type": "Feature", "properties": { }, "geometry": { "type": "Polygon", "coordinates": [ [ [ 47.301, -11.591 ], [ 47.285, -11.578 ], [ 47.296, -11.568 ], [ 47.311, -11.581 ], [ 47.301, -11.591 ] ] ] } },
{ "type": "Feature", "properties": { }, "geometry": { "type": "Polygon", "coordinates": [ [ [ 40.388, -22.338 ], [ 40.398, -22.362 ], [ 40.399, -22.37 ], [ 40.377, -22.395 ], [ 40.33, -22.373 ], [ 40.388, -22.338 ] ] ] } },
{ "type": "Feature", "properties": { }, "geometry": { "type": "Polygon", "coordinates": [ [ [ 37.949, 14.839 ], [ 38.454, 14.414 ], [ 39.154, 14.653 ], [ 39.255, 14.41 ], [ 39.581, 14.605 ], [ 39.93, 14.415 ], [ 40.117, 14.561 ], [ 40.213, 14.387 ], [ 40.942, 14.082 ], [ 42.404, 12.469 ], [ 41.834, 11.732 ], [ 41.795, 10.98 ], [ 42.633, 11.097 ], [ 42.968, 10.997 ], [ 42.683, 10.606 ], [ 42.833, 10.278 ], [ 43.468, 9.419 ], [ 44.006, 8.997 ], [ 46.99, 8.0 ], [ 47.986, 8.0 ], [ 44.982, 4.917 ], [ 43.659, 4.868 ], [ 43.08, 4.603 ], [ 42.833, 4.271 ], [ 42.088, 4.179 ], [ 41.851, 3.949 ], [ 41.2, 3.936 ], [ 40.759, 4.283 ], [ 39.867, 3.868 ], [ 39.554, 3.402 ], [ 38.537, 3.656 ], [ 38.128, 3.607 ], [ 37.03, 4.385 ], [ 36.051, 4.454 ], [ 35.817, 4.777 ], [ 35.861, 5.315 ], [ 35.319, 5.334 ], [ 35.127, 5.624 ], [ 34.938, 6.552 ], [ 34.193, 7.039 ], [ 33.671, 7.693 ], [ 33.047, 7.789 ], [ 33.218, 8.43 ], [ 33.769, 8.363 ], [ 34.14, 8.595 ], [ 34.107, 9.558 ], [ 34.347, 10.17 ], [ 34.3, 10.588 ], [ 34.602, 10.904 ], [ 34.787, 10.706 ], [ 34.972, 10.901 ], [ 35.055, 11.734 ], [ 35.689, 12.66 ], [ 36.155, 12.681 ], [ 36.556, 14.284 ], [ 37.021, 14.253 ], [ 37.312, 14.448 ], [ 37.529, 14.185 ], [ 37.949, 14.839 ] ] ] } },
{ "type": "Feature", "properties": { }, "geometry": { "type": "MultiPolygon", "coordinates": [ [ [ [ 39.961, 15.885 ], [ 40.017, 15.88 ], [ 40.095, 15.836 ], [ 40.167, 15.631 ], [ 40.314, 15.691 ], [ 40.424, 15.562 ], [ 39.963, 15.619 ], [ 40.084, 15.659 ], [ 39.923, 15.725 ], [ 39.961, 15.885 ] ] ], [ [ [ 38.567, 17.999 ], [ 38.922, 17.414 ], [ 39.242, 16.073 ], [ 39.714, 15.091 ], [ 39.853, 15.168 ], [ 39.878, 15.506 ], [ 40.211, 14.948 ], [ 40.528, 15.023 ], [ 40.778, 14.706 ], [ 41.189, 14.624 ], [ 41.689, 13.935 ], [ 42.236, 13.636 ], [ 42.386, 13.21 ], [ 42.55, 13.229 ], [ 42.786, 12.842 ], [ 42.989, 12.821 ], [ 42.995, 12.907 ], [ 42.907, 12.919 ], [ 42.913, 12.964 ], [ 42.98, 12.928 ], [ 43.08, 12.824 ], [ 43.126, 12.71 ], [ 42.815, 12.422 ], [ 42.404, 12.469 ], [ 40.942, 14.082 ], [ 40.213, 14.387 ], [ 40.117, 14.561 ], [ 39.93, 14.415 ], [ 39.581, 14.605 ], [ 39.255, 14.41 ], [ 39.154, 14.653 ], [ 38.454, 14.414 ], [ 37.916, 14.894 ], [ 37.529, 14.185 ], [ 37.312, 14.448 ], [ 37.021, 14.253 ], [ 36.548, 14.268 ], [ 36.439, 15.157 ], [ 36.963, 16.286 ], [ 37.002, 17.068 ], [ 37.395, 17.047 ], [ 37.515, 17.337 ], [ 38.26, 17.559 ], [ 38.567, 17.999 ] ] ] ] } },
{ "type": "Feature", "properties": { }, "geometry": { "type": "Polygon", "coordinates": [ [ [ 43.136, 12.711 ], [ 43.356, 12.384 ], [ 43.373, 11.986 ], [ 42.513, 11.58 ], [ 42.623, 11.465 ], [ 43.152, 11.623 ], [ 43.26, 11.461 ], [ 42.968, 10.997 ], [ 42.633, 11.097 ], [ 41.795, 10.98 ], [ 41.834, 11.732 ], [ 42.404, 12.469 ], [ 42.701, 12.353 ], [ 43.136, 12.711 ] ] ] } },
{ "type": "Feature", "properties": { }, "geometry": { "type": "Polygon", "coordinates": [ [ [ 43.358, -11.366 ], [ 43.518, -11.89 ], [ 43.471, -11.938 ], [ 43.229, -11.737 ], [ 43.358, -11.366 ] ] ] } },
{ "type": "Feature", "properties": { }, "geometry": { "type": "Polygon", "coordinates": [ [ [ 72.446, -7.239 ], [ 72.493, -7.291 ], [ 72.493, -7.381 ], [ 72.44, -7.44 ], [ 72.434, -7.443 ], [ 72.428, -7.444 ], [ 72.446, -7.239 ] ] ] } },
{ "type": "Feature", "properties": { }, "geometry": { "type": "Polygon", "coordinates": [ [ [ 39.749, -21.466 ], [ 39.745, -21.462 ], [ 39.751, -21.46 ], [ 39.752, -21.465 ], [ 39.749, -21.466 ] ] ] } },
{ "type": "Feature", "properties": { }, "geometry": { "type": "Polygon", "coordinates": [ [ [ 30.431, -2.328 ], [ 30.543, -2.413 ], [ 30.406, -2.861 ], [ 30.846, -2.979 ], [ 30.835, -3.258 ], [ 30.446, -3.567 ], [ 30.042, -4.276 ], [ 29.758, -4.469 ], [ 29.423, -4.448 ], [ 29.232, -3.885 ], [ 29.259, -3.072 ], [ 29.002, -2.81 ], [ 29.053, -2.619 ], [ 29.325, -2.652 ], [ 29.37, -2.84 ], [ 29.724, -2.818 ], [ 29.918, -2.702 ], [ 29.959, -2.327 ], [ 30.132, -2.438 ], [ 30.431, -2.328 ] ] ] } },
{ "type": "Feature", "properties": { }, "geometry": { "type": "Polygon", "coordinates": [ [ [ 11.7, 2.322 ], [ 13.252, 2.273 ], [ 13.156, 1.234 ], [ 13.81, 1.438 ], [ 14.279, 1.341 ], [ 14.489, 0.825 ], [ 13.942, 0.316 ], [ 13.887, -0.188 ], [ 14.483, -0.589 ], [ 14.502, -1.425 ], [ 14.083, -2.482 ], [ 13.872, -2.436 ], [ 13.758, -2.113 ], [ 13.503, -2.431 ], [ 13.041, -2.334 ], [ 12.733, -1.865 ], [ 12.445, -1.87 ], [ 12.503, -2.422 ], [ 11.997, -2.34 ], [ 11.771, -2.457 ], [ 11.609, -2.323 ], [ 11.617, -2.79 ], [ 12.067, -2.969 ], [ 11.935, -3.188 ], [ 12.045, -3.353 ], [ 11.876, -3.75 ], [ 11.537, -3.514 ], [ 11.345, -3.604 ], [ 11.201, -3.992 ], [ 9.626, -2.405 ], [ 9.565, -2.218 ], [ 9.402, -2.047 ], [ 9.289, -1.914 ], [ 9.27, -1.877 ], [ 9.311, -1.921 ], [ 9.362, -1.923 ], [ 9.345, -1.941 ], [ 9.357, -1.957 ], [ 9.362, -1.959 ], [ 9.385, -1.916 ], [ 9.391, -1.945 ], [ 9.381, -1.947 ], [ 9.388, -1.959 ], [ 9.383, -1.962 ], [ 9.383, -1.966 ], [ 9.385, -1.971 ], [ 9.464, -1.934 ], [ 9.547, -2.097 ], [ 9.502, -1.9 ], [ 9.267, -1.873 ], [ 9.227, -1.625 ], [ 9.021, -1.352 ], [ 8.994, -1.221 ], [ 8.988, -1.235 ], [ 8.971, -1.173 ], [ 8.85, -1.007 ], [ 8.844, -0.994 ], [ 8.843, -0.983 ], [ 8.886, -1.047 ], [ 8.933, -1.067 ], [ 8.939, -0.998 ], [ 9.034, -1.056 ], [ 9.061, -1.057 ], [ 9.072, -1.037 ], [ 8.974, -0.943 ], [ 8.885, -1.022 ], [ 8.7, -0.644 ], [ 8.975, -0.943 ], [ 8.895, -0.725 ], [ 8.981, -0.847 ], [ 9.012, -0.639 ], [ 9.155, -0.764 ], [ 9.352, 0.352 ], [ 9.466, 0.027 ], [ 9.515, 0.17 ], [ 9.85, -0.001 ], [ 9.757, 0.125 ], [ 9.875, 0.176 ], [ 9.306, 0.518 ], [ 9.441, 0.64 ], [ 9.416, 0.457 ], [ 9.46, 0.584 ], [ 9.519, 0.413 ], [ 9.644, 0.379 ], [ 9.722, 0.427 ], [ 9.551, 0.937 ], [ 9.662, 1.06 ], [ 9.956, 0.921 ], [ 11.335, 0.999 ], [ 11.365, 2.288 ], [ 11.7, 2.322 ] ] ] } },
{ "type": "Feature", "properties": { }, "geometry": { "type": "MultiPolygon", "coordinates": [ [ [ [ 9.829, 2.339 ], [ 10.041, 2.162 ], [ 11.335, 2.174 ], [ 11.335, 0.999 ], [ 9.956, 0.921 ], [ 9.386, 1.108 ], [ 9.81, 1.912 ], [ 9.829, 2.339 ] ] ], [ [ [ 8.715, 3.788 ], [ 8.929, 3.63 ], [ 8.679, 3.21 ], [ 8.454, 3.269 ], [ 8.715, 3.788 ] ] ] ] } },
{ "type": "Feature", "properties": { }, "geometry": { "type": "Polygon", "coordinates": [ [ [ 24.0, 19.5 ], [ 24.0, 15.711 ], [ 23.124, 15.72 ], [ 22.927, 15.554 ], [ 22.939, 15.106 ], [ 22.673, 14.866 ], [ 22.716, 14.696 ], [ 22.411, 14.601 ], [ 22.381, 14.513 ], [ 22.535, 14.11 ], [ 22.072, 13.779 ], [ 22.29, 13.354 ], [ 21.815, 12.812 ], [ 21.947, 12.624 ], [ 22.194, 12.756 ], [ 22.459, 12.633 ], [ 22.478, 12.032 ], [ 22.64, 12.07 ], [ 22.562, 11.631 ], [ 22.982, 11.297 ], [ 22.876, 10.931 ], [ 22.509, 11.007 ], [ 21.833, 10.839 ], [ 21.673, 10.234 ], [ 20.434, 9.154 ], [ 18.993, 8.979 ], [ 18.862, 8.853 ], [ 19.122, 8.671 ], [ 18.613, 8.05 ], [ 17.672, 7.983 ], [ 16.844, 7.53 ], [ 16.596, 7.88 ], [ 15.975, 7.483 ], [ 15.507, 7.527 ], [ 15.597, 7.767 ], [ 15.208, 8.611 ], [ 14.51, 9.032 ], [ 14.019, 9.671 ], [ 14.236, 9.997 ], [ 15.68, 10.001 ], [ 15.146, 10.538 ], [ 15.025, 11.134 ], [ 15.119, 11.794 ], [ 14.832, 12.629 ], [ 14.555, 12.781 ], [ 14.46, 13.075 ], [ 14.068, 13.097 ], [ 13.638, 13.701 ], [ 13.473, 14.443 ], [ 13.696, 14.551 ], [ 14.385, 15.732 ], [ 15.506, 16.898 ], [ 15.725, 19.764 ], [ 15.996, 20.348 ], [ 15.198, 21.491 ], [ 14.998, 22.997 ], [ 16.0, 23.439 ], [ 24.0, 19.5 ] ] ] } },
{ "type": "Feature", "properties": { }, "geometry": { "type": "Polygon", "coordinates": [ [ [ 6.664, 0.412 ], [ 6.745, 0.232 ], [ 6.516, 0.019 ], [ 6.467, 0.263 ], [ 6.664, 0.412 ] ] ] } },
{ "type": "Feature", "properties": { }, "geometry": { "type": "Polygon", "coordinates": [ [ [ 17.606, 3.641 ], [ 18.189, 3.481 ], [ 18.491, 3.652 ], [ 18.647, 3.242 ], [ 18.095, 2.272 ], [ 18.07, 1.524 ], [ 17.842, 0.971 ], [ 17.963, 0.387 ], [ 17.674, -0.178 ], [ 17.704, -0.58 ], [ 17.355, -0.984 ], [ 16.841, -1.26 ], [ 16.559, -1.837 ], [ 16.188, -2.186 ], [ 16.216, -3.309 ], [ 15.906, -3.928 ], [ 15.553, -4.039 ], [ 14.66, -4.921 ], [ 14.401, -4.864 ], [ 14.398, -4.278 ], [ 13.949, -4.515 ], [ 13.732, -4.445 ], [ 13.699, -4.745 ], [ 13.408, -4.873 ], [ 12.721, -4.399 ], [ 12.768, -4.506 ], [ 12.393, -4.609 ], [ 11.989, -4.999 ], [ 11.8, -4.566 ], [ 11.201, -3.992 ], [ 11.345, -3.604 ], [ 11.537, -3.514 ], [ 11.876, -3.75 ], [ 12.045, -3.353 ], [ 11.935, -3.188 ], [ 12.067, -2.969 ], [ 11.617, -2.79 ], [ 11.609, -2.323 ], [ 11.771, -2.457 ], [ 11.997, -2.34 ], [ 12.503, -2.422 ], [ 12.445, -1.87 ], [ 12.733, -1.865 ], [ 13.041, -2.334 ], [ 13.503, -2.431 ], [ 13.758, -2.113 ], [ 13.872, -2.436 ], [ 14.083, -2.482 ], [ 14.485, -1.534 ], [ 14.483, -0.589 ], [ 13.886, -0.172 ], [ 13.896, 0.235 ], [ 14.107, 0.55 ], [ 14.385, 0.637 ], [ 14.498, 0.929 ], [ 14.279, 1.341 ], [ 14.012, 1.438 ], [ 13.156, 1.234 ], [ 13.299, 2.171 ], [ 14.583, 2.212 ], [ 14.923, 1.998 ], [ 15.75, 1.916 ], [ 16.065, 1.653 ], [ 16.086, 2.192 ], [ 16.52, 2.842 ], [ 16.605, 3.49 ], [ 17.606, 3.641 ] ] ] } },
{ "type": "Feature", "properties": { }, "geometry": { "type": "Polygon", "coordinates": [ [ [ 25.542, 5.384 ], [ 26.481, 5.05 ], [ 27.147, 5.203 ], [ 27.671, 4.883 ], [ 27.784, 4.598 ], [ 28.38, 4.276 ], [ 28.778, 4.559 ], [ 29.217, 4.338 ], [ 29.499, 4.69 ], [ 29.816, 4.564 ], [ 29.8, 4.367 ], [ 30.207, 3.953 ], [ 30.553, 3.863 ], [ 30.561, 3.596 ], [ 30.776, 3.674 ], [ 30.926, 3.511 ], [ 30.73, 2.448 ], [ 31.197, 2.306 ], [ 31.312, 2.117 ], [ 29.989, 0.846 ], [ 29.719, 0.071 ], [ 29.645, -1.259 ], [ 29.149, -1.807 ], [ 29.159, -2.157 ], [ 28.862, -2.436 ], [ 29.259, -3.072 ], [ 29.232, -3.885 ], [ 29.43, -4.501 ], [ 29.348, -4.93 ], [ 29.632, -5.722 ], [ 29.55, -6.295 ], [ 30.315, -7.144 ], [ 30.771, -8.192 ], [ 29.002, -8.459 ], [ 28.864, -8.842 ], [ 28.384, -9.259 ], [ 28.697, -9.806 ], [ 28.577, -10.231 ], [ 28.697, -10.663 ], [ 28.394, -11.475 ], [ 28.439, -11.831 ], [ 29.059, -12.389 ], [ 29.499, -12.47 ], [ 29.489, -12.239 ], [ 29.807, -12.156 ], [ 29.809, -13.455 ], [ 29.611, -13.409 ], [ 29.589, -13.214 ], [ 29.004, -13.416 ], [ 28.442, -12.516 ], [ 27.918, -12.24 ], [ 27.631, -12.275 ], [ 27.206, -11.568 ], [ 27.028, -11.611 ], [ 26.884, -11.985 ], [ 25.99, -11.941 ], [ 25.337, -11.627 ], [ 25.352, -11.196 ], [ 24.445, -11.476 ], [ 24.289, -11.389 ], [ 24.383, -11.092 ], [ 24.01, -10.885 ], [ 23.084, -11.124 ], [ 22.562, -11.031 ], [ 22.251, -11.269 ], [ 22.167, -10.865 ], [ 22.329, -10.755 ], [ 22.328, -10.388 ], [ 22.188, -9.927 ], [ 21.791, -9.417 ], [ 21.953, -8.505 ], [ 21.751, -7.941 ], [ 21.79, -7.282 ], [ 20.556, -7.282 ], [ 20.628, -6.916 ], [ 19.548, -7.0 ], [ 19.382, -7.999 ], [ 18.53, -7.916 ], [ 17.572, -8.127 ], [ 16.94, -7.234 ], [ 16.572, -5.871 ], [ 12.91, -5.835 ], [ 12.406, -6.026 ], [ 12.195, -5.764 ], [ 12.537, -5.738 ], [ 12.463, -5.081 ], [ 13.118, -4.582 ], [ 13.408, -4.873 ], [ 13.699, -4.745 ], [ 13.732, -4.445 ], [ 13.949, -4.515 ], [ 14.402, -4.278 ], [ 14.401, -4.864 ], [ 14.66, -4.921 ], [ 15.553, -4.039 ], [ 15.906, -3.928 ], [ 16.216, -3.309 ], [ 16.188, -2.186 ], [ 16.559, -1.837 ], [ 16.841, -1.26 ], [ 17.355, -0.984 ], [ 17.704, -0.58 ], [ 17.674, -0.178 ], [ 17.963, 0.387 ], [ 17.842, 0.971 ], [ 18.07, 1.524 ], [ 18.095, 2.272 ], [ 18.647, 3.242 ], [ 18.544, 4.323 ], [ 18.772, 4.414 ], [ 19.094, 4.924 ], [ 19.688, 5.143 ], [ 20.352, 4.755 ], [ 20.585, 4.414 ], [ 22.371, 4.116 ], [ 22.907, 4.821 ], [ 23.417, 4.593 ], [ 24.27, 4.937 ], [ 24.375, 5.114 ], [ 24.722, 4.895 ], [ 25.062, 4.926 ], [ 25.542, 5.384 ] ] ] } },
{ "type": "Feature", "properties": { }, "geometry": { "type": "Polygon", "coordinates": [ [ [ 14.173, 13.077 ], [ 14.46, 13.075 ], [ 14.555, 12.781 ], [ 14.832, 12.629 ], [ 15.119, 11.794 ], [ 15.025, 11.134 ], [ 15.146, 10.538 ], [ 15.684, 9.985 ], [ 14.236, 9.997 ], [ 14.025, 9.706 ], [ 14.51, 9.032 ], [ 15.208, 8.611 ], [ 15.597, 7.767 ], [ 14.751, 6.261 ], [ 14.426, 6.085 ], [ 14.623, 5.886 ], [ 14.528, 5.278 ], [ 14.676, 5.179 ], [ 14.732, 4.609 ], [ 15.093, 4.292 ], [ 15.183, 4.054 ], [ 15.058, 3.997 ], [ 16.073, 2.903 ], [ 16.149, 1.689 ], [ 14.583, 2.212 ], [ 11.695, 2.323 ], [ 11.376, 2.299 ], [ 11.357, 2.174 ], [ 9.908, 2.192 ], [ 9.818, 2.51 ], [ 9.975, 3.085 ], [ 9.629, 3.561 ], [ 9.642, 4.038 ], [ 9.47, 4.08 ], [ 9.409, 3.885 ], [ 8.977, 4.096 ], [ 8.944, 4.541 ], [ 8.796, 4.796 ], [ 8.789, 4.537 ], [ 8.678, 4.652 ], [ 8.7, 4.663 ], [ 8.711, 4.677 ], [ 8.765, 4.829 ], [ 8.632, 4.706 ], [ 8.725, 4.508 ], [ 8.558, 4.488 ], [ 8.922, 5.564 ], [ 8.841, 5.825 ], [ 10.153, 7.039 ], [ 10.217, 6.885 ], [ 10.495, 6.872 ], [ 10.571, 7.163 ], [ 11.098, 6.52 ], [ 11.35, 6.5 ], [ 11.631, 6.989 ], [ 11.867, 7.076 ], [ 12.26, 8.442 ], [ 12.784, 8.746 ], [ 12.848, 9.372 ], [ 13.225, 9.579 ], [ 13.247, 10.035 ], [ 13.499, 10.205 ], [ 13.735, 11.006 ], [ 13.985, 11.31 ], [ 14.193, 11.243 ], [ 14.645, 11.578 ], [ 14.548, 11.725 ], [ 14.676, 12.173 ], [ 14.173, 12.411 ], [ 14.173, 13.077 ] ] ] } },
{ "type": "Feature", "properties": { }, "geometry": { "type": "Polygon", "coordinates": [ [ [ 22.876, 10.931 ], [ 23.672, 9.9 ], [ 23.66, 9.29 ], [ 23.462, 9.083 ], [ 23.509, 8.95 ], [ 23.582, 9.029 ], [ 23.518, 8.704 ], [ 24.253, 8.699 ], [ 24.203, 8.305 ], [ 24.859, 8.175 ], [ 25.219, 7.882 ], [ 25.202, 7.493 ], [ 26.412, 6.654 ], [ 26.285, 6.459 ], [ 26.533, 6.234 ], [ 26.451, 6.071 ], [ 27.159, 5.769 ], [ 27.249, 5.328 ], [ 27.455, 5.073 ], [ 27.451, 5.025 ], [ 27.094, 5.209 ], [ 26.865, 5.041 ], [ 26.481, 5.05 ], [ 25.532, 5.392 ], [ 25.356, 5.309 ], [ 25.327, 5.043 ], [ 25.062, 4.926 ], [ 24.722, 4.895 ], [ 24.375, 5.114 ], [ 24.27, 4.937 ], [ 23.417, 4.593 ], [ 22.907, 4.821 ], [ 22.371, 4.116 ], [ 20.585, 4.414 ], [ 19.83, 5.093 ], [ 19.43, 5.13 ], [ 18.553, 4.342 ], [ 18.625, 3.472 ], [ 18.487, 3.653 ], [ 18.189, 3.481 ], [ 17.474, 3.703 ], [ 16.663, 3.538 ], [ 16.192, 2.221 ], [ 16.036, 2.974 ], [ 15.058, 3.997 ], [ 15.183, 4.054 ], [ 15.093, 4.292 ], [ 14.732, 4.609 ], [ 14.676, 5.179 ], [ 14.528, 5.278 ], [ 14.623, 5.886 ], [ 14.426, 6.085 ], [ 14.751, 6.261 ], [ 15.225, 7.24 ], [ 15.507, 7.527 ], [ 15.975, 7.483 ], [ 16.596, 7.88 ], [ 16.844, 7.53 ], [ 17.672, 7.983 ], [ 18.618, 8.052 ], [ 19.122, 8.671 ], [ 18.862, 8.853 ], [ 18.993, 8.979 ], [ 20.434, 9.154 ], [ 21.673, 10.234 ], [ 21.833, 10.839 ], [ 22.509, 11.007 ], [ 22.876, 10.931 ] ] ] } },
{ "type": "Feature", "properties": { }, "geometry": { "type": "MultiPolygon", "coordinates": [ [ [ [ 13.997, -5.849 ], [ 16.583, -5.877 ], [ 16.94, -7.234 ], [ 17.572, -8.127 ], [ 18.53, -7.916 ], [ 19.382, -7.999 ], [ 19.548, -7.0 ], [ 20.628, -6.916 ], [ 20.556, -7.282 ], [ 21.79, -7.282 ], [ 21.751, -7.941 ], [ 21.953, -8.505 ], [ 21.791, -9.417 ], [ 22.188, -9.927 ], [ 22.328, -10.388 ], [ 22.329, -10.755 ], [ 22.167, -10.865 ], [ 22.251, -11.269 ], [ 22.562, -11.031 ], [ 23.084, -11.124 ], [ 23.436, -10.938 ], [ 24.022, -10.949 ], [ 24.077, -12.382 ], [ 23.893, -12.842 ], [ 24.046, -12.999 ], [ 22.004, -12.999 ], [ 21.999, -16.206 ], [ 22.122, -16.491 ], [ 23.43, -17.634 ], [ 20.826, -18.039 ], [ 20.325, -17.862 ], [ 18.9, -17.818 ], [ 18.421, -17.388 ], [ 13.955, -17.433 ], [ 13.462, -17.01 ], [ 13.169, -16.963 ], [ 12.564, -17.243 ], [ 12.08, -17.142 ], [ 11.751, -17.252 ], [ 11.733, -15.878 ], [ 12.153, -15.185 ], [ 12.532, -13.419 ], [ 12.978, -12.983 ], [ 12.941, -12.834 ], [ 13.652, -12.245 ], [ 13.866, -11.022 ], [ 12.993, -9.09 ], [ 13.395, -8.75 ], [ 13.392, -8.387 ], [ 12.829, -6.994 ], [ 12.562, -6.662 ], [ 12.28, -6.155 ], [ 12.273, -6.138 ], [ 12.275, -6.113 ], [ 12.403, -6.207 ], [ 13.004, -5.898 ], [ 13.997, -5.849 ] ] ], [ [ [ 12.796, -4.414 ], [ 13.102, -4.685 ], [ 12.463, -5.081 ], [ 12.537, -5.738 ], [ 12.195, -5.764 ], [ 12.225, -5.477 ], [ 11.989, -4.999 ], [ 12.796, -4.414 ] ] ] ] } },
{ "type": "Feature", "properties": { }, "geometry": { "type": "Polygon", "coordinates": [ [ [ -5.401, 35.922 ], [ -5.24, 35.549 ], [ -4.754, 35.226 ], [ -3.335, 35.186 ], [ -2.964, 35.439 ], [ -2.881, 35.131 ], [ -2.296, 35.115 ], [ -1.746, 34.755 ], [ -1.847, 34.625 ], [ -1.691, 34.5 ], [ -1.669, 33.282 ], [ -1.381, 32.742 ], [ -0.999, 32.519 ], [ -1.249, 32.324 ], [ -1.3, 32.166 ], [ -1.153, 32.111 ], [ -2.903, 32.119 ], [ -2.822, 31.801 ], [ -3.666, 31.634 ], [ -3.786, 31.233 ], [ -3.54, 31.038 ], [ -3.637, 30.699 ], [ -4.323, 30.528 ], [ -5.277, 29.902 ], [ -5.567, 29.486 ], [ -5.804, 29.614 ], [ -7.614, 29.367 ], [ -8.667, 28.714 ], [ -8.667, 27.662 ], [ -13.173, 27.667 ], [ -12.917, 27.954 ], [ -11.503, 28.312 ], [ -10.216, 29.311 ], [ -9.653, 30.127 ], [ -9.604, 30.411 ], [ -9.89, 30.631 ], [ -9.843, 31.391 ], [ -9.261, 32.175 ], [ -9.285, 32.542 ], [ -8.526, 33.259 ], [ -6.824, 34.027 ], [ -6.251, 34.837 ], [ -5.93, 35.788 ], [ -5.401, 35.922 ] ] ] } },
{ "type": "Feature", "properties": { }, "geometry": { "type": "Polygon", "coordinates": [ [ [ 35.642, 23.098 ], [ 35.919, 22.693 ], [ 36.232, 22.632 ], [ 36.882, 22.005 ], [ 34.087, 22.003 ], [ 34.161, 22.207 ], [ 34.692, 22.298 ], [ 34.951, 22.858 ], [ 35.212, 22.787 ], [ 35.642, 23.098 ] ] ] } },
{ "type": "Feature", "properties": { }, "geometry": { "type": "Polygon", "coordinates": [ [ [ 11.567, 33.163 ], [ 12.331, 32.828 ], [ 13.376, 32.899 ], [ 15.226, 32.374 ], [ 15.74, 31.398 ], [ 17.857, 30.924 ], [ 19.055, 30.267 ], [ 19.625, 30.42 ], [ 20.127, 30.979 ], [ 19.921, 31.76 ], [ 20.03, 32.116 ], [ 20.574, 32.545 ], [ 21.628, 32.926 ], [ 22.145, 32.938 ], [ 23.105, 32.635 ], [ 23.095, 32.309 ], [ 23.316, 32.153 ], [ 25.036, 31.936 ], [ 25.027, 31.855 ], [ 25.13, 31.721 ], [ 25.148, 31.652 ], [ 24.859, 31.396 ], [ 25.016, 30.765 ], [ 24.698, 30.149 ], [ 24.999, 29.25 ], [ 25.0, 19.998 ], [ 24.0, 19.998 ], [ 24.0, 19.5 ], [ 16.0, 23.439 ], [ 14.189, 22.644 ], [ 13.481, 23.186 ], [ 11.999, 23.513 ], [ 11.61, 24.26 ], [ 11.426, 24.198 ], [ 11.008, 24.472 ], [ 10.252, 24.606 ], [ 10.054, 24.838 ], [ 10.026, 25.335 ], [ 9.397, 26.202 ], [ 9.918, 26.649 ], [ 9.781, 27.35 ], [ 9.963, 27.866 ], [ 9.783, 29.427 ], [ 9.39, 30.166 ], [ 9.889, 30.349 ], [ 10.226, 30.732 ], [ 10.288, 31.083 ], [ 10.138, 31.486 ], [ 10.291, 31.69 ], [ 11.527, 32.403 ], [ 11.567, 33.163 ] ] ] } },
{ "type": "Feature", "properties": { }, "geometry": { "type": "Polygon", "coordinates": [ [ [ 33.183, 22.002 ], [ 34.087, 22.003 ], [ 34.087, 22.003 ], [ 34.005, 21.772 ], [ 33.564, 21.725 ], [ 33.183, 22.002 ] ] ] } },
{ "type": "Feature", "properties": { }, "geometry": { "type": "Polygon", "coordinates": [ [ [ 31.412, 22.008 ], [ 33.183, 22.002 ], [ 33.564, 21.725 ], [ 34.005, 21.772 ], [ 34.087, 22.003 ], [ 36.882, 22.005 ], [ 36.978, 21.4 ], [ 37.319, 21.066 ], [ 37.255, 20.992 ], [ 37.237, 21.135 ], [ 37.143, 21.227 ], [ 37.103, 21.203 ], [ 37.413, 18.874 ], [ 38.583, 18.016 ], [ 38.26, 17.559 ], [ 37.515, 17.337 ], [ 37.395, 17.047 ], [ 37.002, 17.068 ], [ 36.963, 16.286 ], [ 36.439, 15.157 ], [ 36.56, 14.258 ], [ 36.155, 12.681 ], [ 35.689, 12.66 ], [ 35.055, 11.734 ], [ 34.972, 10.901 ], [ 34.787, 10.706 ], [ 34.602, 10.904 ], [ 34.301, 10.591 ], [ 34.347, 10.17 ], [ 34.113, 9.499 ], [ 33.888, 9.546 ], [ 33.966, 10.154 ], [ 33.483, 10.658 ], [ 33.219, 10.735 ], [ 33.135, 11.626 ], [ 33.296, 12.216 ], [ 32.737, 12.238 ], [ 32.741, 11.947 ], [ 32.107, 11.945 ], [ 32.385, 11.697 ], [ 32.471, 11.043 ], [ 31.289, 9.762 ], [ 30.827, 9.719 ], [ 29.942, 10.288 ], [ 29.539, 10.082 ], [ 29.538, 9.75 ], [ 28.977, 9.641 ], [ 28.975, 10.118 ], [ 27.815, 10.143 ], [ 27.907, 9.61 ], [ 26.704, 9.488 ], [ 26.348, 9.594 ], [ 25.813, 10.44 ], [ 25.098, 10.313 ], [ 25.033, 10.034 ], [ 24.72, 9.744 ], [ 24.527, 8.845 ], [ 24.223, 8.642 ], [ 23.527, 8.698 ], [ 23.582, 9.029 ], [ 23.509, 8.95 ], [ 23.462, 9.083 ], [ 23.66, 9.29 ], [ 23.672, 9.9 ], [ 22.879, 10.911 ], [ 22.982, 11.297 ], [ 22.562, 11.631 ], [ 22.64, 12.07 ], [ 22.478, 12.032 ], [ 22.459, 12.633 ], [ 22.194, 12.756 ], [ 21.947, 12.624 ], [ 21.815, 12.812 ], [ 22.29, 13.354 ], [ 22.072, 13.779 ], [ 22.535, 14.11 ], [ 22.381, 14.513 ], [ 22.716, 14.696 ], [ 22.673, 14.866 ], [ 22.939, 15.106 ], [ 22.927, 15.554 ], [ 23.124, 15.72 ], [ 24.0, 15.711 ], [ 24.0, 19.998 ], [ 25.0, 19.998 ], [ 25.0, 22.0 ], [ 31.316, 22.0 ], [ 31.475, 22.225 ], [ 31.412, 22.008 ] ] ] } },
{ "type": "Feature", "properties": { }, "geometry": { "type": "Polygon", "coordinates": [ [ [ 9.745, 37.347 ], [ 9.891, 37.279 ], [ 9.777, 37.239 ], [ 9.815, 37.141 ], [ 9.89, 37.275 ], [ 10.279, 37.182 ], [ 10.135, 37.141 ], [ 10.355, 36.869 ], [ 10.191, 36.798 ], [ 10.379, 36.719 ], [ 10.908, 37.05 ], [ 11.075, 37.052 ], [ 11.121, 36.839 ], [ 10.809, 36.457 ], [ 10.543, 36.376 ], [ 10.455, 36.006 ], [ 11.049, 35.627 ], [ 11.167, 35.231 ], [ 10.732, 34.653 ], [ 10.02, 34.119 ], [ 10.443, 33.623 ], [ 10.725, 33.707 ], [ 10.681, 33.533 ], [ 10.784, 33.472 ], [ 10.999, 33.65 ], [ 11.092, 33.359 ], [ 11.296, 33.279 ], [ 11.13, 33.316 ], [ 11.175, 33.208 ], [ 11.564, 33.165 ], [ 11.489, 32.668 ], [ 11.598, 32.524 ], [ 10.291, 31.69 ], [ 10.138, 31.486 ], [ 10.278, 30.825 ], [ 9.947, 30.394 ], [ 9.576, 30.241 ], [ 9.075, 32.086 ], [ 8.357, 32.501 ], [ 8.323, 32.822 ], [ 8.144, 33.083 ], [ 7.809, 33.207 ], [ 7.522, 33.905 ], [ 7.856, 34.405 ], [ 8.28, 34.652 ], [ 8.246, 34.919 ], [ 8.477, 35.239 ], [ 8.312, 35.314 ], [ 8.259, 35.762 ], [ 8.41, 36.411 ], [ 8.154, 36.496 ], [ 8.669, 36.817 ], [ 8.651, 36.947 ], [ 9.745, 37.347 ] ] ] } },
{ "type": "Feature", "properties": { }, "geometry": { "type": "Polygon", "coordinates": [ [ [ -11.562, 27.666 ], [ -8.667, 27.662 ], [ -8.674, 25.998 ], [ -12.004, 25.999 ], [ -12.0, 23.467 ], [ -12.571, 23.291 ], [ -13.114, 22.883 ], [ -13.002, 21.331 ], [ -16.919, 21.33 ], [ -17.051, 20.772 ], [ -16.811, 22.151 ], [ -16.493, 22.326 ], [ -15.708, 23.829 ], [ -15.769, 23.918 ], [ -16.0, 23.632 ], [ -15.903, 23.82 ], [ -14.883, 24.701 ], [ -14.827, 25.297 ], [ -14.431, 26.236 ], [ -13.574, 26.731 ], [ -13.173, 27.667 ], [ -11.562, 27.666 ] ] ] } },
{ "type": "Feature", "properties": { }, "geometry": { "type": "Polygon", "coordinates": [ [ [ 25.146, 31.64 ], [ 25.289, 31.506 ], [ 25.907, 31.628 ], [ 27.34, 31.373 ], [ 27.446, 31.216 ], [ 27.859, 31.246 ], [ 27.93, 31.097 ], [ 28.433, 31.088 ], [ 29.044, 30.819 ], [ 30.231, 31.288 ], [ 30.362, 31.465 ], [ 31.046, 31.599 ], [ 31.567, 31.443 ], [ 31.941, 31.516 ], [ 32.597, 31.059 ], [ 32.923, 31.147 ], [ 32.714, 31.028 ], [ 34.219, 31.323 ], [ 34.905, 29.493 ], [ 34.258, 27.728 ], [ 33.242, 28.555 ], [ 33.181, 29.0 ], [ 32.718, 29.447 ], [ 32.559, 29.959 ], [ 32.343, 29.592 ], [ 32.592, 29.346 ], [ 32.866, 28.573 ], [ 33.585, 27.845 ], [ 33.493, 27.647 ], [ 33.849, 27.248 ], [ 33.936, 26.668 ], [ 35.137, 24.513 ], [ 35.793, 23.907 ], [ 35.473, 23.931 ], [ 35.622, 23.146 ], [ 35.212, 22.787 ], [ 34.951, 22.858 ], [ 34.692, 22.298 ], [ 34.161, 22.207 ], [ 34.087, 22.003 ], [ 31.414, 22.0 ], [ 31.475, 22.225 ], [ 31.316, 22.0 ], [ 25.0, 22.0 ], [ 24.999, 29.25 ], [ 24.698, 30.149 ], [ 25.018, 30.778 ], [ 24.861, 31.406 ], [ 25.146, 31.64 ] ] ] } },
{ "type": "Feature", "properties": { }, "geometry": { "type": "Polygon", "coordinates": [ [ [ 7.214, 37.088 ], [ 7.793, 36.969 ], [ 7.838, 36.844 ], [ 8.228, 36.952 ], [ 8.681, 36.838 ], [ 8.154, 36.496 ], [ 8.41, 36.411 ], [ 8.259, 35.762 ], [ 8.312, 35.314 ], [ 8.477, 35.239 ], [ 8.246, 34.919 ], [ 8.321, 34.732 ], [ 7.528, 34.063 ], [ 7.525, 33.796 ], [ 7.809, 33.207 ], [ 8.144, 33.083 ], [ 8.323, 32.822 ], [ 8.357, 32.501 ], [ 9.075, 32.086 ], [ 9.552, 30.246 ], [ 9.419, 30.042 ], [ 9.783, 29.427 ], [ 9.963, 27.866 ], [ 9.781, 27.275 ], [ 9.918, 26.649 ], [ 9.397, 26.202 ], [ 10.026, 25.335 ], [ 10.054, 24.838 ], [ 10.252, 24.606 ], [ 11.008, 24.472 ], [ 11.426, 24.198 ], [ 11.61, 24.26 ], [ 11.999, 23.513 ], [ 7.459, 20.841 ], [ 5.813, 19.441 ], [ 3.358, 18.963 ], [ 3.116, 19.143 ], [ 3.255, 19.832 ], [ 2.675, 20.083 ], [ 2.379, 20.021 ], [ 2.21, 20.312 ], [ 1.8, 20.29 ], [ 1.602, 20.593 ], [ 1.168, 20.731 ], [ 1.156, 21.124 ], [ -8.667, 27.313 ], [ -8.667, 28.714 ], [ -7.151, 29.52 ], [ -5.804, 29.614 ], [ -5.567, 29.486 ], [ -5.277, 29.902 ], [ -4.323, 30.528 ], [ -3.637, 30.699 ], [ -3.54, 31.038 ], [ -3.786, 31.233 ], [ -3.666, 31.634 ], [ -2.822, 31.801 ], [ -2.903, 32.119 ], [ -1.153, 32.111 ], [ -1.3, 32.166 ], [ -1.249, 32.324 ], [ -0.999, 32.519 ], [ -1.381, 32.742 ], [ -1.669, 33.282 ], [ -1.691, 34.5 ], [ -1.847, 34.625 ], [ -1.745, 34.753 ], [ -2.21, 35.085 ], [ -1.379, 35.307 ], [ -0.824, 35.771 ], [ -0.634, 35.71 ], [ -0.385, 35.909 ], [ -0.096, 35.792 ], [ 0.342, 36.193 ], [ 1.343, 36.551 ], [ 2.555, 36.592 ], [ 2.895, 36.805 ], [ 3.489, 36.768 ], [ 3.896, 36.923 ], [ 4.787, 36.892 ], [ 5.369, 36.644 ], [ 6.123, 36.856 ], [ 6.365, 37.076 ], [ 6.931, 36.88 ], [ 7.195, 36.938 ], [ 7.214, 37.088 ] ] ] } },
{ "type": "Feature", "properties": { }, "geometry": { "type": "Polygon", "coordinates": [ [ [ 28.977, 9.641 ], [ 28.769, 9.348 ], [ 28.039, 9.343 ], [ 27.815, 10.143 ], [ 28.975, 10.118 ], [ 28.977, 9.641 ] ] ] } },
{ "type": "Feature", "properties": { }, "geometry": { "type": "Polygon", "coordinates": [ [ [ 13.171, -16.964 ], [ 13.462, -17.01 ], [ 13.955, -17.433 ], [ 18.421, -17.388 ], [ 18.9, -17.818 ], [ 20.325, -17.862 ], [ 20.802, -18.037 ], [ 24.249, -17.473 ], [ 24.978, -17.554 ], [ 25.263, -17.791 ], [ 24.961, -17.788 ], [ 24.577, -18.073 ], [ 24.369, -17.948 ], [ 23.633, -18.49 ], [ 23.293, -18.0 ], [ 21.0, -18.318 ], [ 20.999, -22.0 ], [ 19.999, -22.0 ], [ 20.0, -28.428 ], [ 19.566, -28.527 ], [ 19.264, -28.751 ], [ 19.287, -28.907 ], [ 18.192, -28.917 ], [ 17.418, -28.722 ], [ 17.382, -28.295 ], [ 17.079, -28.033 ], [ 16.456, -28.635 ], [ 15.717, -27.999 ], [ 15.294, -27.322 ], [ 14.829, -25.75 ], [ 14.875, -25.079 ], [ 14.455, -24.041 ], [ 14.509, -22.553 ], [ 11.804, -17.973 ], [ 11.751, -17.252 ], [ 12.08, -17.142 ], [ 12.564, -17.243 ], [ 13.171, -16.964 ] ] ] } },
{ "type": "Feature", "properties": { }, "geometry": { "type": "Polygon", "coordinates": [ [ [ 31.982, -25.952 ], [ 32.137, -26.642 ], [ 31.975, -27.317 ], [ 31.158, -27.2 ], [ 30.812, -26.826 ], [ 30.794, -26.59 ], [ 31.134, -25.92 ], [ 31.425, -25.72 ], [ 31.982, -25.952 ] ] ] } },
{ "type": "Feature", "properties": { }, "geometry": { "type": "Polygon", "coordinates": [ [ [ 28.69, -28.59 ], [ 29.341, -29.096 ], [ 29.446, -29.399 ], [ 29.15, -29.719 ], [ 29.166, -29.93 ], [ 28.243, -30.264 ], [ 28.118, -30.669 ], [ 27.75, -30.595 ], [ 27.395, -30.33 ], [ 27.416, -30.151 ], [ 27.029, -29.617 ], [ 27.37, -29.476 ], [ 27.76, -28.895 ], [ 28.69, -28.59 ] ] ] } },
{ "type": "Feature", "properties": { }, "geometry": { "type": "Polygon", "coordinates": [ [ [ 29.673, -22.139 ], [ 30.288, -22.351 ], [ 31.269, -22.37 ], [ 31.557, -23.47 ], [ 31.99, -24.313 ], [ 31.982, -25.952 ], [ 31.32, -25.744 ], [ 30.833, -26.418 ], [ 30.812, -26.826 ], [ 31.158, -27.2 ], [ 31.537, -27.316 ], [ 31.975, -27.317 ], [ 32.014, -26.811 ], [ 32.892, -26.858 ], [ 32.395, -28.532 ], [ 31.34, -29.383 ], [ 30.035, -31.27 ], [ 27.904, -33.042 ], [ 26.559, -33.748 ], [ 25.789, -33.743 ], [ 25.614, -33.917 ], [ 25.703, -34.032 ], [ 25.017, -33.973 ], [ 24.837, -34.214 ], [ 23.649, -33.98 ], [ 23.407, -34.111 ], [ 22.564, -33.996 ], [ 22.16, -34.084 ], [ 21.83, -34.376 ], [ 20.533, -34.47 ], [ 20.006, -34.834 ], [ 19.298, -34.633 ], [ 19.275, -34.409 ], [ 18.826, -34.388 ], [ 18.78, -34.085 ], [ 18.469, -34.109 ], [ 18.498, -34.357 ], [ 18.401, -34.308 ], [ 18.307, -34.04 ], [ 18.485, -33.89 ], [ 18.438, -33.693 ], [ 17.844, -32.825 ], [ 18.305, -32.587 ], [ 18.279, -31.893 ], [ 17.278, -30.345 ], [ 16.817, -29.093 ], [ 16.448, -28.623 ], [ 16.736, -28.495 ], [ 16.899, -28.073 ], [ 17.082, -28.033 ], [ 17.349, -28.244 ], [ 17.418, -28.722 ], [ 18.192, -28.917 ], [ 19.287, -28.907 ], [ 19.264, -28.751 ], [ 19.566, -28.527 ], [ 20.0, -28.428 ], [ 19.999, -24.752 ], [ 20.675, -25.452 ], [ 20.838, -25.956 ], [ 20.613, -26.474 ], [ 20.693, -26.907 ], [ 20.901, -26.796 ], [ 21.7, -26.861 ], [ 22.563, -26.221 ], [ 23.012, -25.293 ], [ 23.465, -25.274 ], [ 23.909, -25.626 ], [ 24.654, -25.82 ], [ 25.421, -25.737 ], [ 25.651, -25.505 ], [ 25.869, -24.755 ], [ 26.422, -24.636 ], [ 26.865, -24.26 ], [ 27.138, -23.529 ], [ 27.744, -23.236 ], [ 28.346, -22.577 ], [ 28.916, -22.46 ], [ 29.033, -22.217 ], [ 29.673, -22.139 ] ], [ [ 28.616, -28.595 ], [ 27.76, -28.895 ], [ 27.37, -29.476 ], [ 27.029, -29.617 ], [ 27.416, -30.151 ], [ 27.395, -30.33 ], [ 27.75, -30.595 ], [ 28.118, -30.669 ], [ 28.243, -30.264 ], [ 29.166, -29.93 ], [ 29.15, -29.719 ], [ 29.446, -29.399 ], [ 29.335, -29.09 ], [ 28.616, -28.595 ] ] ] } },
{ "type": "Feature", "properties": { }, "geometry": { "type": "Polygon", "coordinates": [ [ [ 25.263, -17.791 ], [ 26.166, -19.546 ], [ 27.202, -20.087 ], [ 27.287, -20.5 ], [ 27.722, -20.519 ], [ 27.686, -21.066 ], [ 28.016, -21.573 ], [ 29.0, -21.772 ], [ 29.055, -22.023 ], [ 29.361, -22.197 ], [ 28.34, -22.58 ], [ 27.744, -23.236 ], [ 27.01, -23.643 ], [ 26.865, -24.26 ], [ 26.422, -24.636 ], [ 25.869, -24.755 ], [ 25.651, -25.505 ], [ 25.421, -25.737 ], [ 24.654, -25.82 ], [ 23.909, -25.626 ], [ 23.465, -25.274 ], [ 23.012, -25.293 ], [ 22.725, -26.019 ], [ 22.047, -26.634 ], [ 21.804, -26.668 ], [ 21.7, -26.861 ], [ 20.901, -26.796 ], [ 20.693, -26.907 ], [ 20.613, -26.474 ], [ 20.838, -25.956 ], [ 20.675, -25.452 ], [ 19.999, -24.752 ], [ 19.999, -22.0 ], [ 20.999, -22.0 ], [ 21.0, -18.318 ], [ 23.293, -18.0 ], [ 23.633, -18.49 ], [ 24.369, -17.948 ], [ 24.577, -18.073 ], [ 24.961, -17.788 ], [ 25.263, -17.791 ] ] ] } },
{ "type": "Feature", "properties": { }, "geometry": { "type": "Polygon", "coordinates": [ [ [ -5.701, -15.904 ], [ -5.636, -15.973 ], [ -5.746, -16.028 ], [ -5.789, -15.996 ], [ -5.701, -15.904 ] ] ] } },
{ "type": "Feature", "properties": { }, "geometry": { "type": "Polygon", "coordinates": [ [ [ 0.0, 11.11 ], [ 0.495, 10.931 ], [ 0.912, 10.996 ], [ 0.775, 10.385 ], [ 1.355, 10.0 ], [ 1.342, 9.546 ], [ 1.63, 8.999 ], [ 1.574, 6.688 ], [ 1.799, 6.281 ], [ 1.2, 6.112 ], [ 0.748, 6.443 ], [ 0.533, 6.829 ], [ 0.659, 7.318 ], [ 0.52, 7.463 ], [ 0.588, 8.208 ], [ 0.731, 8.346 ], [ 0.375, 8.753 ], [ 0.52, 8.856 ], [ 0.565, 9.404 ], [ 0.231, 9.464 ], [ 0.384, 9.586 ], [ 0.398, 10.306 ], [ -0.06, 10.631 ], [ 0.023, 11.082 ], [ -0.147, 11.112 ], [ 0.0, 11.11 ] ] ] } },
{ "type": "Feature", "properties": { }, "geometry": { "type": "Polygon", "coordinates": [ [ [ -11.206, 10.0 ], [ -10.663, 9.301 ], [ -10.733, 9.084 ], [ -10.585, 9.043 ], [ -10.469, 8.675 ], [ -10.622, 8.542 ], [ -10.719, 8.271 ], [ -10.386, 8.493 ], [ -10.273, 8.42 ], [ -10.302, 8.196 ], [ -10.605, 8.039 ], [ -10.605, 7.775 ], [ -11.497, 6.923 ], [ -12.52, 7.386 ], [ -12.351, 7.381 ], [ -12.49, 7.449 ], [ -12.337, 7.545 ], [ -12.537, 7.651 ], [ -12.49, 7.745 ], [ -12.471, 7.723 ], [ -12.461, 7.72 ], [ -12.449, 7.728 ], [ -12.447, 7.741 ], [ -12.871, 7.825 ], [ -12.961, 7.918 ], [ -12.904, 7.944 ], [ -12.905, 7.939 ], [ -12.902, 7.935 ], [ -12.889, 7.934 ], [ -12.874, 7.918 ], [ -12.863, 7.916 ], [ -12.869, 7.915 ], [ -12.87, 7.913 ], [ -12.862, 7.914 ], [ -12.862, 7.917 ], [ -12.9, 7.945 ], [ -12.813, 7.918 ], [ -12.786, 7.93 ], [ -12.776, 7.939 ], [ -12.986, 8.236 ], [ -13.161, 8.169 ], [ -13.293, 8.423 ], [ -13.21, 8.494 ], [ -13.136, 8.388 ], [ -13.093, 8.414 ], [ -13.061, 8.363 ], [ -13.065, 8.362 ], [ -13.065, 8.357 ], [ -13.068, 8.357 ], [ -13.069, 8.354 ], [ -13.067, 8.353 ], [ -13.068, 8.352 ], [ -13.068, 8.351 ], [ -13.068, 8.351 ], [ -13.066, 8.351 ], [ -13.041, 8.376 ], [ -13.061, 8.42 ], [ -13.137, 8.454 ], [ -12.911, 8.554 ], [ -13.07, 8.683 ], [ -13.17, 8.529 ], [ -13.247, 8.818 ], [ -13.112, 8.829 ], [ -13.148, 8.892 ], [ -13.042, 8.925 ], [ -13.029, 9.002 ], [ -13.303, 9.04 ], [ -12.79, 9.301 ], [ -12.432, 9.882 ], [ -11.206, 10.0 ] ] ] } },
{ "type": "Feature", "properties": { }, "geometry": { "type": "Polygon", "coordinates": [ [ [ -14.945, 16.636 ], [ -14.336, 16.643 ], [ -13.848, 16.107 ], [ -13.479, 16.144 ], [ -13.229, 15.616 ], [ -12.161, 14.689 ], [ -12.201, 14.407 ], [ -11.934, 13.923 ], [ -12.074, 13.721 ], [ -11.833, 13.31 ], [ -11.626, 13.394 ], [ -11.357, 12.982 ], [ -11.368, 12.421 ], [ -12.353, 12.307 ], [ -12.888, 12.541 ], [ -13.061, 12.478 ], [ -13.078, 12.64 ], [ -15.179, 12.681 ], [ -15.666, 12.428 ], [ -16.731, 12.355 ], [ -16.687, 13.167 ], [ -15.803, 13.167 ], [ -15.803, 13.349 ], [ -15.312, 13.352 ], [ -15.098, 13.601 ], [ -14.362, 13.235 ], [ -13.809, 13.373 ], [ -13.926, 13.564 ], [ -14.332, 13.445 ], [ -15.038, 13.815 ], [ -15.385, 13.763 ], [ -15.466, 13.6 ], [ -16.561, 13.6 ], [ -16.391, 13.881 ], [ -16.472, 14.045 ], [ -16.384, 14.055 ], [ -16.335, 14.085 ], [ -16.47, 14.056 ], [ -16.508, 13.916 ], [ -16.543, 14.059 ], [ -16.44, 14.149 ], [ -16.287, 14.128 ], [ -16.205, 14.143 ], [ -16.189, 14.185 ], [ -16.355, 14.189 ], [ -16.369, 14.225 ], [ -16.35, 14.223 ], [ -16.347, 14.239 ], [ -16.355, 14.232 ], [ -16.362, 14.236 ], [ -16.353, 14.24 ], [ -16.352, 14.249 ], [ -16.356, 14.25 ], [ -16.472, 14.141 ], [ -16.403, 14.295 ], [ -16.493, 14.196 ], [ -16.47, 14.259 ], [ -16.498, 14.247 ], [ -16.523, 14.306 ], [ -16.527, 14.308 ], [ -16.532, 14.307 ], [ -16.716, 14.071 ], [ -17.205, 14.669 ], [ -17.53, 14.741 ], [ -17.129, 14.91 ], [ -16.859, 15.25 ], [ -16.432, 15.888 ], [ -16.272, 16.52 ], [ -14.945, 16.636 ] ] ] } },
{ "type": "Feature", "properties": { }, "geometry": { "type": "MultiPolygon", "coordinates": [ [ [ [ 5.296, 5.881 ], [ 5.293, 5.621 ], [ 5.177, 5.594 ], [ 5.092, 5.796 ], [ 5.141, 5.8 ], [ 5.155, 5.752 ], [ 5.177, 5.748 ], [ 5.177, 5.725 ], [ 5.204, 5.716 ], [ 5.227, 5.694 ], [ 5.233, 5.691 ], [ 5.237, 5.691 ], [ 5.145, 5.813 ], [ 5.296, 5.881 ] ] ], [ [ [ 5.998, 13.741 ], [ 6.414, 13.639 ], [ 6.928, 12.99 ], [ 7.825, 13.34 ], [ 8.97, 12.833 ], [ 9.65, 12.804 ], [ 10.061, 13.203 ], [ 10.669, 13.357 ], [ 11.522, 13.353 ], [ 12.474, 13.062 ], [ 12.873, 13.502 ], [ 13.635, 13.711 ], [ 14.085, 13.078 ], [ 14.173, 12.411 ], [ 14.676, 12.173 ], [ 14.611, 11.508 ], [ 14.186, 11.241 ], [ 13.985, 11.31 ], [ 13.735, 11.006 ], [ 13.499, 10.205 ], [ 13.247, 10.035 ], [ 13.225, 9.579 ], [ 12.848, 9.372 ], [ 12.784, 8.746 ], [ 12.26, 8.442 ], [ 11.879, 7.098 ], [ 11.631, 6.989 ], [ 11.552, 6.664 ], [ 11.148, 6.504 ], [ 10.581, 7.158 ], [ 10.495, 6.872 ], [ 10.217, 6.885 ], [ 10.153, 7.039 ], [ 8.842, 5.827 ], [ 8.821, 5.185 ], [ 8.53, 4.71 ], [ 8.27, 4.892 ], [ 8.324, 4.977 ], [ 8.32, 4.986 ], [ 8.299, 4.987 ], [ 8.317, 5.008 ], [ 8.307, 5.059 ], [ 8.296, 5.069 ], [ 8.264, 4.853 ], [ 8.134, 4.958 ], [ 8.276, 4.534 ], [ 7.609, 4.473 ], [ 7.529, 4.549 ], [ 7.551, 4.577 ], [ 7.549, 4.591 ], [ 7.532, 4.607 ], [ 7.524, 4.608 ], [ 7.544, 4.578 ], [ 7.522, 4.554 ], [ 7.534, 4.493 ], [ 7.584, 4.451 ], [ 7.34, 4.443 ], [ 7.089, 4.705 ], [ 7.172, 4.497 ], [ 6.953, 4.608 ], [ 6.99, 4.374 ], [ 6.827, 4.601 ], [ 6.873, 4.361 ], [ 6.716, 4.358 ], [ 6.722, 4.611 ], [ 6.699, 4.423 ], [ 6.68, 4.532 ], [ 6.642, 4.594 ], [ 6.613, 4.541 ], [ 6.703, 4.34 ], [ 6.598, 4.347 ], [ 6.604, 4.464 ], [ 6.551, 4.531 ], [ 6.536, 4.534 ], [ 6.593, 4.329 ], [ 6.233, 4.492 ], [ 6.222, 4.278 ], [ 6.087, 4.269 ], [ 6.102, 4.409 ], [ 6.068, 4.285 ], [ 5.996, 4.452 ], [ 5.971, 4.324 ], [ 5.849, 4.398 ], [ 5.654, 4.573 ], [ 5.454, 4.9 ], [ 5.322, 5.364 ], [ 5.543, 5.367 ], [ 5.662, 5.54 ], [ 5.422, 5.422 ], [ 5.289, 5.916 ], [ 5.099, 5.816 ], [ 5.059, 5.769 ], [ 4.628, 6.266 ], [ 4.326, 6.375 ], [ 2.709, 6.376 ], [ 2.781, 9.065 ], [ 3.088, 9.102 ], [ 3.136, 9.463 ], [ 3.596, 9.946 ], [ 3.632, 10.417 ], [ 3.786, 10.405 ], [ 3.851, 10.6 ], [ 3.726, 11.124 ], [ 3.471, 11.449 ], [ 3.679, 11.758 ], [ 3.657, 12.52 ], [ 4.094, 12.977 ], [ 4.134, 13.472 ], [ 4.464, 13.678 ], [ 5.281, 13.74 ], [ 5.525, 13.901 ], [ 5.998, 13.741 ] ] ] ] } },
{ "type": "Feature", "properties": { }, "geometry": { "type": "Polygon", "coordinates": [ [ [ 12.122, 23.489 ], [ 13.481, 23.186 ], [ 14.189, 22.644 ], [ 14.996, 23.002 ], [ 15.198, 21.491 ], [ 15.996, 20.348 ], [ 15.725, 19.764 ], [ 15.506, 16.898 ], [ 14.385, 15.732 ], [ 13.696, 14.551 ], [ 13.479, 14.46 ], [ 13.635, 13.711 ], [ 12.873, 13.502 ], [ 12.474, 13.062 ], [ 11.522, 13.353 ], [ 10.669, 13.357 ], [ 10.061, 13.203 ], [ 9.65, 12.804 ], [ 8.97, 12.833 ], [ 7.825, 13.34 ], [ 6.928, 12.99 ], [ 6.414, 13.639 ], [ 5.525, 13.901 ], [ 5.281, 13.74 ], [ 4.626, 13.737 ], [ 4.134, 13.472 ], [ 4.094, 12.977 ], [ 3.657, 12.52 ], [ 3.605, 11.697 ], [ 2.839, 12.407 ], [ 2.374, 12.242 ], [ 2.466, 11.98 ], [ 2.405, 11.9 ], [ 2.065, 12.356 ], [ 2.274, 12.428 ], [ 2.161, 12.688 ], [ 1.576, 12.633 ], [ 0.998, 13.0 ], [ 0.992, 13.371 ], [ 1.281, 13.359 ], [ 0.619, 13.699 ], [ 0.399, 14.028 ], [ 0.168, 14.523 ], [ 0.229, 14.99 ], [ 0.957, 14.975 ], [ 1.324, 15.265 ], [ 3.528, 15.341 ], [ 3.872, 15.692 ], [ 4.077, 16.912 ], [ 4.241, 16.988 ], [ 4.243, 19.139 ], [ 5.813, 19.441 ], [ 7.459, 20.841 ], [ 12.122, 23.489 ] ] ] } },
{ "type": "Feature", "properties": { }, "geometry": { "type": "Polygon", "coordinates": [ [ [ -6.75, 26.17 ], [ -4.833, 24.998 ], [ -6.564, 25.0 ], [ -5.603, 16.499 ], [ -5.327, 16.333 ], [ -5.506, 15.508 ], [ -9.328, 15.496 ], [ -9.332, 15.692 ], [ -9.408, 15.434 ], [ -10.724, 15.437 ], [ -10.903, 15.104 ], [ -11.499, 15.643 ], [ -11.712, 15.538 ], [ -11.808, 14.897 ], [ -12.057, 14.716 ], [ -12.851, 15.202 ], [ -12.957, 15.501 ], [ -13.229, 15.616 ], [ -13.376, 16.059 ], [ -13.848, 16.107 ], [ -14.336, 16.643 ], [ -14.985, 16.693 ], [ -15.699, 16.471 ], [ -16.145, 16.552 ], [ -16.4, 16.214 ], [ -16.314, 16.451 ], [ -16.419, 16.518 ], [ -16.509, 16.057 ], [ -16.438, 16.628 ], [ -16.072, 17.563 ], [ -16.029, 18.176 ], [ -16.186, 18.931 ], [ -16.531, 19.37 ], [ -16.444, 19.376 ], [ -16.301, 19.474 ], [ -16.47, 19.42 ], [ -16.203, 20.215 ], [ -16.486, 20.723 ], [ -16.53, 20.556 ], [ -16.676, 20.679 ], [ -16.92, 21.202 ], [ -17.05, 20.77 ], [ -16.94, 21.327 ], [ -13.002, 21.331 ], [ -13.114, 22.883 ], [ -12.571, 23.291 ], [ -12.0, 23.467 ], [ -12.004, 25.999 ], [ -8.674, 25.998 ], [ -8.667, 27.313 ], [ -6.75, 26.17 ] ] ] } },
{ "type": "Feature", "properties": { }, "geometry": { "type": "Polygon", "coordinates": [ [ [ -4.833, 24.998 ], [ 1.156, 21.124 ], [ 1.168, 20.731 ], [ 1.602, 20.593 ], [ 1.8, 20.29 ], [ 2.21, 20.312 ], [ 2.379, 20.021 ], [ 2.675, 20.083 ], [ 3.255, 19.832 ], [ 3.116, 19.143 ], [ 3.299, 18.997 ], [ 4.243, 19.139 ], [ 4.241, 16.988 ], [ 4.077, 16.912 ], [ 3.889, 15.717 ], [ 3.528, 15.341 ], [ 1.324, 15.265 ], [ 0.703, 14.946 ], [ -0.719, 15.08 ], [ -1.675, 14.507 ], [ -1.975, 14.481 ], [ -1.994, 14.196 ], [ -2.476, 14.298 ], [ -2.837, 14.061 ], [ -2.872, 13.655 ], [ -3.28, 13.716 ], [ -3.238, 13.306 ], [ -3.433, 13.163 ], [ -3.985, 13.496 ], [ -4.355, 13.134 ], [ -4.228, 12.778 ], [ -4.489, 12.71 ], [ -4.421, 12.314 ], [ -4.569, 12.135 ], [ -5.406, 11.836 ], [ -5.2, 11.433 ], [ -5.497, 11.063 ], [ -5.519, 10.433 ], [ -6.173, 10.223 ], [ -6.256, 10.737 ], [ -6.444, 10.565 ], [ -6.642, 10.672 ], [ -6.672, 10.365 ], [ -6.947, 10.37 ], [ -7.03, 10.161 ], [ -7.642, 10.488 ], [ -7.948, 10.168 ], [ -8.262, 10.477 ], [ -8.324, 11.048 ], [ -8.677, 10.955 ], [ -8.376, 11.367 ], [ -8.854, 11.628 ], [ -8.805, 12.005 ], [ -9.034, 12.423 ], [ -9.362, 12.496 ], [ -9.34, 12.243 ], [ -9.7, 12.024 ], [ -10.339, 12.225 ], [ -10.672, 11.894 ], [ -10.929, 12.222 ], [ -11.247, 11.992 ], [ -11.469, 12.139 ], [ -11.357, 12.982 ], [ -11.595, 13.365 ], [ -11.833, 13.31 ], [ -12.038, 13.625 ], [ -11.934, 13.923 ], [ -12.239, 14.759 ], [ -11.808, 14.897 ], [ -11.747, 15.456 ], [ -11.499, 15.643 ], [ -10.903, 15.104 ], [ -10.724, 15.437 ], [ -9.408, 15.434 ], [ -9.332, 15.692 ], [ -9.328, 15.496 ], [ -5.506, 15.508 ], [ -5.327, 16.333 ], [ -5.603, 16.499 ], [ -6.564, 25.0 ], [ -4.833, 24.998 ] ] ] } },
{ "type": "Feature", "properties": { }, "geometry": { "type": "Polygon", "coordinates": [ [ [ -9.748, 8.536 ], [ -9.477, 8.372 ], [ -9.344, 7.749 ], [ -9.478, 7.362 ], [ -9.212, 7.385 ], [ -9.104, 7.194 ], [ -8.848, 7.263 ], [ -8.56, 7.693 ], [ -8.274, 7.007 ], [ -8.599, 6.506 ], [ -7.902, 6.28 ], [ -7.758, 5.953 ], [ -7.422, 5.843 ], [ -7.365, 5.328 ], [ -7.597, 4.895 ], [ -7.523, 4.362 ], [ -9.038, 4.981 ], [ -10.06, 5.937 ], [ -10.794, 6.293 ], [ -11.497, 6.923 ], [ -10.605, 7.775 ], [ -10.605, 8.039 ], [ -10.302, 8.196 ], [ -10.282, 8.488 ], [ -9.748, 8.536 ] ] ] } },
{ "type": "Feature", "properties": { }, "geometry": { "type": "MultiPolygon", "coordinates": [ [ [ [ -15.626, 11.967 ], [ -15.595, 11.832 ], [ -15.809, 11.743 ], [ -15.792, 11.871 ], [ -15.731, 11.811 ], [ -15.724, 11.852 ], [ -15.702, 11.824 ], [ -15.706, 11.86 ], [ -15.667, 11.857 ], [ -15.669, 11.864 ], [ -15.795, 11.877 ], [ -15.861, 11.763 ], [ -15.842, 11.883 ], [ -15.888, 11.887 ], [ -15.955, 11.735 ], [ -15.936, 11.853 ], [ -15.837, 11.983 ], [ -15.626, 11.967 ] ] ], [ [ [ -15.178, 12.681 ], [ -13.708, 12.676 ], [ -13.667, 12.317 ], [ -13.958, 12.181 ], [ -13.703, 12.006 ], [ -13.716, 11.705 ], [ -14.671, 11.492 ], [ -14.943, 11.023 ], [ -15.087, 10.953 ], [ -14.88, 11.299 ], [ -15.137, 11.095 ], [ -15.212, 11.215 ], [ -15.144, 11.222 ], [ -15.075, 11.321 ], [ -15.124, 11.397 ], [ -15.027, 11.393 ], [ -15.02, 11.43 ], [ -14.993, 11.413 ], [ -15.003, 11.435 ], [ -14.99, 11.426 ], [ -14.955, 11.439 ], [ -14.954, 11.43 ], [ -14.952, 11.443 ], [ -15.146, 11.422 ], [ -15.191, 11.329 ], [ -15.152, 11.327 ], [ -15.184, 11.312 ], [ -15.164, 11.297 ], [ -15.178, 11.277 ], [ -15.157, 11.257 ], [ -15.175, 11.25 ], [ -15.155, 11.248 ], [ -15.152, 11.236 ], [ -15.158, 11.231 ], [ -15.288, 11.284 ], [ -15.239, 11.295 ], [ -15.175, 11.404 ], [ -15.25, 11.316 ], [ -15.282, 11.346 ], [ -15.303, 11.291 ], [ -15.341, 11.335 ], [ -15.351, 11.292 ], [ -15.381, 11.304 ], [ -15.392, 11.281 ], [ -15.397, 11.288 ], [ -15.406, 11.279 ], [ -15.414, 11.281 ], [ -15.416, 11.283 ], [ -15.417, 11.286 ], [ -15.372, 11.363 ], [ -15.274, 11.358 ], [ -15.157, 11.532 ], [ -15.452, 11.349 ], [ -15.474, 11.466 ], [ -15.278, 11.621 ], [ -15.117, 11.521 ], [ -14.962, 11.593 ], [ -15.259, 11.633 ], [ -15.136, 11.745 ], [ -15.205, 11.784 ], [ -15.425, 11.542 ], [ -15.393, 11.7 ], [ -15.547, 11.718 ], [ -15.054, 11.956 ], [ -15.05, 11.801 ], [ -14.994, 11.787 ], [ -14.914, 12.04 ], [ -15.532, 11.89 ], [ -15.612, 11.943 ], [ -15.577, 12.02 ], [ -15.533, 11.972 ], [ -15.494, 11.979 ], [ -15.431, 12.073 ], [ -15.355, 12.02 ], [ -15.337, 12.097 ], [ -15.918, 11.968 ], [ -15.945, 11.998 ], [ -15.973, 12.004 ], [ -15.939, 12.079 ], [ -15.976, 12.085 ], [ -16.009, 12.054 ], [ -15.988, 12.055 ], [ -15.98, 12.003 ], [ -15.928, 11.95 ], [ -16.099, 11.876 ], [ -16.22, 11.927 ], [ -16.244, 12.017 ], [ -16.227, 12.027 ], [ -16.234, 11.991 ], [ -16.201, 11.992 ], [ -16.217, 11.98 ], [ -16.167, 11.936 ], [ -16.147, 11.934 ], [ -16.187, 12.012 ], [ -16.12, 12.009 ], [ -16.108, 11.97 ], [ -16.084, 11.974 ], [ -16.056, 12.063 ], [ -16.276, 12.068 ], [ -16.306, 12.004 ], [ -16.327, 12.145 ], [ -16.25, 12.078 ], [ -16.198, 12.16 ], [ -16.12, 12.095 ], [ -16.093, 12.143 ], [ -16.026, 12.096 ], [ -15.974, 12.133 ], [ -16.225, 12.244 ], [ -15.898, 12.273 ], [ -15.814, 12.104 ], [ -15.757, 12.238 ], [ -15.615, 12.125 ], [ -15.736, 12.243 ], [ -15.579, 12.208 ], [ -15.598, 12.226 ], [ -15.551, 12.251 ], [ -15.55, 12.253 ], [ -15.551, 12.259 ], [ -16.093, 12.455 ], [ -16.085, 12.35 ], [ -16.535, 12.343 ], [ -16.456, 12.188 ], [ -16.707, 12.339 ], [ -16.215, 12.456 ], [ -16.063, 12.469 ], [ -15.666, 12.428 ], [ -15.178, 12.681 ] ] ] ] } },
{ "type": "Feature", "properties": { }, "geometry": { "type": "Polygon", "coordinates": [ [ [ -15.007, 13.805 ], [ -14.332, 13.445 ], [ -13.926, 13.564 ], [ -13.809, 13.373 ], [ -14.362, 13.235 ], [ -15.098, 13.601 ], [ -15.312, 13.352 ], [ -15.803, 13.349 ], [ -15.803, 13.167 ], [ -16.772, 13.079 ], [ -16.818, 13.338 ], [ -16.547, 13.6 ], [ -15.466, 13.6 ], [ -15.36, 13.776 ], [ -15.007, 13.805 ] ] ] } },
{ "type": "Feature", "properties": { }, "geometry": { "type": "Polygon", "coordinates": [ [ [ -13.464, 12.666 ], [ -12.353, 12.307 ], [ -11.46, 12.441 ], [ -11.494, 12.178 ], [ -11.312, 12.021 ], [ -10.933, 12.223 ], [ -10.69, 11.893 ], [ -10.339, 12.225 ], [ -9.7, 12.024 ], [ -9.34, 12.243 ], [ -9.362, 12.496 ], [ -9.034, 12.423 ], [ -8.805, 12.005 ], [ -8.854, 11.628 ], [ -8.376, 11.367 ], [ -8.68, 10.962 ], [ -8.293, 11.008 ], [ -8.262, 10.477 ], [ -7.947, 10.241 ], [ -8.167, 9.947 ], [ -8.149, 9.532 ], [ -7.85, 9.438 ], [ -7.92, 9.187 ], [ -7.737, 9.078 ], [ -7.961, 8.81 ], [ -7.768, 8.762 ], [ -7.641, 8.377 ], [ -8.242, 8.457 ], [ -8.244, 8.229 ], [ -7.998, 8.199 ], [ -7.947, 8.042 ], [ -8.194, 7.545 ], [ -8.659, 7.696 ], [ -8.848, 7.263 ], [ -9.104, 7.194 ], [ -9.212, 7.385 ], [ -9.478, 7.362 ], [ -9.344, 7.749 ], [ -9.48, 8.377 ], [ -9.759, 8.549 ], [ -10.055, 8.421 ], [ -10.158, 8.526 ], [ -10.719, 8.271 ], [ -10.469, 8.675 ], [ -10.585, 9.043 ], [ -10.733, 9.084 ], [ -10.663, 9.301 ], [ -11.207, 10.0 ], [ -12.432, 9.882 ], [ -12.79, 9.301 ], [ -13.303, 9.04 ], [ -13.214, 9.21 ], [ -13.281, 9.398 ], [ -13.348, 9.281 ], [ -13.431, 9.269 ], [ -13.387, 9.57 ], [ -13.522, 9.651 ], [ -13.583, 9.578 ], [ -13.708, 9.504 ], [ -13.728, 9.51 ], [ -13.623, 9.804 ], [ -14.013, 10.0 ], [ -13.89, 10.049 ], [ -14.034, 10.139 ], [ -14.023, 10.17 ], [ -14.008, 10.167 ], [ -14.008, 10.145 ], [ -13.994, 10.141 ], [ -14.005, 10.17 ], [ -13.994, 10.154 ], [ -13.993, 10.171 ], [ -13.968, 10.157 ], [ -13.951, 10.171 ], [ -13.932, 10.159 ], [ -13.918, 10.164 ], [ -13.95, 10.174 ], [ -13.959, 10.173 ], [ -13.959, 10.169 ], [ -13.965, 10.167 ], [ -13.969, 10.162 ], [ -13.971, 10.162 ], [ -13.972, 10.178 ], [ -14.019, 10.18 ], [ -13.911, 10.207 ], [ -13.918, 10.241 ], [ -14.453, 10.208 ], [ -14.429, 10.402 ], [ -14.659, 10.452 ], [ -14.608, 10.705 ], [ -14.506, 10.807 ], [ -14.515, 10.875 ], [ -14.357, 10.838 ], [ -14.363, 10.888 ], [ -14.337, 10.874 ], [ -14.33, 10.876 ], [ -14.322, 10.883 ], [ -14.317, 10.884 ], [ -14.322, 10.873 ], [ -14.32, 10.87 ], [ -14.317, 10.869 ], [ -14.321, 10.873 ], [ -14.316, 10.882 ], [ -14.317, 10.885 ], [ -14.352, 10.891 ], [ -14.326, 10.9 ], [ -14.319, 10.915 ], [ -14.324, 10.939 ], [ -14.3, 10.931 ], [ -14.288, 10.94 ], [ -14.287, 10.948 ], [ -14.727, 10.858 ], [ -14.688, 11.026 ], [ -14.638, 10.918 ], [ -14.608, 10.957 ], [ -14.633, 11.151 ], [ -14.856, 10.967 ], [ -14.903, 11.092 ], [ -14.671, 11.492 ], [ -13.716, 11.705 ], [ -13.703, 12.006 ], [ -13.957, 12.201 ], [ -13.667, 12.317 ], [ -13.708, 12.676 ], [ -13.464, 12.666 ] ] ] } },
{ "type": "Feature", "properties": { }, "geometry": { "type": "Polygon", "coordinates": [ [ [ -0.142, 11.138 ], [ 0.023, 11.082 ], [ -0.06, 10.631 ], [ 0.396, 10.312 ], [ 0.384, 9.586 ], [ 0.231, 9.464 ], [ 0.565, 9.404 ], [ 0.52, 8.856 ], [ 0.375, 8.753 ], [ 0.731, 8.346 ], [ 0.588, 8.208 ], [ 0.52, 7.463 ], [ 0.659, 7.318 ], [ 0.533, 6.829 ], [ 0.748, 6.443 ], [ 1.2, 6.112 ], [ 0.927, 5.787 ], [ 0.186, 5.744 ], [ -1.981, 4.758 ], [ -3.106, 5.091 ], [ -2.757, 5.102 ], [ -2.724, 5.388 ], [ -2.77, 5.616 ], [ -3.027, 5.709 ], [ -3.229, 6.821 ], [ -2.954, 7.236 ], [ -2.779, 7.95 ], [ -2.493, 8.205 ], [ -2.619, 8.922 ], [ -2.78, 9.062 ], [ -2.658, 9.252 ], [ -2.773, 10.423 ], [ -2.941, 10.616 ], [ -2.834, 10.999 ], [ -0.616, 10.904 ], [ -0.142, 11.138 ] ] ] } },
{ "type": "Feature", "properties": { }, "geometry": { "type": "MultiPolygon", "coordinates": [ [ [ [ -23.749, 15.321 ], [ -23.452, 15.035 ], [ -23.488, 14.904 ], [ -23.79, 15.06 ], [ -23.749, 15.321 ] ] ], [ [ [ -22.784, 16.217 ], [ -22.688, 16.043 ], [ -22.946, 16.005 ], [ -22.923, 16.224 ], [ -22.784, 16.217 ] ] ], [ [ [ -25.067, 17.18 ], [ -24.999, 17.05 ], [ -25.317, 16.927 ], [ -25.336, 17.092 ], [ -25.067, 17.18 ] ] ] ] } },
{ "type": "Feature", "properties": { }, "geometry": { "type": "Polygon", "coordinates": [ [ [ -6.233, 10.7 ], [ -6.184, 10.229 ], [ -5.676, 10.463 ], [ -5.111, 10.305 ], [ -4.968, 9.892 ], [ -4.692, 9.677 ], [ -4.519, 9.746 ], [ -4.319, 9.6 ], [ -3.9, 9.901 ], [ -3.195, 9.927 ], [ -2.799, 9.419 ], [ -2.687, 9.491 ], [ -2.78, 9.062 ], [ -2.619, 8.922 ], [ -2.493, 8.205 ], [ -2.779, 7.95 ], [ -3.256, 6.621 ], [ -3.027, 5.709 ], [ -2.76, 5.597 ], [ -2.757, 5.102 ], [ -3.978, 5.255 ], [ -5.59, 5.079 ], [ -7.553, 4.386 ], [ -7.597, 4.895 ], [ -7.365, 5.328 ], [ -7.422, 5.843 ], [ -7.758, 5.953 ], [ -7.902, 6.28 ], [ -8.599, 6.506 ], [ -8.274, 7.007 ], [ -8.472, 7.555 ], [ -8.194, 7.545 ], [ -8.058, 8.023 ], [ -7.946, 8.013 ], [ -7.998, 8.199 ], [ -8.244, 8.229 ], [ -8.241, 8.461 ], [ -7.641, 8.377 ], [ -7.768, 8.762 ], [ -7.961, 8.81 ], [ -7.737, 9.078 ], [ -7.92, 9.187 ], [ -7.85, 9.438 ], [ -8.149, 9.532 ], [ -8.167, 9.947 ], [ -7.646, 10.487 ], [ -7.04, 10.16 ], [ -6.947, 10.37 ], [ -6.672, 10.365 ], [ -6.642, 10.672 ], [ -6.444, 10.565 ], [ -6.233, 10.7 ] ] ] } },
{ "type": "Feature", "properties": { }, "geometry": { "type": "Polygon", "coordinates": [ [ [ -0.456, 15.081 ], [ 0.229, 14.99 ], [ 0.168, 14.523 ], [ 0.399, 14.028 ], [ 0.619, 13.699 ], [ 1.281, 13.359 ], [ 0.992, 13.371 ], [ 0.998, 13.0 ], [ 1.576, 12.633 ], [ 2.161, 12.688 ], [ 2.274, 12.428 ], [ 2.065, 12.356 ], [ 2.405, 11.902 ], [ 2.306, 11.674 ], [ 2.01, 11.423 ], [ 1.435, 11.472 ], [ 1.129, 11.256 ], [ 1.11, 11.03 ], [ 0.495, 10.931 ], [ -0.284, 11.165 ], [ -0.616, 10.904 ], [ -2.834, 10.999 ], [ -2.941, 10.616 ], [ -2.773, 10.423 ], [ -2.763, 9.401 ], [ -3.195, 9.927 ], [ -3.9, 9.901 ], [ -4.319, 9.6 ], [ -4.519, 9.746 ], [ -4.692, 9.677 ], [ -4.968, 9.892 ], [ -5.111, 10.305 ], [ -5.468, 10.346 ], [ -5.497, 11.063 ], [ -5.2, 11.433 ], [ -5.409, 11.832 ], [ -4.569, 12.135 ], [ -4.421, 12.314 ], [ -4.489, 12.71 ], [ -4.228, 12.778 ], [ -4.355, 13.134 ], [ -4.103, 13.386 ], [ -3.962, 13.499 ], [ -3.433, 13.163 ], [ -3.238, 13.306 ], [ -3.28, 13.716 ], [ -2.872, 13.655 ], [ -2.837, 14.061 ], [ -2.476, 14.298 ], [ -2.106, 14.15 ], [ -1.975, 14.481 ], [ -0.456, 15.081 ] ] ] } },
{ "type": "Feature", "properties": { }, "geometry": { "type": "Polygon", "coordinates": [ [ [ 2.839, 12.406 ], [ 3.565, 11.773 ], [ 3.471, 11.449 ], [ 3.726, 11.124 ], [ 3.851, 10.6 ], [ 3.786, 10.405 ], [ 3.632, 10.417 ], [ 3.596, 9.946 ], [ 3.136, 9.463 ], [ 3.088, 9.102 ], [ 2.781, 9.065 ], [ 2.709, 6.376 ], [ 2.445, 6.353 ], [ 2.549, 6.413 ], [ 2.428, 6.523 ], [ 2.433, 6.342 ], [ 1.629, 6.235 ], [ 1.807, 6.284 ], [ 1.574, 6.688 ], [ 1.625, 9.042 ], [ 1.342, 9.546 ], [ 1.355, 10.0 ], [ 0.775, 10.385 ], [ 0.802, 10.718 ], [ 0.977, 11.089 ], [ 1.11, 11.03 ], [ 1.129, 11.256 ], [ 1.435, 11.472 ], [ 2.019, 11.428 ], [ 2.466, 11.98 ], [ 2.374, 12.242 ], [ 2.839, 12.406 ] ] ] } },
{ "type": "Feature", "properties": { }, "geometry": { "type": "Polygon", "coordinates": [ [ [ -61.431, 15.64 ], [ -61.242, 15.467 ], [ -61.33, 15.211 ], [ -61.471, 15.497 ], [ -61.431, 15.64 ] ] ] } },
{ "type": "Feature", "properties": { }, "geometry": { "type": "Polygon", "coordinates": [ [ [ -71.01, 19.932 ], [ -70.267, 19.641 ], [ -69.947, 19.675 ], [ -69.742, 19.282 ], [ -69.216, 19.361 ], [ -69.222, 19.183 ], [ -69.619, 19.226 ], [ -69.629, 19.085 ], [ -68.775, 18.975 ], [ -68.331, 18.573 ], [ -68.642, 18.21 ], [ -69.21, 18.452 ], [ -69.881, 18.48 ], [ -70.154, 18.231 ], [ -70.501, 18.194 ], [ -70.612, 18.422 ], [ -71.056, 18.317 ], [ -71.422, 17.604 ], [ -71.689, 17.77 ], [ -71.693, 18.341 ], [ -72.003, 18.625 ], [ -71.738, 18.73 ], [ -71.882, 18.954 ], [ -71.613, 19.202 ], [ -71.787, 19.334 ], [ -71.675, 19.442 ], [ -71.779, 19.778 ], [ -71.01, 19.932 ] ] ] } },
{ "type": "Feature", "properties": { }, "geometry": { "type": "Polygon", "coordinates": [ [ [ -61.144, 14.877 ], [ -60.875, 14.775 ], [ -60.856, 14.397 ], [ -61.082, 14.471 ], [ -60.99, 14.55 ], [ -61.18, 14.693 ], [ -61.144, 14.877 ] ] ] } },
{ "type": "Feature", "properties": { }, "geometry": { "type": "Polygon", "coordinates": [ [ [ -81.387, 19.397 ], [ -81.348, 19.29 ], [ -81.085, 19.324 ], [ -81.382, 19.265 ], [ -81.387, 19.397 ] ] ] } },
{ "type": "Feature", "properties": { }, "geometry": { "type": "Polygon", "coordinates": [ [ [ -69.126, 12.375 ], [ -69.028, 12.24 ], [ -68.737, 12.044 ], [ -69.078, 12.195 ], [ -69.126, 12.375 ] ] ] } },
{ "type": "Feature", "properties": { }, "geometry": { "type": "Polygon", "coordinates": [ [ [ -61.832, 17.173 ], [ -61.677, 17.102 ], [ -61.674, 17.046 ], [ -61.89, 17.026 ], [ -61.832, 17.173 ] ] ] } },
{ "type": "Feature", "properties": { }, "geometry": { "type": "MultiPolygon", "coordinates": [ [ [ [ -82.975, 21.944 ], [ -82.69, 21.882 ], [ -82.546, 21.56 ], [ -83.082, 21.473 ], [ -83.192, 21.625 ], [ -82.961, 21.58 ], [ -83.092, 21.78 ], [ -82.975, 21.944 ] ] ], [ [ [ -78.001, 22.306 ], [ -77.648, 22.059 ], [ -77.639, 21.931 ], [ -78.09, 22.18 ], [ -78.001, 22.306 ] ] ], [ [ [ -82.025, 23.187 ], [ -81.565, 23.144 ], [ -81.558, 23.035 ], [ -80.602, 23.127 ], [ -80.284, 22.906 ], [ -79.789, 22.905 ], [ -79.855, 22.798 ], [ -79.357, 22.418 ], [ -78.402, 22.261 ], [ -77.892, 21.858 ], [ -77.859, 21.965 ], [ -77.833, 21.971 ], [ -77.743, 21.797 ], [ -77.141, 21.663 ], [ -76.813, 21.392 ], [ -76.893, 21.298 ], [ -76.659, 21.357 ], [ -76.034, 21.064 ], [ -75.718, 21.127 ], [ -75.573, 21.006 ], [ -75.762, 20.88 ], [ -75.605, 20.868 ], [ -75.551, 20.795 ], [ -75.773, 20.838 ], [ -75.757, 20.703 ], [ -74.947, 20.688 ], [ -74.134, 20.198 ], [ -75.157, 19.891 ], [ -75.095, 20.058 ], [ -75.304, 19.881 ], [ -75.842, 20.032 ], [ -77.74, 19.841 ], [ -77.116, 20.355 ], [ -77.198, 20.633 ], [ -78.14, 20.759 ], [ -78.486, 21.026 ], [ -78.724, 21.624 ], [ -79.218, 21.543 ], [ -79.828, 21.669 ], [ -80.29, 21.898 ], [ -80.487, 22.18 ], [ -80.463, 22.04 ], [ -81.047, 22.066 ], [ -81.209, 22.284 ], [ -81.198, 22.086 ], [ -81.214, 22.049 ], [ -81.804, 22.173 ], [ -82.158, 22.395 ], [ -81.701, 22.454 ], [ -81.6, 22.52 ], [ -81.871, 22.679 ], [ -82.758, 22.703 ], [ -83.37, 22.201 ], [ -83.922, 22.164 ], [ -84.035, 21.906 ], [ -84.507, 21.755 ], [ -84.497, 21.929 ], [ -84.951, 21.857 ], [ -84.279, 22.007 ], [ -84.396, 22.331 ], [ -84.014, 22.69 ], [ -83.22, 22.995 ], [ -82.025, 23.187 ] ] ] ] } },
{ "type": "Feature", "properties": { }, "geometry": { "type": "Polygon", "coordinates": [ [ [ -61.66, 12.234 ], [ -61.635, 12.044 ], [ -61.802, 12.003 ], [ -61.724, 12.183 ], [ -61.66, 12.234 ] ] ] } },
{ "type": "Feature", "properties": { }, "geometry": { "type": "Polygon", "coordinates": [ [ [ -77.828, 18.525 ], [ -76.897, 18.413 ], [ -76.338, 18.155 ], [ -76.184, 17.908 ], [ -76.529, 17.85 ], [ -76.835, 17.989 ], [ -76.95, 17.839 ], [ -77.131, 17.891 ], [ -77.179, 17.71 ], [ -77.741, 17.855 ], [ -78.052, 18.205 ], [ -78.366, 18.256 ], [ -78.213, 18.457 ], [ -77.828, 18.525 ] ] ] } },
{ "type": "Feature", "properties": { }, "geometry": { "type": "Polygon", "coordinates": [ [ [ -62.808, 17.417 ], [ -62.727, 17.363 ], [ -62.626, 17.227 ], [ -62.847, 17.348 ], [ -62.808, 17.417 ] ] ] } },
{ "type": "Feature", "properties": { }, "geometry": { "type": "Polygon", "coordinates": [ [ [ -62.199, 16.824 ], [ -62.151, 16.752 ], [ -62.162, 16.676 ], [ -62.242, 16.723 ], [ -62.199, 16.824 ] ] ] } },
{ "type": "Feature", "properties": { }, "geometry": { "type": "Polygon", "coordinates": [ [ [ -71.99, 21.963 ], [ -71.953, 21.956 ], [ -71.92, 21.947 ], [ -71.911, 21.942 ], [ -71.898, 21.798 ], [ -71.99, 21.963 ] ] ] } },
{ "type": "Feature", "properties": { }, "geometry": { "type": "Polygon", "coordinates": [ [ [ -60.938, 10.844 ], [ -60.991, 10.136 ], [ -61.928, 10.047 ], [ -61.456, 10.299 ], [ -61.497, 10.642 ], [ -61.631, 10.666 ], [ -61.67, 10.713 ], [ -60.938, 10.844 ] ] ] } },
{ "type": "Feature", "properties": { }, "geometry": { "type": "MultiPolygon", "coordinates": [ [ [ [ -73.016, 21.333 ], [ -73.163, 20.964 ], [ -73.674, 20.933 ], [ -73.667, 21.113 ], [ -73.172, 21.163 ], [ -73.016, 21.333 ] ] ], [ [ [ -78.216, 25.205 ], [ -78.024, 25.18 ], [ -77.931, 24.901 ], [ -77.935, 24.904 ], [ -77.943, 24.893 ], [ -77.95, 24.896 ], [ -77.985, 24.859 ], [ -78.009, 24.864 ], [ -77.979, 24.918 ], [ -77.983, 24.921 ], [ -78.074, 24.875 ], [ -77.994, 24.842 ], [ -77.934, 24.901 ], [ -77.783, 24.727 ], [ -77.92, 24.721 ], [ -77.947, 24.652 ], [ -77.748, 24.679 ], [ -77.719, 24.478 ], [ -77.872, 24.412 ], [ -77.858, 24.543 ], [ -77.942, 24.521 ], [ -77.865, 24.39 ], [ -78.039, 24.269 ], [ -78.121, 24.531 ], [ -78.209, 24.435 ], [ -78.462, 24.601 ], [ -78.234, 24.634 ], [ -78.216, 25.205 ] ] ], [ [ [ -77.913, 26.775 ], [ -77.907, 26.686 ], [ -77.971, 26.653 ], [ -78.555, 26.541 ], [ -78.631, 26.611 ], [ -77.913, 26.775 ] ] ], [ [ [ -77.576, 26.917 ], [ -77.022, 26.556 ], [ -77.204, 25.847 ], [ -77.406, 26.005 ], [ -77.203, 26.15 ], [ -77.13, 26.549 ], [ -77.548, 26.894 ], [ -77.623, 26.862 ], [ -77.828, 26.915 ], [ -77.576, 26.917 ] ] ] ] } },
{ "type": "Feature", "properties": { }, "geometry": { "type": "Polygon", "coordinates": [ [ [ -63.618, 15.666 ], [ -63.619, 15.671 ], [ -63.618, 15.671 ], [ -63.617, 15.668 ], [ -63.618, 15.666 ] ] ] } },
{ "type": "Feature", "properties": { }, "geometry": { "type": "Polygon", "coordinates": [ [ [ -60.941, 14.107 ], [ -60.873, 13.975 ], [ -60.947, 13.708 ], [ -61.08, 13.864 ], [ -60.941, 14.107 ] ] ] } },
{ "type": "Feature", "properties": { }, "geometry": { "type": "Polygon", "coordinates": [ [ [ -75.027, 18.413 ], [ -75.005, 18.41 ], [ -75.001, 18.393 ], [ -75.018, 18.395 ], [ -75.027, 18.413 ] ] ] } },
{ "type": "Feature", "properties": { }, "geometry": { "type": "Polygon", "coordinates": [ [ [ -61.165, 13.383 ], [ -61.115, 13.24 ], [ -61.146, 13.15 ], [ -61.193, 13.122 ], [ -61.165, 13.383 ] ] ] } },
{ "type": "Feature", "properties": { }, "geometry": { "type": "Polygon", "coordinates": [ [ [ -64.564, 18.459 ], [ -64.578, 18.414 ], [ -64.717, 18.389 ], [ -64.644, 18.454 ], [ -64.564, 18.459 ] ] ] } },
{ "type": "Feature", "properties": { }, "geometry": { "type": "Polygon", "coordinates": [ [ [ -59.612, 13.335 ], [ -59.422, 13.155 ], [ -59.516, 13.047 ], [ -59.632, 13.102 ], [ -59.612, 13.335 ] ] ] } },
{ "type": "Feature", "properties": { }, "geometry": { "type": "MultiPolygon", "coordinates": [ [ [ [ -61.742, 16.361 ], [ -61.542, 16.231 ], [ -61.697, 15.947 ], [ -61.81, 16.273 ], [ -61.742, 16.361 ] ] ], [ [ [ -61.465, 16.511 ], [ -61.38, 16.344 ], [ -61.174, 16.243 ], [ -61.53, 16.216 ], [ -61.465, 16.511 ] ] ] ] } },
{ "type": "Feature", "properties": { }, "geometry": { "type": "Polygon", "coordinates": [ [ [ -62.969, 18.276 ], [ -62.986, 18.228 ], [ -63.013, 18.21 ], [ -63.173, 18.16 ], [ -62.969, 18.276 ] ] ] } },
{ "type": "Feature", "properties": { }, "geometry": { "type": "MultiPolygon", "coordinates": [ [ [ [ -73.186, 18.966 ], [ -72.847, 18.836 ], [ -72.808, 18.705 ], [ -73.3, 18.912 ], [ -73.186, 18.966 ] ] ], [ [ [ -72.819, 19.953 ], [ -72.318, 19.707 ], [ -71.735, 19.662 ], [ -71.787, 19.334 ], [ -71.628, 19.143 ], [ -71.882, 18.954 ], [ -71.738, 18.73 ], [ -72.003, 18.625 ], [ -71.693, 18.341 ], [ -71.754, 18.031 ], [ -72.051, 18.237 ], [ -72.816, 18.142 ], [ -73.39, 18.28 ], [ -73.694, 18.237 ], [ -73.877, 18.022 ], [ -74.446, 18.348 ], [ -74.425, 18.616 ], [ -74.207, 18.675 ], [ -72.892, 18.425 ], [ -72.35, 18.544 ], [ -72.322, 18.68 ], [ -72.822, 19.045 ], [ -72.696, 19.458 ], [ -73.455, 19.693 ], [ -73.409, 19.843 ], [ -72.819, 19.953 ] ] ] ] } },
{ "type": "Feature", "properties": { }, "geometry": { "type": "Polygon", "coordinates": [ [ [ -67.08, 18.514 ], [ -65.901, 18.453 ], [ -65.618, 18.388 ], [ -65.59, 18.228 ], [ -66.16, 17.928 ], [ -67.194, 17.933 ], [ -67.271, 18.363 ], [ -67.08, 18.514 ] ] ] } },
{ "type": "Feature", "properties": { }, "geometry": { "type": "Polygon", "coordinates": [ [ [ -64.78, 17.784 ], [ -64.7, 17.746 ], [ -64.565, 17.755 ], [ -64.901, 17.674 ], [ -64.78, 17.784 ] ] ] } },
{ "type": "Feature", "properties": { }, "geometry": { "type": "Polygon", "coordinates": [ [ [ -70.055, 12.623 ], [ -69.888, 12.483 ], [ -69.867, 12.415 ], [ -70.063, 12.539 ], [ -70.055, 12.623 ] ] ] } },
{ "type": "Feature", "properties": { }, "geometry": { "type": "Polygon", "coordinates": [ [ [ -79.539, 9.633 ], [ -78.044, 9.245 ], [ -77.368, 8.675 ], [ -77.448, 8.474 ], [ -77.164, 7.968 ], [ -77.565, 7.506 ], [ -77.741, 7.687 ], [ -77.893, 7.222 ], [ -78.448, 8.056 ], [ -78.283, 8.083 ], [ -78.156, 8.418 ], [ -78.021, 8.231 ], [ -77.809, 8.125 ], [ -78.146, 8.618 ], [ -78.1, 8.411 ], [ -78.161, 8.479 ], [ -78.188, 8.41 ], [ -78.26, 8.39 ], [ -78.206, 8.43 ], [ -78.213, 8.535 ], [ -78.236, 8.548 ], [ -78.369, 8.422 ], [ -78.38, 8.551 ], [ -78.409, 8.58 ], [ -78.418, 8.346 ], [ -78.621, 8.791 ], [ -79.148, 9.011 ], [ -79.706, 8.879 ], [ -79.856, 8.653 ], [ -79.761, 8.592 ], [ -80.475, 8.223 ], [ -79.993, 7.513 ], [ -80.438, 7.24 ], [ -80.888, 7.206 ], [ -81.055, 7.915 ], [ -81.265, 7.935 ], [ -81.226, 7.608 ], [ -81.515, 7.708 ], [ -81.763, 8.226 ], [ -82.151, 8.284 ], [ -82.116, 8.217 ], [ -82.141, 8.166 ], [ -82.162, 8.166 ], [ -82.201, 8.382 ], [ -82.704, 8.33 ], [ -82.876, 8.247 ], [ -82.875, 8.03 ], [ -83.052, 8.329 ], [ -82.839, 8.479 ], [ -82.92, 8.765 ], [ -82.712, 8.922 ], [ -82.936, 9.077 ], [ -82.854, 9.621 ], [ -82.343, 9.431 ], [ -82.398, 9.263 ], [ -82.17, 9.157 ], [ -82.243, 8.998 ], [ -81.795, 8.928 ], [ -81.947, 9.137 ], [ -81.882, 9.184 ], [ -81.393, 8.766 ], [ -80.958, 8.818 ], [ -79.8, 9.358 ], [ -79.539, 9.633 ] ] ] } },
{ "type": "Feature", "properties": { }, "geometry": { "type": "Polygon", "coordinates": [ [ [ -89.384, 14.428 ], [ -89.101, 14.404 ], [ -88.468, 13.85 ], [ -88.231, 13.998 ], [ -87.799, 13.918 ], [ -87.716, 13.467 ], [ -87.84, 13.447 ], [ -87.89, 13.372 ], [ -87.779, 13.292 ], [ -87.9, 13.155 ], [ -88.472, 13.171 ], [ -89.806, 13.523 ], [ -90.124, 13.741 ], [ -89.521, 14.222 ], [ -89.572, 14.406 ], [ -89.384, 14.428 ] ] ] } },
{ "type": "Feature", "properties": { }, "geometry": { "type": "Polygon", "coordinates": [ [ [ -83.36, 15.0 ], [ -83.284, 14.974 ], [ -83.209, 14.993 ], [ -83.145, 14.998 ], [ -83.13, 14.988 ], [ -83.313, 14.778 ], [ -83.199, 14.328 ], [ -83.557, 13.449 ], [ -83.49, 12.398 ], [ -83.642, 12.375 ], [ -83.543, 12.773 ], [ -83.625, 12.818 ], [ -83.596, 12.624 ], [ -83.793, 12.479 ], [ -83.679, 12.272 ], [ -83.618, 12.353 ], [ -83.684, 12.002 ], [ -83.719, 12.048 ], [ -83.804, 12.061 ], [ -83.84, 11.881 ], [ -83.643, 11.615 ], [ -83.88, 11.292 ], [ -83.686, 10.79 ], [ -83.936, 10.708 ], [ -84.361, 10.994 ], [ -84.681, 11.079 ], [ -84.914, 10.941 ], [ -85.61, 11.217 ], [ -85.743, 11.087 ], [ -86.52, 11.776 ], [ -86.766, 12.192 ], [ -87.692, 12.912 ], [ -87.577, 13.091 ], [ -87.386, 12.908 ], [ -86.96, 13.031 ], [ -86.908, 13.256 ], [ -86.705, 13.3 ], [ -86.763, 13.773 ], [ -86.346, 13.762 ], [ -86.012, 14.077 ], [ -85.749, 13.835 ], [ -85.754, 13.965 ], [ -85.184, 14.251 ], [ -85.151, 14.567 ], [ -84.903, 14.808 ], [ -84.469, 14.615 ], [ -83.36, 15.0 ] ] ] } },
{ "type": "Feature", "properties": { }, "geometry": { "type": "MultiPolygon", "coordinates": [ [ [ [ -112.189, 28.977 ], [ -112.309, 28.747 ], [ -112.584, 28.877 ], [ -112.457, 29.194 ], [ -112.289, 29.228 ], [ -112.189, 28.977 ] ] ], [ [ [ -113.168, 29.279 ], [ -113.116, 28.987 ], [ -113.497, 29.284 ], [ -113.558, 29.554 ], [ -113.168, 29.279 ] ] ], [ [ [ -114.806, 32.492 ], [ -111.065, 31.329 ], [ -108.206, 31.331 ], [ -108.203, 31.783 ], [ -106.407, 31.747 ], [ -104.921, 30.6 ], [ -104.506, 29.635 ], [ -103.278, 28.985 ], [ -102.865, 29.219 ], [ -102.667, 29.744 ], [ -102.314, 29.879 ], [ -101.401, 29.768 ], [ -100.675, 29.102 ], [ -100.287, 28.277 ], [ -99.515, 27.563 ], [ -99.451, 27.018 ], [ -99.112, 26.419 ], [ -98.205, 26.054 ], [ -97.663, 26.031 ], [ -97.423, 25.836 ], [ -97.146, 25.956 ], [ -97.189, 25.663 ], [ -97.424, 25.237 ], [ -97.445, 25.449 ], [ -97.762, 24.963 ], [ -97.721, 24.991 ], [ -97.631, 24.921 ], [ -97.77, 24.769 ], [ -97.708, 24.658 ], [ -97.767, 22.891 ], [ -97.892, 22.492 ], [ -97.404, 21.043 ], [ -96.449, 19.848 ], [ -96.285, 19.31 ], [ -96.327, 19.349 ], [ -96.335, 19.351 ], [ -96.338, 19.351 ], [ -96.357, 19.348 ], [ -96.373, 19.361 ], [ -96.374, 19.358 ], [ -95.899, 18.857 ], [ -94.816, 18.538 ], [ -94.589, 18.184 ], [ -94.415, 18.166 ], [ -94.433, 18.096 ], [ -94.436, 18.11 ], [ -94.439, 18.112 ], [ -94.505, 18.115 ], [ -94.52, 18.101 ], [ -94.524, 18.112 ], [ -94.516, 18.112 ], [ -94.513, 18.118 ], [ -94.514, 18.124 ], [ -94.516, 18.129 ], [ -94.538, 18.142 ], [ -94.567, 18.137 ], [ -94.588, 18.12 ], [ -94.447, 18.014 ], [ -94.413, 18.166 ], [ -92.341, 18.671 ], [ -91.956, 18.696 ], [ -91.855, 18.611 ], [ -91.882, 18.564 ], [ -91.935, 18.616 ], [ -92.201, 18.608 ], [ -92.314, 18.531 ], [ -92.304, 18.492 ], [ -92.077, 18.589 ], [ -91.977, 18.468 ], [ -91.961, 18.581 ], [ -91.794, 18.494 ], [ -91.805, 18.449 ], [ -91.826, 18.446 ], [ -91.82, 18.437 ], [ -91.83, 18.435 ], [ -91.837, 18.428 ], [ -91.838, 18.424 ], [ -91.803, 18.427 ], [ -91.789, 18.375 ], [ -91.697, 18.333 ], [ -91.771, 18.486 ], [ -91.49, 18.454 ], [ -91.51, 18.415 ], [ -91.509, 18.384 ], [ -91.497, 18.382 ], [ -91.507, 18.379 ], [ -91.525, 18.348 ], [ -91.51, 18.323 ], [ -91.226, 18.625 ], [ -91.346, 18.885 ], [ -91.209, 18.922 ], [ -91.1, 19.032 ], [ -91.225, 18.957 ], [ -91.374, 18.903 ], [ -91.473, 18.783 ], [ -91.499, 18.79 ], [ -91.391, 18.894 ], [ -90.762, 19.304 ], [ -90.712, 19.672 ], [ -90.441, 19.956 ], [ -90.493, 20.489 ], [ -90.257, 21.04 ], [ -88.121, 21.611 ], [ -88.064, 21.56 ], [ -87.882, 21.569 ], [ -87.772, 21.504 ], [ -87.628, 21.478 ], [ -87.59, 21.494 ], [ -87.748, 21.521 ], [ -87.916, 21.589 ], [ -88.015, 21.584 ], [ -88.111, 21.618 ], [ -88.17, 21.607 ], [ -88.177, 21.613 ], [ -88.139, 21.624 ], [ -87.954, 21.608 ], [ -87.196, 21.383 ], [ -87.084, 21.581 ], [ -86.821, 21.2 ], [ -86.821, 21.416 ], [ -86.797, 21.408 ], [ -86.741, 21.135 ], [ -87.423, 20.226 ], [ -87.478, 20.077 ], [ -87.478, 20.005 ], [ -87.437, 19.93 ], [ -87.432, 19.908 ], [ -87.43, 19.885 ], [ -87.469, 19.78 ], [ -87.431, 19.886 ], [ -87.468, 19.945 ], [ -87.742, 19.67 ], [ -87.693, 19.481 ], [ -87.615, 19.552 ], [ -87.496, 19.532 ], [ -87.499, 19.55 ], [ -87.474, 19.568 ], [ -87.463, 19.556 ], [ -87.715, 19.226 ], [ -87.445, 19.311 ], [ -87.842, 18.213 ], [ -88.074, 18.479 ], [ -87.974, 18.78 ], [ -88.04, 18.889 ], [ -88.285, 18.494 ], [ -88.513, 18.462 ], [ -88.843, 17.867 ], [ -89.028, 18.004 ], [ -89.147, 17.81 ], [ -90.982, 17.815 ], [ -90.99, 17.259 ], [ -91.438, 17.25 ], [ -90.386, 16.408 ], [ -90.423, 16.097 ], [ -91.725, 16.08 ], [ -92.214, 15.262 ], [ -92.06, 15.071 ], [ -92.23, 14.533 ], [ -94.124, 16.223 ], [ -94.382, 16.303 ], [ -94.444, 16.216 ], [ -94.093, 16.09 ], [ -93.969, 15.99 ], [ -94.926, 16.219 ], [ -96.557, 15.657 ], [ -97.783, 15.981 ], [ -98.771, 16.554 ], [ -99.663, 16.698 ], [ -100.121, 16.949 ], [ -99.968, 16.901 ], [ -100.0, 16.961 ], [ -101.062, 17.265 ], [ -102.029, 17.998 ], [ -102.191, 17.915 ], [ -103.493, 18.329 ], [ -103.826, 18.766 ], [ -105.029, 19.385 ], [ -105.686, 20.367 ], [ -105.245, 20.582 ], [ -105.539, 20.771 ], [ -105.246, 21.039 ], [ -105.187, 21.458 ], [ -105.449, 21.632 ], [ -105.466, 21.982 ], [ -105.542, 21.826 ], [ -105.649, 22.009 ], [ -105.639, 22.18 ], [ -105.539, 21.967 ], [ -105.327, 22.141 ], [ -105.607, 22.296 ], [ -105.641, 22.729 ], [ -105.774, 22.78 ], [ -105.789, 22.73 ], [ -105.7, 22.475 ], [ -107.136, 24.153 ], [ -107.181, 24.118 ], [ -107.282, 24.242 ], [ -107.416, 24.246 ], [ -107.62, 24.388 ], [ -107.803, 24.49 ], [ -107.813, 24.504 ], [ -107.494, 24.314 ], [ -107.519, 24.535 ], [ -108.0, 24.653 ], [ -108.012, 25.077 ], [ -108.357, 25.331 ], [ -108.389, 25.186 ], [ -108.681, 25.539 ], [ -109.047, 25.466 ], [ -109.117, 25.547 ], [ -108.986, 25.536 ], [ -108.889, 25.651 ], [ -108.909, 25.674 ], [ -109.287, 25.656 ], [ -109.414, 25.828 ], [ -109.435, 25.995 ], [ -109.329, 26.082 ], [ -109.374, 26.101 ], [ -109.288, 26.278 ], [ -109.249, 26.315 ], [ -109.304, 26.133 ], [ -109.214, 26.338 ], [ -109.123, 26.172 ], [ -109.091, 26.285 ], [ -109.236, 26.399 ], [ -109.234, 26.457 ], [ -109.258, 26.476 ], [ -109.249, 26.439 ], [ -109.248, 26.379 ], [ -109.253, 26.327 ], [ -109.26, 26.321 ], [ -109.483, 26.744 ], [ -109.819, 26.75 ], [ -109.971, 27.107 ], [ -110.522, 27.29 ], [ -110.624, 27.622 ], [ -110.512, 27.86 ], [ -111.105, 27.936 ], [ -111.457, 28.316 ], [ -111.374, 28.372 ], [ -111.71, 28.458 ], [ -111.952, 28.759 ], [ -111.868, 28.74 ], [ -111.844, 28.807 ], [ -112.171, 28.968 ], [ -112.233, 29.307 ], [ -112.41, 29.345 ], [ -113.085, 30.681 ], [ -113.103, 31.202 ], [ -113.624, 31.328 ], [ -113.659, 31.499 ], [ -113.976, 31.66 ], [ -114.165, 31.497 ], [ -114.788, 31.822 ], [ -114.944, 31.324 ], [ -114.71, 30.907 ], [ -114.565, 30.011 ], [ -113.638, 29.284 ], [ -113.526, 28.893 ], [ -113.22, 28.825 ], [ -113.104, 28.506 ], [ -112.846, 28.44 ], [ -112.703, 27.754 ], [ -111.953, 27.096 ], [ -111.766, 26.55 ], [ -111.821, 26.896 ], [ -111.442, 26.518 ], [ -111.306, 25.774 ], [ -110.657, 24.806 ], [ -110.68, 24.356 ], [ -110.325, 24.176 ], [ -110.393, 24.1 ], [ -110.305, 24.175 ], [ -110.283, 24.354 ], [ -109.828, 24.062 ], [ -109.697, 23.662 ], [ -109.423, 23.445 ], [ -109.495, 23.15 ], [ -109.984, 22.88 ], [ -110.328, 23.56 ], [ -111.638, 24.56 ], [ -111.82, 24.513 ], [ -111.839, 24.634 ], [ -111.998, 24.88 ], [ -111.951, 24.752 ], [ -112.041, 24.85 ], [ -112.042, 24.753 ], [ -112.079, 24.726 ], [ -112.166, 24.956 ], [ -111.979, 25.506 ], [ -112.191, 25.984 ], [ -113.059, 26.596 ], [ -113.232, 26.789 ], [ -113.138, 26.858 ], [ -113.165, 26.993 ], [ -113.266, 26.754 ], [ -113.45, 26.832 ], [ -113.547, 26.72 ], [ -113.576, 26.705 ], [ -113.61, 26.715 ], [ -113.855, 26.972 ], [ -114.435, 27.177 ], [ -114.513, 27.417 ], [ -115.026, 27.74 ], [ -115.056, 27.861 ], [ -114.315, 27.874 ], [ -114.109, 27.603 ], [ -113.957, 27.657 ], [ -114.071, 27.812 ], [ -114.04, 27.736 ], [ -114.051, 27.715 ], [ -114.184, 27.75 ], [ -114.15, 27.951 ], [ -114.276, 27.905 ], [ -114.039, 28.025 ], [ -114.047, 28.467 ], [ -114.965, 29.373 ], [ -115.699, 29.755 ], [ -116.058, 30.795 ], [ -116.337, 30.968 ], [ -116.361, 31.241 ], [ -116.691, 31.554 ], [ -116.614, 31.844 ], [ -116.88, 32.018 ], [ -117.124, 32.534 ], [ -114.717, 32.717 ], [ -114.785, 32.622 ], [ -114.806, 32.492 ] ], [ [ -91.52, 18.315 ], [ -91.522, 18.325 ], [ -91.538, 18.324 ], [ -91.561, 18.314 ], [ -91.56, 18.298 ], [ -91.548, 18.283 ], [ -91.51, 18.323 ], [ -91.52, 18.315 ] ] ] ] } },
{ "type": "Feature", "properties": { }, "geometry": { "type": "Polygon", "coordinates": [ [ [ -86.001, 16.028 ], [ -85.859, 16.006 ], [ -85.732, 15.971 ], [ -85.596, 15.899 ], [ -85.561, 15.884 ], [ -85.498, 15.863 ], [ -85.487, 15.86 ], [ -85.039, 15.986 ], [ -84.306, 15.817 ], [ -83.728, 15.393 ], [ -83.922, 15.442 ], [ -83.963, 15.506 ], [ -83.983, 15.497 ], [ -84.016, 15.517 ], [ -84.042, 15.526 ], [ -84.056, 15.525 ], [ -84.097, 15.338 ], [ -83.964, 15.391 ], [ -83.743, 15.182 ], [ -83.625, 15.319 ], [ -83.738, 15.358 ], [ -83.72, 15.397 ], [ -83.135, 15.004 ], [ -83.498, 15.003 ], [ -84.469, 14.615 ], [ -84.903, 14.808 ], [ -85.151, 14.567 ], [ -85.184, 14.251 ], [ -85.754, 13.965 ], [ -85.749, 13.835 ], [ -86.012, 14.077 ], [ -86.346, 13.762 ], [ -86.763, 13.773 ], [ -86.705, 13.3 ], [ -86.908, 13.256 ], [ -87.049, 12.985 ], [ -87.431, 13.101 ], [ -87.515, 13.275 ], [ -87.391, 13.36 ], [ -87.367, 13.396 ], [ -87.372, 13.395 ], [ -87.368, 13.4 ], [ -87.372, 13.406 ], [ -87.586, 13.306 ], [ -87.66, 13.347 ], [ -87.576, 13.378 ], [ -87.577, 13.474 ], [ -87.718, 13.358 ], [ -87.817, 13.407 ], [ -87.799, 13.918 ], [ -88.231, 13.998 ], [ -88.468, 13.85 ], [ -89.101, 14.404 ], [ -89.353, 14.418 ], [ -89.155, 14.572 ], [ -89.154, 15.065 ], [ -87.952, 15.864 ], [ -86.364, 15.78 ], [ -85.817, 15.971 ], [ -86.001, 16.028 ] ] ] } },
{ "type": "Feature", "properties": { }, "geometry": { "type": "Polygon", "coordinates": [ [ [ -89.146, 17.342 ], [ -89.222, 15.892 ], [ -88.829, 15.874 ], [ -88.621, 15.694 ], [ -88.491, 15.85 ], [ -88.611, 15.936 ], [ -88.603, 15.966 ], [ -88.221, 15.72 ], [ -89.154, 15.065 ], [ -89.155, 14.572 ], [ -89.572, 14.406 ], [ -89.521, 14.222 ], [ -90.027, 13.936 ], [ -90.108, 13.737 ], [ -91.336, 13.962 ], [ -92.23, 14.531 ], [ -92.06, 15.071 ], [ -92.214, 15.262 ], [ -91.725, 16.08 ], [ -90.441, 16.068 ], [ -90.423, 16.097 ], [ -90.386, 16.408 ], [ -91.438, 17.25 ], [ -90.99, 17.259 ], [ -90.982, 17.815 ], [ -89.147, 17.81 ], [ -89.146, 17.342 ] ] ] } },
{ "type": "Feature", "properties": { }, "geometry": { "type": "Polygon", "coordinates": [ [ [ -85.421, 11.126 ], [ -84.914, 10.941 ], [ -84.681, 11.079 ], [ -84.361, 10.994 ], [ -83.936, 10.708 ], [ -83.64, 10.91 ], [ -83.39, 10.356 ], [ -82.552, 9.549 ], [ -82.854, 9.621 ], [ -82.936, 9.476 ], [ -82.936, 9.077 ], [ -82.712, 8.922 ], [ -82.92, 8.765 ], [ -82.839, 8.479 ], [ -83.053, 8.334 ], [ -82.942, 8.271 ], [ -82.886, 8.107 ], [ -82.9, 8.04 ], [ -83.145, 8.366 ], [ -83.121, 8.602 ], [ -83.464, 8.726 ], [ -83.277, 8.387 ], [ -83.589, 8.459 ], [ -83.735, 8.599 ], [ -83.57, 8.85 ], [ -83.64, 9.052 ], [ -84.246, 9.494 ], [ -84.618, 9.582 ], [ -84.774, 9.996 ], [ -85.217, 10.183 ], [ -85.238, 10.253 ], [ -85.283, 10.298 ], [ -85.314, 10.325 ], [ -85.359, 10.324 ], [ -84.864, 9.829 ], [ -85.111, 9.559 ], [ -85.254, 9.79 ], [ -85.668, 9.904 ], [ -85.875, 10.357 ], [ -85.658, 10.766 ], [ -85.95, 10.89 ], [ -85.713, 10.922 ], [ -85.615, 11.217 ], [ -85.421, 11.126 ] ] ] } },
{ "type": "Feature", "properties": { }, "geometry": { "type": "Polygon", "coordinates": [ [ [ -109.213, 10.287 ], [ -109.233, 10.305 ], [ -109.227, 10.319 ], [ -109.2, 10.307 ], [ -109.213, 10.287 ] ] ] } },
{ "type": "Feature", "properties": { }, "geometry": { "type": "Polygon", "coordinates": [ [ [ -88.381, 18.486 ], [ -88.392, 18.34 ], [ -88.097, 18.374 ], [ -88.295, 17.648 ], [ -88.181, 17.495 ], [ -88.251, 16.806 ], [ -88.919, 15.889 ], [ -89.217, 15.889 ], [ -89.145, 17.945 ], [ -88.843, 17.867 ], [ -88.381, 18.486 ] ] ] } },
{ "type": "Feature", "properties": { }, "geometry": { "type": "MultiPolygon", "coordinates": [ [ [ [ -155.212, 19.974 ], [ -154.807, 19.518 ], [ -155.677, 18.911 ], [ -155.907, 19.079 ], [ -156.062, 19.728 ], [ -155.831, 19.974 ], [ -155.851, 20.268 ], [ -155.212, 19.974 ] ] ], [ [ [ -156.474, 20.891 ], [ -156.239, 20.935 ], [ -155.988, 20.707 ], [ -156.413, 20.583 ], [ -156.688, 20.882 ], [ -156.6, 21.031 ], [ -156.474, 20.891 ] ] ], [ [ [ -156.971, 21.215 ], [ -156.71, 21.157 ], [ -157.301, 21.094 ], [ -157.247, 21.221 ], [ -156.971, 21.215 ] ] ], [ [ [ -157.722, 21.459 ], [ -157.692, 21.263 ], [ -158.106, 21.296 ], [ -158.23, 21.481 ], [ -158.28, 21.575 ], [ -157.983, 21.71 ], [ -157.722, 21.459 ] ] ], [ [ [ -159.292, 22.127 ], [ -159.419, 21.882 ], [ -159.785, 22.015 ], [ -159.401, 22.232 ], [ -159.292, 22.127 ] ] ], [ [ [ -72.657, 40.916 ], [ -71.856, 41.071 ], [ -72.874, 40.737 ], [ -74.041, 40.616 ], [ -73.633, 40.903 ], [ -73.193, 40.876 ], [ -72.243, 41.16 ], [ -72.657, 40.916 ] ] ], [ [ [ -70.063, 42.043 ], [ -69.978, 41.934 ], [ -69.929, 41.745 ], [ -69.996, 41.718 ], [ -69.945, 41.703 ], [ -69.943, 41.664 ], [ -69.958, 41.621 ], [ -70.687, 41.522 ], [ -70.555, 41.773 ], [ -70.301, 41.703 ], [ -70.006, 41.799 ], [ -70.196, 42.082 ], [ -70.063, 42.043 ] ] ], [ [ [ -87.204, 44.876 ], [ -87.376, 44.83 ], [ -87.238, 45.168 ], [ -87.009, 45.295 ], [ -87.204, 44.876 ] ] ], [ [ [ -88.913, 47.891 ], [ -89.235, 47.853 ], [ -89.179, 47.935 ], [ -88.423, 48.19 ], [ -88.913, 47.891 ] ] ], [ [ [ -122.506, 48.298 ], [ -122.734, 48.228 ], [ -122.376, 48.034 ], [ -122.379, 47.905 ], [ -122.771, 48.224 ], [ -122.595, 48.397 ], [ -122.506, 48.298 ] ] ], [ [ [ -94.78, 29.53 ], [ -94.743, 29.804 ], [ -94.908, 29.656 ], [ -94.983, 29.748 ], [ -94.979, 29.452 ], [ -94.81, 29.364 ], [ -95.211, 29.214 ], [ -95.26, 28.986 ], [ -95.157, 29.07 ], [ -95.124, 29.071 ], [ -95.383, 28.869 ], [ -96.314, 28.417 ], [ -95.972, 28.657 ], [ -96.179, 28.594 ], [ -96.173, 28.763 ], [ -96.362, 28.627 ], [ -96.389, 28.729 ], [ -96.441, 28.772 ], [ -96.38, 28.621 ], [ -96.465, 28.578 ], [ -96.494, 28.567 ], [ -96.663, 28.724 ], [ -96.487, 28.511 ], [ -96.561, 28.493 ], [ -96.584, 28.455 ], [ -96.395, 28.446 ], [ -96.675, 28.322 ], [ -96.648, 28.336 ], [ -96.658, 28.335 ], [ -96.66, 28.338 ], [ -96.65, 28.337 ], [ -96.645, 28.339 ], [ -96.645, 28.34 ], [ -96.809, 28.479 ], [ -96.86, 28.413 ], [ -96.792, 28.36 ], [ -96.787, 28.234 ], [ -97.242, 28.079 ], [ -97.182, 27.971 ], [ -97.128, 28.06 ], [ -97.053, 28.118 ], [ -97.02, 28.105 ], [ -97.191, 27.823 ], [ -97.262, 27.88 ], [ -97.516, 27.871 ], [ -97.244, 27.69 ], [ -97.403, 27.333 ], [ -97.508, 27.275 ], [ -97.514, 27.281 ], [ -97.532, 27.279 ], [ -97.545, 27.285 ], [ -97.452, 27.33 ], [ -97.467, 27.459 ], [ -97.536, 27.444 ], [ -97.538, 27.487 ], [ -97.527, 27.496 ], [ -97.525, 27.525 ], [ -97.535, 27.535 ], [ -97.536, 27.54 ], [ -97.538, 27.541 ], [ -97.56, 27.408 ], [ -97.475, 27.397 ], [ -97.612, 27.285 ], [ -97.686, 27.405 ], [ -97.745, 27.423 ], [ -97.654, 27.305 ], [ -97.725, 27.269 ], [ -97.755, 27.287 ], [ -97.789, 27.284 ], [ -97.799, 27.276 ], [ -97.542, 27.204 ], [ -97.422, 27.262 ], [ -97.587, 26.848 ], [ -97.199, 26.075 ], [ -97.402, 25.949 ], [ -97.157, 26.002 ], [ -97.182, 26.054 ], [ -97.163, 26.064 ], [ -97.145, 26.065 ], [ -97.15, 25.948 ], [ -97.423, 25.836 ], [ -97.663, 26.031 ], [ -98.205, 26.054 ], [ -99.112, 26.419 ], [ -99.451, 27.018 ], [ -99.515, 27.563 ], [ -100.287, 28.277 ], [ -100.675, 29.102 ], [ -101.401, 29.768 ], [ -102.314, 29.879 ], [ -102.671, 29.742 ], [ -103.115, 28.988 ], [ -103.384, 29.023 ], [ -104.506, 29.635 ], [ -104.921, 30.6 ], [ -106.407, 31.747 ], [ -108.203, 31.783 ], [ -108.206, 31.331 ], [ -111.065, 31.329 ], [ -114.806, 32.492 ], [ -114.717, 32.717 ], [ -117.124, 32.535 ], [ -117.477, 33.304 ], [ -118.099, 33.766 ], [ -118.411, 33.741 ], [ -118.52, 34.027 ], [ -119.127, 34.1 ], [ -119.563, 34.415 ], [ -120.472, 34.448 ], [ -120.651, 34.577 ], [ -120.645, 35.141 ], [ -121.903, 36.306 ], [ -121.979, 36.58 ], [ -121.809, 36.85 ], [ -122.337, 37.118 ], [ -122.518, 37.524 ], [ -122.41, 37.811 ], [ -122.358, 37.589 ], [ -122.126, 37.431 ], [ -121.909, 37.428 ], [ -122.429, 37.965 ], [ -121.698, 38.008 ], [ -121.701, 38.11 ], [ -122.404, 38.153 ], [ -122.528, 37.815 ], [ -122.928, 38.091 ], [ -122.964, 37.99 ], [ -123.024, 37.995 ], [ -122.995, 38.241 ], [ -122.932, 38.188 ], [ -122.894, 38.133 ], [ -122.889, 38.132 ], [ -122.883, 38.123 ], [ -122.87, 38.115 ], [ -122.832, 38.078 ], [ -122.824, 38.073 ], [ -122.825, 38.091 ], [ -123.728, 38.919 ], [ -123.852, 39.833 ], [ -124.363, 40.261 ], [ -124.387, 40.51 ], [ -124.083, 40.831 ], [ -124.152, 40.865 ], [ -124.2, 40.782 ], [ -124.222, 40.759 ], [ -124.229, 40.762 ], [ -124.233, 40.764 ], [ -124.239, 40.769 ], [ -124.063, 41.44 ], [ -124.566, 42.836 ], [ -124.386, 43.33 ], [ -124.166, 43.37 ], [ -124.227, 43.47 ], [ -124.237, 43.431 ], [ -124.276, 43.42 ], [ -124.321, 43.362 ], [ -124.334, 43.356 ], [ -124.338, 43.357 ], [ -124.347, 43.359 ], [ -124.155, 43.877 ], [ -123.962, 45.567 ], [ -123.933, 45.499 ], [ -123.865, 45.501 ], [ -124.069, 46.234 ], [ -123.785, 46.078 ], [ -123.867, 46.189 ], [ -123.535, 46.236 ], [ -123.483, 46.228 ], [ -123.424, 46.169 ], [ -123.381, 46.138 ], [ -123.363, 46.135 ], [ -123.36, 46.125 ], [ -123.351, 46.121 ], [ -122.956, 46.107 ], [ -123.696, 46.306 ], [ -124.085, 46.265 ], [ -124.066, 46.649 ], [ -123.958, 46.36 ], [ -123.829, 46.71 ], [ -124.085, 46.737 ], [ -124.158, 46.906 ], [ -124.022, 46.832 ], [ -123.691, 46.958 ], [ -124.039, 47.058 ], [ -124.148, 47.031 ], [ -124.1, 46.931 ], [ -124.18, 46.927 ], [ -124.731, 48.383 ], [ -123.981, 48.165 ], [ -123.102, 48.185 ], [ -122.888, 47.991 ], [ -122.885, 48.105 ], [ -122.754, 48.144 ], [ -122.61, 47.887 ], [ -122.694, 47.868 ], [ -122.785, 47.687 ], [ -122.804, 47.851 ], [ -122.864, 47.824 ], [ -123.16, 47.354 ], [ -123.03, 47.351 ], [ -122.849, 47.433 ], [ -123.119, 47.391 ], [ -122.564, 47.822 ], [ -122.613, 47.941 ], [ -122.471, 47.757 ], [ -122.653, 47.746 ], [ -122.698, 47.527 ], [ -122.495, 47.51 ], [ -122.576, 47.258 ], [ -122.696, 47.284 ], [ -122.624, 47.372 ], [ -122.631, 47.397 ], [ -122.627, 47.404 ], [ -122.627, 47.41 ], [ -122.629, 47.412 ], [ -122.771, 47.168 ], [ -122.819, 47.407 ], [ -123.092, 47.213 ], [ -122.938, 47.198 ], [ -122.963, 47.17 ], [ -123.047, 47.155 ], [ -123.087, 47.135 ], [ -123.018, 47.152 ], [ -123.022, 47.123 ], [ -123.062, 47.12 ], [ -123.084, 47.107 ], [ -123.086, 47.098 ], [ -123.08, 47.1 ], [ -123.083, 47.094 ], [ -123.08, 47.092 ], [ -122.919, 47.174 ], [ -123.016, 47.075 ], [ -122.992, 47.036 ], [ -122.815, 47.178 ], [ -122.727, 47.101 ], [ -122.733, 47.075 ], [ -122.732, 47.071 ], [ -122.727, 47.069 ], [ -122.72, 47.068 ], [ -122.725, 47.066 ], [ -122.728, 47.059 ], [ -122.728, 47.058 ], [ -122.728, 47.057 ], [ -122.728, 47.056 ], [ -122.728, 47.055 ], [ -122.728, 47.054 ], [ -122.727, 47.054 ], [ -122.575, 47.188 ], [ -122.547, 47.318 ], [ -122.359, 47.262 ], [ -122.436, 47.662 ], [ -122.184, 48.047 ], [ -122.508, 48.36 ], [ -122.561, 48.583 ], [ -122.419, 48.597 ], [ -122.482, 48.755 ], [ -122.673, 48.732 ], [ -122.757, 49.001 ], [ -95.165, 48.996 ], [ -95.168, 49.389 ], [ -94.965, 49.363 ], [ -94.526, 48.702 ], [ -93.769, 48.518 ], [ -92.98, 48.633 ], [ -92.649, 48.546 ], [ -92.715, 48.456 ], [ -92.508, 48.44 ], [ -92.379, 48.231 ], [ -92.076, 48.363 ], [ -91.583, 48.049 ], [ -90.867, 48.245 ], [ -90.759, 48.087 ], [ -89.506, 47.994 ], [ -90.777, 47.606 ], [ -92.088, 46.794 ], [ -92.252, 46.645 ], [ -90.859, 46.963 ], [ -90.751, 46.888 ], [ -90.949, 46.585 ], [ -90.69, 46.66 ], [ -90.811, 46.729 ], [ -90.794, 46.731 ], [ -90.439, 46.561 ], [ -87.938, 47.48 ], [ -87.71, 47.406 ], [ -88.23, 47.198 ], [ -88.498, 46.755 ], [ -88.145, 46.967 ], [ -88.289, 46.822 ], [ -87.818, 46.891 ], [ -87.362, 46.505 ], [ -86.644, 46.41 ], [ -86.156, 46.671 ], [ -84.957, 46.773 ], [ -85.02, 46.481 ], [ -84.302, 46.487 ], [ -84.25, 46.175 ], [ -84.025, 46.132 ], [ -84.071, 46.094 ], [ -83.909, 46.012 ], [ -83.91, 45.958 ], [ -84.657, 46.057 ], [ -84.754, 45.839 ], [ -85.508, 46.095 ], [ -86.275, 45.943 ], [ -86.614, 45.599 ], [ -86.718, 45.68 ], [ -86.54, 45.888 ], [ -86.968, 45.665 ], [ -87.006, 45.832 ], [ -86.949, 45.875 ], [ -86.969, 45.907 ], [ -86.942, 45.906 ], [ -86.946, 45.926 ], [ -86.945, 45.909 ], [ -86.974, 45.915 ], [ -87.022, 45.86 ], [ -86.998, 45.847 ], [ -87.056, 45.815 ], [ -87.06, 45.71 ], [ -87.6, 45.15 ], [ -87.631, 44.979 ], [ -87.839, 44.932 ], [ -88.003, 44.538 ], [ -87.581, 44.852 ], [ -87.433, 44.893 ], [ -87.39, 44.831 ], [ -87.311, 44.792 ], [ -87.912, 43.256 ], [ -87.757, 42.782 ], [ -87.828, 42.268 ], [ -87.531, 41.748 ], [ -87.6, 41.681 ], [ -87.567, 41.652 ], [ -87.159, 41.631 ], [ -86.606, 41.909 ], [ -86.202, 42.677 ], [ -86.541, 43.64 ], [ -86.255, 44.691 ], [ -85.545, 45.212 ], [ -85.652, 44.849 ], [ -85.475, 44.992 ], [ -85.525, 44.749 ], [ -85.362, 45.287 ], [ -84.915, 45.394 ], [ -85.116, 45.542 ], [ -85.013, 45.764 ], [ -84.729, 45.788 ], [ -83.488, 45.358 ], [ -83.259, 45.025 ], [ -83.458, 45.005 ], [ -83.269, 44.714 ], [ -83.333, 44.335 ], [ -83.882, 43.954 ], [ -83.912, 43.677 ], [ -83.678, 43.589 ], [ -83.404, 43.916 ], [ -82.965, 44.068 ], [ -82.633, 43.833 ], [ -82.418, 42.978 ], [ -82.517, 42.63 ], [ -82.807, 42.648 ], [ -83.479, 41.702 ], [ -82.711, 41.536 ], [ -83.055, 41.452 ], [ -83.008, 41.43 ], [ -82.489, 41.381 ], [ -81.732, 41.491 ], [ -79.149, 42.553 ], [ -78.846, 42.836 ], [ -79.063, 43.264 ], [ -78.103, 43.376 ], [ -77.519, 43.175 ], [ -76.927, 43.207 ], [ -76.232, 43.531 ], [ -76.297, 43.856 ], [ -76.045, 44.005 ], [ -76.2, 43.968 ], [ -76.111, 44.046 ], [ -76.206, 44.08 ], [ -76.281, 43.961 ], [ -76.366, 44.11 ], [ -74.834, 45.013 ], [ -71.537, 45.0 ], [ -71.294, 45.3 ], [ -70.855, 45.233 ], [ -70.259, 45.89 ], [ -70.301, 46.192 ], [ -69.986, 46.7 ], [ -69.226, 47.459 ], [ -68.895, 47.179 ], [ -68.288, 47.365 ], [ -67.787, 47.066 ], [ -67.813, 45.684 ], [ -67.419, 45.574 ], [ -67.462, 45.244 ], [ -67.163, 45.158 ], [ -66.983, 44.912 ], [ -67.175, 44.947 ], [ -67.164, 44.802 ], [ -66.95, 44.814 ], [ -67.715, 44.497 ], [ -67.76, 44.55 ], [ -67.715, 44.623 ], [ -67.711, 44.642 ], [ -67.714, 44.644 ], [ -67.721, 44.644 ], [ -67.713, 44.648 ], [ -67.719, 44.651 ], [ -67.783, 44.521 ], [ -67.925, 44.594 ], [ -67.849, 44.495 ], [ -67.89, 44.408 ], [ -67.899, 44.489 ], [ -67.993, 44.505 ], [ -68.059, 44.332 ], [ -68.217, 44.581 ], [ -68.423, 44.396 ], [ -68.434, 44.401 ], [ -68.421, 44.47 ], [ -68.432, 44.504 ], [ -68.427, 44.509 ], [ -68.423, 44.52 ], [ -68.426, 44.527 ], [ -68.419, 44.532 ], [ -68.424, 44.539 ], [ -68.467, 44.377 ], [ -68.587, 44.413 ], [ -68.526, 44.228 ], [ -68.827, 44.312 ], [ -68.778, 44.492 ], [ -69.033, 44.453 ], [ -68.954, 44.324 ], [ -69.212, 43.931 ], [ -69.171, 44.077 ], [ -69.307, 43.954 ], [ -69.378, 44.095 ], [ -69.515, 43.831 ], [ -69.509, 43.904 ], [ -69.558, 43.862 ], [ -69.581, 43.887 ], [ -69.567, 43.875 ], [ -69.562, 43.924 ], [ -69.58, 43.941 ], [ -69.536, 43.998 ], [ -69.543, 44.018 ], [ -69.514, 44.04 ], [ -69.507, 44.064 ], [ -69.516, 44.066 ], [ -69.591, 43.956 ], [ -69.602, 43.909 ], [ -69.573, 43.853 ], [ -69.604, 43.814 ], [ -69.673, 43.934 ], [ -69.594, 44.014 ], [ -69.621, 44.031 ], [ -69.606, 44.051 ], [ -69.611, 44.057 ], [ -69.607, 44.058 ], [ -69.599, 44.071 ], [ -69.598, 44.072 ], [ -69.601, 44.076 ], [ -69.76, 43.888 ], [ -69.812, 43.995 ], [ -69.831, 43.979 ], [ -69.834, 43.701 ], [ -69.869, 43.911 ], [ -70.025, 43.731 ], [ -70.035, 43.757 ], [ -69.979, 43.814 ], [ -69.946, 43.859 ], [ -69.951, 43.866 ], [ -70.153, 43.817 ], [ -70.311, 43.659 ], [ -70.195, 43.566 ], [ -70.315, 43.527 ], [ -70.307, 43.556 ], [ -70.325, 43.573 ], [ -70.343, 43.555 ], [ -70.35, 43.562 ], [ -70.346, 43.562 ], [ -70.346, 43.566 ], [ -70.351, 43.563 ], [ -70.351, 43.559 ], [ -70.363, 43.565 ], [ -70.369, 43.561 ], [ -70.912, 42.833 ], [ -70.682, 42.592 ], [ -71.061, 42.369 ], [ -70.717, 42.208 ], [ -70.599, 42.004 ], [ -70.638, 41.995 ], [ -70.603, 42.006 ], [ -70.65, 42.069 ], [ -70.657, 42.069 ], [ -70.719, 41.995 ], [ -70.489, 41.78 ], [ -70.555, 41.776 ], [ -70.625, 41.738 ], [ -70.603, 41.762 ], [ -70.625, 41.765 ], [ -70.635, 41.734 ], [ -70.679, 41.746 ], [ -70.642, 41.724 ], [ -70.673, 41.692 ], [ -70.746, 41.738 ], [ -71.195, 41.456 ], [ -71.157, 41.712 ], [ -71.301, 41.649 ], [ -71.307, 41.673 ], [ -71.293, 41.688 ], [ -71.285, 41.717 ], [ -71.288, 41.737 ], [ -71.396, 41.817 ], [ -71.482, 41.36 ], [ -72.066, 41.315 ], [ -72.093, 41.398 ], [ -72.059, 41.468 ], [ -72.076, 41.485 ], [ -72.076, 41.523 ], [ -72.081, 41.524 ], [ -72.112, 41.299 ], [ -72.91, 41.299 ], [ -73.641, 41.012 ], [ -73.791, 40.804 ], [ -73.943, 40.884 ], [ -74.144, 40.644 ], [ -74.075, 40.744 ], [ -74.089, 40.779 ], [ -74.036, 40.79 ], [ -73.999, 40.865 ], [ -74.031, 40.903 ], [ -74.267, 40.499 ], [ -74.306, 40.511 ], [ -74.357, 40.491 ], [ -74.365, 40.472 ], [ -74.293, 40.505 ], [ -74.213, 40.435 ], [ -74.05, 40.455 ], [ -74.008, 40.307 ], [ -73.993, 40.467 ], [ -73.981, 40.283 ], [ -74.06, 40.192 ], [ -74.008, 40.186 ], [ -74.031, 40.102 ], [ -74.101, 40.125 ], [ -74.032, 40.1 ], [ -74.096, 39.765 ], [ -74.048, 40.064 ], [ -74.145, 40.075 ], [ -74.169, 39.713 ], [ -74.372, 39.552 ], [ -74.504, 39.637 ], [ -74.647, 39.633 ], [ -74.404, 39.454 ], [ -74.889, 38.953 ], [ -74.803, 39.188 ], [ -75.028, 39.195 ], [ -75.031, 39.231 ], [ -75.011, 39.233 ], [ -74.976, 39.275 ], [ -74.962, 39.345 ], [ -75.094, 39.212 ], [ -75.364, 39.355 ], [ -75.223, 39.38 ], [ -75.232, 39.418 ], [ -75.541, 39.466 ], [ -75.515, 39.598 ], [ -75.571, 39.626 ], [ -75.255, 39.856 ], [ -75.469, 39.786 ], [ -75.615, 39.617 ], [ -75.592, 39.466 ], [ -75.307, 38.917 ], [ -75.092, 38.803 ], [ -75.062, 38.609 ], [ -75.078, 38.694 ], [ -75.165, 38.705 ], [ -75.288, 38.595 ], [ -75.06, 38.608 ], [ -75.049, 38.467 ], [ -75.053, 38.424 ], [ -75.085, 38.324 ], [ -75.056, 38.519 ], [ -75.189, 38.432 ], [ -75.095, 38.33 ], [ -75.825, 37.493 ], [ -75.969, 37.117 ], [ -76.017, 37.325 ], [ -75.829, 37.568 ], [ -75.939, 37.569 ], [ -75.635, 37.952 ], [ -75.849, 37.924 ], [ -75.722, 38.175 ], [ -75.933, 38.149 ], [ -75.813, 38.232 ], [ -75.974, 38.366 ], [ -76.034, 38.217 ], [ -76.278, 38.382 ], [ -76.328, 38.499 ], [ -76.289, 38.46 ], [ -76.223, 38.54 ], [ -76.161, 38.498 ], [ -76.123, 38.528 ], [ -76.305, 38.573 ], [ -76.183, 38.74 ], [ -76.333, 38.773 ], [ -76.302, 38.825 ], [ -76.253, 38.862 ], [ -76.271, 38.838 ], [ -76.17, 38.742 ], [ -76.092, 38.797 ], [ -76.098, 38.849 ], [ -76.186, 38.784 ], [ -76.294, 38.986 ], [ -76.331, 38.864 ], [ -76.376, 38.851 ], [ -76.186, 39.318 ], [ -75.946, 39.474 ], [ -75.882, 39.439 ], [ -75.873, 39.461 ], [ -75.848, 39.442 ], [ -75.826, 39.441 ], [ -75.789, 39.462 ], [ -75.925, 39.488 ], [ -75.858, 39.512 ], [ -75.827, 39.567 ], [ -75.855, 39.59 ], [ -76.011, 39.45 ], [ -75.961, 39.535 ], [ -75.97, 39.558 ], [ -75.948, 39.577 ], [ -75.943, 39.597 ], [ -75.944, 39.598 ], [ -75.947, 39.599 ], [ -76.227, 39.35 ], [ -76.216, 39.478 ], [ -76.281, 39.448 ], [ -76.282, 39.3 ], [ -76.311, 39.388 ], [ -76.344, 39.391 ], [ -76.351, 39.407 ], [ -76.356, 39.41 ], [ -76.365, 39.412 ], [ -76.418, 39.384 ], [ -76.422, 39.204 ], [ -76.626, 39.274 ], [ -76.395, 39.012 ], [ -76.455, 38.975 ], [ -76.548, 39.067 ], [ -76.565, 39.063 ], [ -76.557, 39.071 ], [ -76.58, 39.069 ], [ -76.6, 39.083 ], [ -76.618, 39.081 ], [ -76.45, 38.941 ], [ -76.469, 38.908 ], [ -76.519, 38.957 ], [ -76.568, 38.955 ], [ -76.572, 38.977 ], [ -76.577, 38.959 ], [ -76.593, 38.964 ], [ -76.606, 38.984 ], [ -76.609, 38.986 ], [ -76.614, 38.983 ], [ -76.588, 38.935 ], [ -76.493, 38.904 ], [ -76.563, 38.748 ], [ -76.381, 38.386 ], [ -76.423, 38.305 ], [ -76.373, 38.299 ], [ -76.399, 38.256 ], [ -76.32, 38.139 ], [ -76.322, 38.038 ], [ -76.462, 38.223 ], [ -76.924, 38.29 ], [ -77.024, 38.506 ], [ -77.25, 38.382 ], [ -77.262, 38.514 ], [ -76.998, 38.695 ], [ -77.019, 38.793 ], [ -77.311, 38.558 ], [ -77.36, 38.348 ], [ -77.042, 38.4 ], [ -77.016, 38.199 ], [ -76.611, 38.148 ], [ -76.494, 37.931 ], [ -76.444, 37.986 ], [ -76.385, 37.914 ], [ -76.379, 37.956 ], [ -76.336, 37.944 ], [ -76.237, 37.89 ], [ -76.443, 37.882 ], [ -76.285, 37.784 ], [ -76.33, 37.525 ], [ -76.389, 37.548 ], [ -76.422, 37.512 ], [ -76.433, 37.53 ], [ -76.447, 37.519 ], [ -76.51, 37.558 ], [ -76.523, 37.55 ], [ -76.545, 37.568 ], [ -76.571, 37.564 ], [ -76.576, 37.578 ], [ -76.592, 37.586 ], [ -76.594, 37.584 ], [ -76.574, 37.56 ], [ -76.511, 37.546 ], [ -76.506, 37.53 ], [ -76.464, 37.527 ], [ -76.473, 37.511 ], [ -76.279, 37.475 ], [ -76.276, 37.309 ], [ -76.443, 37.456 ], [ -76.388, 37.266 ], [ -76.504, 37.245 ], [ -76.651, 37.474 ], [ -76.806, 37.506 ], [ -76.689, 37.292 ], [ -76.27, 37.087 ], [ -76.42, 36.961 ], [ -76.583, 37.199 ], [ -76.87, 37.243 ], [ -76.825, 37.338 ], [ -76.894, 37.405 ], [ -76.917, 37.233 ], [ -76.959, 37.249 ], [ -76.988, 37.305 ], [ -77.015, 37.313 ], [ -77.074, 37.273 ], [ -77.07, 37.328 ], [ -77.262, 37.321 ], [ -77.261, 37.343 ], [ -77.274, 37.355 ], [ -77.3, 37.359 ], [ -77.306, 37.367 ], [ -77.295, 37.395 ], [ -77.298, 37.407 ], [ -77.31, 37.366 ], [ -77.305, 37.359 ], [ -77.269, 37.345 ], [ -77.294, 37.31 ], [ -76.715, 37.125 ], [ -76.686, 37.198 ], [ -76.486, 36.956 ], [ -76.55, 36.918 ], [ -76.48, 36.914 ], [ -76.566, 36.831 ], [ -76.581, 36.752 ], [ -76.575, 36.743 ], [ -76.57, 36.742 ], [ -76.564, 36.745 ], [ -76.564, 36.744 ], [ -76.562, 36.744 ], [ -76.562, 36.742 ], [ -76.561, 36.743 ], [ -76.561, 36.742 ], [ -76.56, 36.743 ], [ -76.56, 36.741 ], [ -76.558, 36.739 ], [ -76.557, 36.739 ], [ -76.557, 36.738 ], [ -76.556, 36.739 ], [ -76.357, 36.924 ], [ -76.337, 36.866 ], [ -76.392, 36.857 ], [ -76.427, 36.812 ], [ -76.409, 36.791 ], [ -76.426, 36.799 ], [ -76.428, 36.799 ], [ -76.429, 36.799 ], [ -76.43, 36.799 ], [ -76.431, 36.799 ], [ -76.432, 36.798 ], [ -76.432, 36.797 ], [ -76.433, 36.796 ], [ -76.434, 36.796 ], [ -76.435, 36.795 ], [ -76.408, 36.788 ], [ -76.317, 36.858 ], [ -76.332, 36.783 ], [ -76.293, 36.73 ], [ -76.288, 36.734 ], [ -76.262, 36.723 ], [ -76.249, 36.726 ], [ -76.243, 36.723 ], [ -76.237, 36.723 ], [ -76.331, 36.964 ], [ -76.078, 36.82 ], [ -75.994, 36.92 ], [ -75.535, 35.786 ], [ -75.729, 36.006 ], [ -75.723, 36.024 ], [ -75.702, 36.009 ], [ -75.68, 36.016 ], [ -75.738, 36.042 ], [ -75.757, 36.181 ], [ -75.88, 36.46 ], [ -75.868, 36.526 ], [ -75.894, 36.538 ], [ -75.887, 36.592 ], [ -75.913, 36.621 ], [ -75.913, 36.664 ], [ -75.95, 36.741 ], [ -75.902, 36.487 ], [ -76.059, 36.657 ], [ -76.096, 36.518 ], [ -75.794, 36.072 ], [ -76.29, 36.219 ], [ -76.193, 36.107 ], [ -76.445, 36.196 ], [ -76.304, 36.094 ], [ -76.737, 35.938 ], [ -76.061, 35.99 ], [ -76.036, 35.646 ], [ -75.862, 35.977 ], [ -75.728, 35.824 ], [ -75.735, 35.625 ], [ -75.892, 35.644 ], [ -76.069, 35.37 ], [ -76.486, 35.41 ], [ -76.598, 35.074 ], [ -76.505, 34.948 ], [ -76.435, 35.058 ], [ -76.471, 34.963 ], [ -76.437, 34.904 ], [ -76.336, 35.026 ], [ -76.276, 34.956 ], [ -76.526, 34.684 ], [ -76.585, 34.702 ], [ -76.559, 34.793 ], [ -76.631, 34.837 ], [ -76.617, 34.708 ], [ -76.729, 34.815 ], [ -76.695, 34.716 ], [ -77.317, 34.547 ], [ -77.354, 34.734 ], [ -77.416, 34.717 ], [ -77.425, 34.763 ], [ -77.447, 34.762 ], [ -77.453, 34.769 ], [ -77.458, 34.764 ], [ -77.458, 34.768 ], [ -77.461, 34.771 ], [ -77.468, 34.771 ], [ -77.369, 34.522 ], [ -77.847, 34.224 ], [ -77.959, 33.841 ], [ -78.383, 33.908 ], [ -78.776, 33.767 ], [ -79.364, 33.01 ], [ -79.963, 32.781 ], [ -79.869, 32.732 ], [ -80.0, 32.604 ], [ -80.479, 32.497 ], [ -80.46, 32.318 ], [ -80.774, 32.303 ], [ -80.667, 32.216 ], [ -80.876, 32.036 ], [ -81.257, 31.952 ], [ -81.207, 31.771 ], [ -81.383, 31.819 ], [ -81.129, 31.632 ], [ -81.292, 31.216 ], [ -81.652, 31.122 ], [ -81.503, 31.032 ], [ -81.673, 31.042 ], [ -81.683, 30.955 ], [ -81.502, 30.946 ], [ -81.651, 30.842 ], [ -81.482, 30.596 ], [ -81.527, 30.562 ], [ -81.535, 30.527 ], [ -81.55, 30.546 ], [ -81.582, 30.544 ], [ -81.584, 30.567 ], [ -81.592, 30.567 ], [ -81.609, 30.555 ], [ -81.6, 30.568 ], [ -81.606, 30.585 ], [ -81.61, 30.553 ], [ -81.587, 30.565 ], [ -81.59, 30.548 ], [ -81.581, 30.539 ], [ -81.552, 30.542 ], [ -81.54, 30.501 ], [ -81.493, 30.501 ], [ -81.489, 30.496 ], [ -81.484, 30.495 ], [ -81.497, 30.55 ], [ -81.455, 30.412 ], [ -81.464, 30.391 ], [ -81.503, 30.394 ], [ -81.462, 30.42 ], [ -81.498, 30.412 ], [ -81.482, 30.435 ], [ -81.525, 30.452 ], [ -81.697, 30.419 ], [ -81.742, 30.279 ], [ -81.638, 30.187 ], [ -81.62, 30.389 ], [ -81.459, 30.352 ], [ -81.427, 30.398 ], [ -81.41, 30.388 ], [ -81.403, 30.395 ], [ -81.393, 30.397 ], [ -81.388, 30.398 ], [ -81.376, 30.396 ], [ -81.17, 29.568 ], [ -80.526, 28.461 ], [ -80.575, 28.121 ], [ -80.384, 27.742 ], [ -80.149, 27.168 ], [ -80.317, 27.43 ], [ -80.109, 27.037 ], [ -80.031, 26.797 ], [ -80.128, 25.913 ], [ -80.4, 25.239 ], [ -80.674, 25.138 ], [ -81.066, 25.125 ], [ -81.145, 25.327 ], [ -80.922, 25.142 ], [ -80.846, 25.252 ], [ -81.039, 25.373 ], [ -80.923, 25.442 ], [ -81.167, 25.466 ], [ -80.975, 25.47 ], [ -80.927, 25.503 ], [ -81.288, 25.858 ], [ -81.739, 25.975 ], [ -81.759, 26.273 ], [ -82.064, 26.566 ], [ -81.988, 26.995 ], [ -82.275, 27.022 ], [ -82.184, 26.936 ], [ -82.157, 26.858 ], [ -82.156, 26.83 ], [ -82.153, 26.829 ], [ -82.148, 26.796 ], [ -82.148, 26.79 ], [ -82.27, 26.828 ], [ -82.692, 27.474 ], [ -82.422, 27.516 ], [ -82.62, 27.586 ], [ -82.385, 27.95 ], [ -82.534, 27.833 ], [ -82.565, 27.936 ], [ -82.538, 27.95 ], [ -82.54, 27.969 ], [ -82.697, 28.037 ], [ -82.583, 27.879 ], [ -82.679, 27.694 ], [ -82.849, 27.871 ], [ -82.579, 28.716 ], [ -82.773, 29.178 ], [ -83.052, 29.174 ], [ -83.404, 29.541 ], [ -83.414, 29.664 ], [ -83.366, 29.665 ], [ -83.362, 29.669 ], [ -83.365, 29.676 ], [ -83.362, 29.678 ], [ -83.359, 29.684 ], [ -83.98, 30.112 ], [ -85.35, 29.666 ], [ -85.421, 29.953 ], [ -86.3, 30.363 ], [ -88.027, 30.225 ], [ -87.754, 30.282 ], [ -88.011, 30.685 ], [ -88.155, 30.328 ], [ -89.002, 30.387 ], [ -89.859, 30.006 ], [ -89.642, 29.862 ], [ -89.485, 30.079 ], [ -89.431, 30.052 ], [ -89.429, 29.818 ], [ -89.292, 29.8 ], [ -89.285, 29.763 ], [ -89.418, 29.756 ], [ -89.435, 29.803 ], [ -89.516, 29.852 ], [ -89.422, 29.697 ], [ -89.708, 29.827 ], [ -89.895, 29.689 ], [ -89.562, 29.393 ], [ -89.267, 29.35 ], [ -89.325, 29.277 ], [ -89.264, 29.204 ], [ -89.251, 29.304 ], [ -89.189, 29.347 ], [ -89.175, 29.216 ], [ -89.129, 29.236 ], [ -89.119, 29.222 ], [ -89.107, 29.227 ], [ -89.107, 29.221 ], [ -89.252, 29.183 ], [ -89.225, 29.148 ], [ -89.015, 29.211 ], [ -89.063, 29.071 ], [ -89.09, 29.118 ], [ -89.193, 29.138 ], [ -89.151, 29.005 ], [ -89.4, 29.325 ], [ -89.595, 29.355 ], [ -89.634, 29.396 ], [ -89.617, 29.414 ], [ -89.63, 29.43 ], [ -89.857, 29.579 ], [ -89.745, 29.495 ], [ -89.898, 29.469 ], [ -90.108, 29.704 ], [ -90.279, 29.557 ], [ -90.056, 29.421 ], [ -90.23, 29.431 ], [ -90.209, 29.246 ], [ -90.352, 29.49 ], [ -90.558, 29.458 ], [ -90.619, 29.235 ], [ -90.783, 29.407 ], [ -90.77, 29.26 ], [ -90.834, 29.237 ], [ -90.946, 29.334 ], [ -90.779, 29.43 ], [ -91.143, 29.349 ], [ -91.816, 29.833 ], [ -92.264, 29.758 ], [ -92.008, 29.613 ], [ -92.324, 29.531 ], [ -93.343, 29.762 ], [ -93.232, 29.894 ], [ -93.312, 30.153 ], [ -93.443, 29.861 ], [ -93.352, 29.824 ], [ -93.345, 29.761 ], [ -94.473, 29.557 ], [ -94.78, 29.53 ] ], [ [ -74.366, 40.49 ], [ -74.377, 40.479 ], [ -74.383, 40.489 ], [ -74.399, 40.492 ], [ -74.412, 40.494 ], [ -74.429, 40.488 ], [ -74.44, 40.501 ], [ -74.448, 40.507 ], [ -74.48, 40.512 ], [ -74.495, 40.53 ], [ -74.514, 40.542 ], [ -74.482, 40.511 ], [ -74.431, 40.487 ], [ -74.376, 40.473 ], [ -74.369, 40.481 ], [ -74.368, 40.47 ], [ -74.365, 40.472 ], [ -74.366, 40.49 ] ], [ [ -74.514, 40.543 ], [ -74.518, 40.554 ], [ -74.525, 40.56 ], [ -74.531, 40.56 ], [ -74.537, 40.559 ], [ -74.547, 40.552 ], [ -74.555, 40.549 ], [ -74.566, 40.543 ], [ -74.526, 40.559 ], [ -74.514, 40.542 ], [ -74.514, 40.543 ] ], [ [ -76.558, 36.738 ], [ -76.558, 36.737 ], [ -76.557, 36.738 ], [ -76.558, 36.738 ] ], [ [ -81.606, 30.587 ], [ -81.615, 30.581 ], [ -81.624, 30.587 ], [ -81.643, 30.58 ], [ -81.614, 30.579 ], [ -81.606, 30.585 ], [ -81.606, 30.587 ] ], [ [ -81.65, 30.578 ], [ -81.66, 30.567 ], [ -81.66, 30.563 ], [ -81.643, 30.58 ], [ -81.65, 30.578 ] ], [ [ -81.488, 30.492 ], [ -81.487, 30.491 ], [ -81.489, 30.488 ], [ -81.489, 30.484 ], [ -81.48, 30.47 ], [ -81.478, 30.47 ], [ -81.484, 30.495 ], [ -81.488, 30.492 ] ] ], [ [ [ -96.663, 28.334 ], [ -96.666, 28.336 ], [ -96.667, 28.337 ], [ -96.658, 28.335 ], [ -96.663, 28.334 ] ] ], [ [ [ -177.86, 51.826 ], [ -177.615, 51.855 ], [ -177.911, 51.598 ], [ -178.121, 51.677 ], [ -177.962, 51.775 ], [ -178.229, 51.872 ], [ -178.093, 51.92 ], [ -177.86, 51.826 ] ] ], [ [ [ -176.653, 51.85 ], [ -176.29, 51.871 ], [ -176.292, 51.741 ], [ -176.984, 51.603 ], [ -176.91, 51.809 ], [ -176.866, 51.826 ], [ -176.808, 51.779 ], [ -176.706, 51.788 ], [ -176.789, 51.957 ], [ -176.578, 52.001 ], [ -176.653, 51.85 ] ] ], [ [ [ -173.509, 52.102 ], [ -172.954, 52.095 ], [ -173.495, 52.022 ], [ -174.055, 52.129 ], [ -173.524, 52.153 ], [ -173.509, 52.102 ] ] ], [ [ [ -173.989, 52.312 ], [ -174.201, 52.219 ], [ -174.086, 52.108 ], [ -174.736, 52.006 ], [ -174.891, 52.049 ], [ -175.095, 52.001 ], [ -175.322, 52.007 ], [ -175.341, 52.022 ], [ -174.335, 52.182 ], [ -174.286, 52.334 ], [ -174.356, 52.279 ], [ -174.459, 52.319 ], [ -174.149, 52.421 ], [ -173.989, 52.312 ] ] ], [ [ [ 173.124, 52.99 ], [ 173.427, 52.83 ], [ 172.904, 52.746 ], [ 172.438, 52.921 ], [ 172.788, 53.009 ], [ 173.124, 52.99 ] ] ], [ [ [ -167.793, 53.522 ], [ -167.843, 53.386 ], [ -168.757, 52.907 ], [ -169.111, 52.823 ], [ -168.612, 53.273 ], [ -168.349, 53.257 ], [ -168.342, 53.479 ], [ -168.007, 53.566 ], [ -167.793, 53.522 ] ] ], [ [ [ -166.61, 53.827 ], [ -166.375, 54.008 ], [ -166.205, 53.932 ], [ -166.622, 53.737 ], [ -166.275, 53.687 ], [ -167.493, 53.258 ], [ -167.852, 53.309 ], [ -166.969, 53.529 ], [ -167.165, 53.603 ], [ -167.036, 53.708 ], [ -166.789, 53.626 ], [ -166.69, 53.717 ], [ -167.156, 53.859 ], [ -166.666, 54.015 ], [ -166.61, 53.827 ] ] ], [ [ [ -163.541, 55.05 ], [ -163.471, 55.043 ], [ -163.453, 55.037 ], [ -163.365, 54.759 ], [ -163.185, 54.776 ], [ -163.045, 54.672 ], [ -164.105, 54.621 ], [ -164.646, 54.39 ], [ -164.938, 54.537 ], [ -164.589, 54.692 ], [ -164.496, 54.914 ], [ -163.769, 55.05 ], [ -163.541, 55.05 ] ] ], [ [ [ -132.971, 55.063 ], [ -133.084, 55.046 ], [ -132.663, 54.673 ], [ -133.165, 54.947 ], [ -133.239, 55.099 ], [ -133.113, 55.125 ], [ -133.24, 55.184 ], [ -133.122, 55.262 ], [ -132.971, 55.063 ] ] ], [ [ [ -131.388, 55.202 ], [ -131.375, 55.018 ], [ -131.643, 55.012 ], [ -131.569, 55.285 ], [ -131.388, 55.202 ] ] ], [ [ [ -160.519, 55.379 ], [ -160.457, 55.188 ], [ -160.822, 55.119 ], [ -160.866, 55.321 ], [ -160.73, 55.408 ], [ -160.519, 55.379 ] ] ], [ [ [ -130.94, 55.618 ], [ -131.186, 55.191 ], [ -131.327, 55.245 ], [ -131.189, 55.361 ], [ -131.235, 55.409 ], [ -131.299, 55.277 ], [ -131.483, 55.299 ], [ -131.32, 55.374 ], [ -131.275, 55.437 ], [ -131.358, 55.65 ], [ -131.314, 55.455 ], [ -131.485, 55.326 ], [ -131.435, 55.381 ], [ -131.456, 55.518 ], [ -131.517, 55.509 ], [ -131.531, 55.295 ], [ -131.835, 55.454 ], [ -131.525, 55.732 ], [ -131.719, 55.748 ], [ -131.489, 55.786 ], [ -131.711, 55.836 ], [ -131.262, 55.972 ], [ -130.94, 55.618 ] ] ], [ [ [ -133.295, 56.012 ], [ -133.815, 55.94 ], [ -133.501, 56.079 ], [ -133.63, 56.105 ], [ -133.631, 56.142 ], [ -133.526, 56.118 ], [ -133.426, 56.164 ], [ -133.295, 56.012 ] ] ], [ [ [ -132.508, 56.186 ], [ -132.102, 56.105 ], [ -132.257, 56.135 ], [ -132.172, 56.048 ], [ -132.238, 55.922 ], [ -132.449, 55.955 ], [ -132.46, 56.171 ], [ -132.636, 56.031 ], [ -132.722, 56.143 ], [ -132.434, 56.352 ], [ -132.508, 56.186 ] ] ], [ [ [ -133.174, 56.328 ], [ -133.094, 56.046 ], [ -132.735, 55.985 ], [ -132.444, 55.719 ], [ -132.601, 55.699 ], [ -132.144, 55.472 ], [ -132.556, 55.625 ], [ -132.743, 55.366 ], [ -132.413, 55.516 ], [ -132.281, 55.445 ], [ -132.479, 55.421 ], [ -132.525, 55.365 ], [ -132.474, 55.317 ], [ -132.275, 55.42 ], [ -132.095, 55.282 ], [ -132.472, 55.259 ], [ -132.288, 55.243 ], [ -132.353, 55.187 ], [ -132.356, 55.132 ], [ -131.999, 55.267 ], [ -132.104, 55.12 ], [ -132.013, 55.123 ], [ -131.997, 55.106 ], [ -132.308, 54.981 ], [ -131.979, 55.038 ], [ -132.11, 54.899 ], [ -131.961, 54.835 ], [ -132.084, 54.814 ], [ -131.956, 54.793 ], [ -132.016, 54.69 ], [ -132.316, 54.721 ], [ -132.387, 55.081 ], [ -132.415, 54.906 ], [ -132.616, 54.97 ], [ -132.478, 55.052 ], [ -132.636, 55.054 ], [ -132.544, 55.277 ], [ -132.667, 55.138 ], [ -132.821, 55.279 ], [ -133.237, 55.284 ], [ -132.884, 55.353 ], [ -133.155, 55.475 ], [ -132.933, 55.624 ], [ -133.395, 55.618 ], [ -133.132, 55.88 ], [ -133.216, 55.864 ], [ -133.265, 55.914 ], [ -133.271, 56.155 ], [ -133.643, 56.214 ], [ -133.622, 56.358 ], [ -133.174, 56.328 ] ] ], [ [ [ -132.633, 56.422 ], [ -132.658, 56.276 ], [ -133.066, 56.33 ], [ -132.918, 56.456 ], [ -132.633, 56.422 ] ] ], [ [ [ -132.176, 56.35 ], [ -132.021, 56.347 ], [ -131.921, 56.203 ], [ -132.332, 56.237 ], [ -132.383, 56.488 ], [ -132.176, 56.35 ] ] ], [ [ [ -130.107, 56.125 ], [ -130.006, 55.911 ], [ -130.175, 55.715 ], [ -129.998, 55.279 ], [ -130.482, 54.837 ], [ -130.524, 54.868 ], [ -130.454, 54.904 ], [ -130.471, 54.953 ], [ -130.676, 54.862 ], [ -130.6, 54.975 ], [ -130.681, 54.938 ], [ -130.699, 54.852 ], [ -130.657, 54.775 ], [ -130.742, 54.793 ], [ -130.692, 54.799 ], [ -130.747, 54.962 ], [ -130.74, 54.818 ], [ -130.935, 54.801 ], [ -130.885, 54.996 ], [ -131.093, 55.193 ], [ -130.625, 55.3 ], [ -130.606, 55.4 ], [ -130.873, 55.314 ], [ -130.874, 55.541 ], [ -130.675, 55.548 ], [ -130.646, 55.652 ], [ -130.877, 55.56 ], [ -130.9, 55.7 ], [ -130.701, 55.754 ], [ -130.969, 55.783 ], [ -130.735, 55.874 ], [ -131.003, 55.805 ], [ -131.217, 55.984 ], [ -131.065, 56.052 ], [ -131.034, 56.1 ], [ -131.845, 55.949 ], [ -131.818, 55.669 ], [ -132.035, 55.678 ], [ -131.969, 55.497 ], [ -132.153, 55.564 ], [ -132.287, 55.762 ], [ -132.006, 55.781 ], [ -131.973, 56.173 ], [ -131.596, 56.16 ], [ -131.459, 56.233 ], [ -131.925, 56.233 ], [ -131.982, 56.381 ], [ -132.359, 56.528 ], [ -132.083, 56.705 ], [ -130.107, 56.125 ] ] ], [ [ [ -132.822, 56.793 ], [ -132.542, 56.584 ], [ -132.95, 56.509 ], [ -132.881, 56.627 ], [ -132.939, 56.823 ], [ -132.822, 56.793 ] ] ], [ [ [ -134.024, 56.882 ], [ -133.908, 56.76 ], [ -134.051, 56.644 ], [ -133.97, 56.629 ], [ -133.872, 56.81 ], [ -133.688, 56.601 ], [ -133.941, 56.617 ], [ -133.832, 56.322 ], [ -133.982, 56.365 ], [ -133.882, 56.22 ], [ -133.993, 56.08 ], [ -134.043, 56.107 ], [ -134.009, 56.187 ], [ -134.059, 56.216 ], [ -134.041, 56.266 ], [ -134.053, 56.301 ], [ -134.067, 56.319 ], [ -134.078, 56.316 ], [ -134.134, 56.001 ], [ -134.28, 56.261 ], [ -134.17, 56.326 ], [ -134.296, 56.349 ], [ -134.185, 56.448 ], [ -134.053, 56.342 ], [ -134.039, 56.5 ], [ -134.323, 56.563 ], [ -134.189, 56.631 ], [ -134.109, 56.619 ], [ -134.082, 56.644 ], [ -134.145, 56.652 ], [ -134.284, 56.606 ], [ -134.422, 56.833 ], [ -134.12, 56.846 ], [ -134.261, 56.938 ], [ -134.024, 56.882 ] ] ], [ [ [ -133.087, 56.996 ], [ -132.935, 56.66 ], [ -133.332, 56.882 ], [ -133.085, 56.527 ], [ -133.655, 56.436 ], [ -133.684, 56.853 ], [ -134.055, 57.023 ], [ -133.889, 57.1 ], [ -133.087, 56.996 ] ] ], [ [ [ -135.567, 57.092 ], [ -135.852, 56.994 ], [ -135.73, 57.171 ], [ -135.862, 57.33 ], [ -135.764, 57.343 ], [ -135.567, 57.092 ] ] ], [ [ [ -135.294, 57.512 ], [ -135.418, 57.457 ], [ -135.394, 57.436 ], [ -134.832, 57.417 ], [ -134.813, 57.297 ], [ -134.967, 57.382 ], [ -135.077, 57.341 ], [ -134.842, 57.25 ], [ -134.696, 56.894 ], [ -134.803, 56.867 ], [ -134.638, 56.739 ], [ -134.747, 56.72 ], [ -134.753, 56.702 ], [ -134.631, 56.725 ], [ -134.63, 56.547 ], [ -134.647, 56.545 ], [ -134.663, 56.607 ], [ -134.671, 56.605 ], [ -134.672, 56.625 ], [ -134.678, 56.631 ], [ -134.681, 56.631 ], [ -134.763, 56.54 ], [ -134.64, 56.477 ], [ -134.757, 56.437 ], [ -134.638, 56.417 ], [ -134.672, 56.16 ], [ -135.065, 56.54 ], [ -134.945, 56.569 ], [ -134.83, 56.744 ], [ -135.123, 56.598 ], [ -134.995, 56.757 ], [ -135.21, 56.73 ], [ -135.018, 56.819 ], [ -135.309, 56.776 ], [ -135.403, 56.952 ], [ -135.116, 56.983 ], [ -135.403, 57.1 ], [ -135.35, 57.254 ], [ -135.692, 57.353 ], [ -135.485, 57.354 ], [ -135.632, 57.399 ], [ -135.531, 57.451 ], [ -135.551, 57.509 ], [ -135.414, 57.563 ], [ -135.294, 57.512 ] ] ], [ [ [ -152.803, 57.913 ], [ -152.914, 57.82 ], [ -152.851, 57.723 ], [ -152.473, 57.897 ], [ -152.325, 57.822 ], [ -152.524, 57.649 ], [ -152.155, 57.591 ], [ -152.346, 57.422 ], [ -152.959, 57.524 ], [ -153.051, 57.43 ], [ -152.606, 57.357 ], [ -153.155, 57.361 ], [ -152.942, 57.257 ], [ -153.543, 57.177 ], [ -153.495, 57.067 ], [ -153.664, 57.092 ], [ -153.763, 57.05 ], [ -153.588, 56.936 ], [ -153.975, 56.744 ], [ -154.147, 56.748 ], [ -153.741, 57.14 ], [ -154.309, 56.843 ], [ -154.585, 57.252 ], [ -154.791, 57.287 ], [ -154.521, 57.574 ], [ -154.039, 57.664 ], [ -153.971, 57.562 ], [ -154.105, 57.525 ], [ -153.926, 57.534 ], [ -153.78, 57.321 ], [ -153.757, 57.306 ], [ -153.712, 57.3 ], [ -153.639, 57.275 ], [ -153.626, 57.274 ], [ -153.621, 57.275 ], [ -153.848, 57.565 ], [ -153.841, 57.579 ], [ -153.82, 57.578 ], [ -153.768, 57.541 ], [ -153.673, 57.535 ], [ -153.88, 57.633 ], [ -153.548, 57.591 ], [ -153.935, 57.804 ], [ -153.62, 57.884 ], [ -153.67, 57.862 ], [ -153.571, 57.832 ], [ -153.547, 57.707 ], [ -153.524, 57.655 ], [ -153.512, 57.649 ], [ -153.501, 57.624 ], [ -153.492, 57.617 ], [ -153.489, 57.774 ], [ -153.354, 57.704 ], [ -153.309, 57.719 ], [ -153.481, 57.843 ], [ -153.205, 57.792 ], [ -153.224, 57.733 ], [ -153.191, 57.704 ], [ -153.181, 57.703 ], [ -153.177, 57.811 ], [ -153.235, 57.895 ], [ -153.169, 57.879 ], [ -153.09, 57.835 ], [ -153.041, 57.817 ], [ -153.038, 57.822 ], [ -153.267, 57.998 ], [ -152.803, 57.913 ] ] ], [ [ [ -135.494, 58.172 ], [ -135.799, 57.98 ], [ -135.412, 58.144 ], [ -134.951, 58.039 ], [ -134.936, 57.847 ], [ -135.03, 57.899 ], [ -135.226, 57.95 ], [ -134.948, 57.806 ], [ -135.068, 57.775 ], [ -135.23, 57.781 ], [ -135.413, 57.859 ], [ -135.856, 57.996 ], [ -135.892, 57.996 ], [ -135.325, 57.749 ], [ -135.428, 57.741 ], [ -135.442, 57.735 ], [ -134.938, 57.764 ], [ -134.837, 57.48 ], [ -135.834, 57.77 ], [ -135.548, 57.48 ], [ -135.845, 57.39 ], [ -136.034, 57.52 ], [ -135.813, 57.444 ], [ -135.921, 57.586 ], [ -136.426, 57.821 ], [ -136.272, 57.9 ], [ -136.351, 58.002 ], [ -136.111, 57.87 ], [ -136.032, 57.844 ], [ -136.433, 58.087 ], [ -136.271, 58.105 ], [ -136.357, 58.222 ], [ -136.283, 58.224 ], [ -136.201, 58.092 ], [ -136.114, 58.067 ], [ -136.168, 58.22 ], [ -135.785, 58.287 ], [ -135.494, 58.172 ] ] ], [ [ [ -134.69, 58.159 ], [ -134.176, 58.159 ], [ -133.799, 57.575 ], [ -134.314, 58.094 ], [ -134.307, 57.831 ], [ -133.937, 57.615 ], [ -133.853, 57.46 ], [ -133.945, 57.535 ], [ -134.103, 57.465 ], [ -133.874, 57.352 ], [ -134.195, 57.395 ], [ -134.104, 57.252 ], [ -134.619, 57.015 ], [ -134.652, 57.231 ], [ -134.462, 57.316 ], [ -134.58, 57.4 ], [ -134.319, 57.337 ], [ -134.343, 57.398 ], [ -134.468, 57.384 ], [ -134.608, 57.514 ], [ -134.503, 57.458 ], [ -134.534, 57.524 ], [ -134.464, 57.543 ], [ -134.499, 57.532 ], [ -134.51, 57.524 ], [ -134.448, 57.539 ], [ -134.471, 57.498 ], [ -134.405, 57.494 ], [ -134.453, 57.507 ], [ -134.431, 57.53 ], [ -134.367, 57.545 ], [ -134.337, 57.559 ], [ -134.337, 57.567 ], [ -134.678, 57.611 ], [ -134.726, 58.175 ], [ -134.899, 58.194 ], [ -134.954, 58.412 ], [ -134.69, 58.159 ] ] ], [ [ [ -152.429, 58.3 ], [ -152.125, 58.397 ], [ -152.14, 58.217 ], [ -151.985, 58.353 ], [ -151.972, 58.229 ], [ -152.112, 58.149 ], [ -152.201, 58.176 ], [ -152.202, 58.211 ], [ -152.235, 58.231 ], [ -152.239, 58.264 ], [ -152.256, 58.272 ], [ -152.374, 58.191 ], [ -152.272, 58.125 ], [ -152.546, 58.084 ], [ -152.554, 58.212 ], [ -152.575, 58.22 ], [ -152.824, 58.081 ], [ -152.754, 58.026 ], [ -152.781, 57.993 ], [ -152.799, 57.99 ], [ -153.223, 58.16 ], [ -152.848, 58.153 ], [ -153.103, 58.26 ], [ -152.758, 58.24 ], [ -152.888, 58.408 ], [ -152.65, 58.482 ], [ -152.429, 58.3 ] ] ], [ [ [ -147.113, 60.262 ], [ -146.916, 60.292 ], [ -147.434, 59.872 ], [ -147.851, 59.766 ], [ -147.929, 59.782 ], [ -147.094, 60.378 ], [ -147.113, 60.262 ] ] ], [ [ [ -165.677, 60.292 ], [ -165.736, 60.054 ], [ -165.566, 59.924 ], [ -166.285, 59.85 ], [ -166.084, 59.776 ], [ -166.191, 59.75 ], [ -167.459, 60.212 ], [ -166.852, 60.204 ], [ -166.16, 60.43 ], [ -165.677, 60.292 ] ] ], [ [ [ -146.367, 60.407 ], [ -146.09, 60.384 ], [ -146.688, 60.255 ], [ -146.499, 60.362 ], [ -146.656, 60.328 ], [ -146.73, 60.389 ], [ -146.539, 60.486 ], [ -146.367, 60.407 ] ] ], [ [ [ -172.777, 60.452 ], [ -172.219, 60.312 ], [ -173.063, 60.501 ], [ -172.919, 60.606 ], [ -172.777, 60.452 ] ] ], [ [ [ -163.821, 63.153 ], [ -164.053, 63.068 ], [ -164.129, 63.017 ], [ -164.096, 62.984 ], [ -163.658, 63.111 ], [ -163.893, 62.989 ], [ -163.804, 62.921 ], [ -163.825, 62.931 ], [ -163.837, 62.931 ], [ -163.866, 62.92 ], [ -163.854, 62.909 ], [ -163.886, 62.905 ], [ -163.898, 62.896 ], [ -164.013, 62.912 ], [ -164.587, 63.122 ], [ -164.047, 63.261 ], [ -163.821, 63.153 ] ] ], [ [ [ -171.526, 63.659 ], [ -171.562, 63.666 ], [ -171.678, 63.622 ], [ -171.622, 63.602 ], [ -170.29, 63.687 ], [ -170.061, 63.431 ], [ -168.688, 63.296 ], [ -168.861, 63.147 ], [ -169.329, 63.182 ], [ -169.646, 62.938 ], [ -170.621, 63.37 ], [ -171.735, 63.365 ], [ -171.838, 63.555 ], [ -171.673, 63.787 ], [ -171.526, 63.659 ] ] ], [ [ [ -150.628, 70.411 ], [ -150.791, 70.315 ], [ -150.865, 70.401 ], [ -150.93, 70.391 ], [ -150.797, 70.317 ], [ -150.895, 70.223 ], [ -150.845, 70.215 ], [ -150.918, 70.181 ], [ -150.898, 70.222 ], [ -150.929, 70.228 ], [ -150.981, 70.22 ], [ -150.979, 70.239 ], [ -150.994, 70.242 ], [ -151.024, 70.239 ], [ -150.997, 70.276 ], [ -151.074, 70.435 ], [ -150.778, 70.476 ], [ -150.628, 70.411 ] ] ], [ [ [ -156.456, 71.387 ], [ -156.358, 71.36 ], [ -156.453, 71.384 ], [ -156.522, 71.356 ], [ -156.639, 71.332 ], [ -155.515, 71.097 ], [ -156.074, 70.958 ], [ -155.924, 70.858 ], [ -156.0, 70.749 ], [ -155.171, 70.982 ], [ -155.233, 71.086 ], [ -155.13, 71.109 ], [ -155.126, 71.079 ], [ -155.088, 71.07 ], [ -155.062, 71.033 ], [ -155.047, 71.033 ], [ -155.072, 71.153 ], [ -154.937, 71.121 ], [ -155.038, 71.143 ], [ -155.018, 71.029 ], [ -155.069, 71.021 ], [ -155.051, 71.0 ], [ -154.737, 70.952 ], [ -154.821, 71.09 ], [ -154.614, 71.019 ], [ -154.583, 71.003 ], [ -154.561, 70.985 ], [ -154.776, 70.815 ], [ -154.339, 70.795 ], [ -154.346, 70.77 ], [ -154.39, 70.765 ], [ -154.397, 70.76 ], [ -154.387, 70.754 ], [ -154.427, 70.753 ], [ -154.427, 70.735 ], [ -154.472, 70.726 ], [ -154.475, 70.717 ], [ -154.539, 70.708 ], [ -154.594, 70.669 ], [ -153.897, 70.883 ], [ -152.782, 70.882 ], [ -152.668, 70.735 ], [ -152.72, 70.876 ], [ -152.561, 70.88 ], [ -152.203, 70.796 ], [ -152.575, 70.76 ], [ -152.381, 70.715 ], [ -152.584, 70.629 ], [ -152.057, 70.58 ], [ -152.516, 70.582 ], [ -152.596, 70.542 ], [ -151.762, 70.551 ], [ -151.975, 70.434 ], [ -151.242, 70.384 ], [ -151.313, 70.37 ], [ -151.325, 70.355 ], [ -151.272, 70.345 ], [ -151.296, 70.347 ], [ -151.332, 70.338 ], [ -151.342, 70.315 ], [ -151.144, 70.369 ], [ -151.139, 70.427 ], [ -151.027, 70.239 ], [ -150.986, 70.219 ], [ -150.9, 70.221 ], [ -150.943, 70.188 ], [ -150.918, 70.16 ], [ -150.821, 70.213 ], [ -150.828, 70.253 ], [ -150.682, 70.343 ], [ -149.458, 70.516 ], [ -147.89, 70.301 ], [ -148.133, 70.169 ], [ -147.805, 70.294 ], [ -147.943, 70.231 ], [ -145.855, 70.164 ], [ -144.961, 69.958 ], [ -143.24, 70.12 ], [ -140.992, 69.645 ], [ -141.0, 60.321 ], [ -139.977, 60.185 ], [ -139.069, 60.352 ], [ -139.186, 60.093 ], [ -137.598, 59.242 ], [ -137.521, 58.917 ], [ -136.823, 59.158 ], [ -136.576, 59.17 ], [ -136.464, 59.466 ], [ -136.224, 59.543 ], [ -136.346, 59.602 ], [ -135.483, 59.8 ], [ -135.029, 59.569 ], [ -134.96, 59.284 ], [ -133.373, 58.427 ], [ -132.242, 57.214 ], [ -132.367, 57.092 ], [ -132.042, 57.046 ], [ -132.12, 56.88 ], [ -131.847, 56.662 ], [ -132.128, 56.792 ], [ -132.452, 56.672 ], [ -132.556, 56.715 ], [ -132.358, 56.841 ], [ -132.562, 56.756 ], [ -132.941, 56.977 ], [ -132.789, 56.973 ], [ -132.817, 57.125 ], [ -132.997, 57.011 ], [ -133.147, 57.172 ], [ -133.576, 57.185 ], [ -133.056, 57.354 ], [ -133.46, 57.359 ], [ -133.469, 57.39 ], [ -133.362, 57.411 ], [ -133.347, 57.428 ], [ -133.348, 57.449 ], [ -133.516, 57.545 ], [ -133.45, 57.585 ], [ -133.356, 57.583 ], [ -133.34, 57.593 ], [ -133.616, 57.577 ], [ -133.651, 57.717 ], [ -133.071, 57.51 ], [ -132.891, 57.494 ], [ -132.83, 57.506 ], [ -133.596, 57.772 ], [ -133.575, 57.917 ], [ -133.108, 57.848 ], [ -133.161, 57.914 ], [ -133.588, 57.927 ], [ -133.723, 57.803 ], [ -133.853, 57.953 ], [ -133.681, 57.931 ], [ -133.673, 58.154 ], [ -133.888, 57.974 ], [ -134.052, 58.062 ], [ -133.926, 58.5 ], [ -134.149, 58.201 ], [ -134.773, 58.39 ], [ -134.99, 58.676 ], [ -134.949, 58.818 ], [ -134.987, 58.808 ], [ -134.919, 58.855 ], [ -134.909, 58.894 ], [ -134.932, 58.932 ], [ -134.892, 58.936 ], [ -134.952, 58.958 ], [ -135.022, 58.732 ], [ -135.145, 58.838 ], [ -135.346, 59.487 ], [ -135.401, 59.288 ], [ -135.433, 59.329 ], [ -135.554, 59.32 ], [ -135.364, 59.211 ], [ -135.307, 59.082 ], [ -135.453, 59.219 ], [ -135.825, 59.344 ], [ -135.383, 59.102 ], [ -135.09, 58.24 ], [ -135.315, 58.246 ], [ -135.496, 58.503 ], [ -135.475, 58.375 ], [ -135.926, 58.384 ], [ -136.001, 58.483 ], [ -135.838, 58.601 ], [ -136.087, 58.823 ], [ -135.758, 58.879 ], [ -136.058, 58.853 ], [ -136.095, 59.04 ], [ -136.439, 58.995 ], [ -136.123, 58.934 ], [ -136.215, 58.75 ], [ -137.061, 59.059 ], [ -136.916, 58.934 ], [ -137.046, 58.915 ], [ -137.133, 58.841 ], [ -136.99, 58.904 ], [ -136.559, 58.831 ], [ -136.349, 58.686 ], [ -136.532, 58.6 ], [ -136.284, 58.66 ], [ -136.034, 58.38 ], [ -136.284, 58.315 ], [ -136.521, 58.451 ], [ -136.369, 58.303 ], [ -136.601, 58.353 ], [ -136.568, 58.245 ], [ -136.666, 58.21 ], [ -138.545, 59.172 ], [ -139.855, 59.535 ], [ -139.47, 59.701 ], [ -139.635, 59.873 ], [ -139.504, 59.988 ], [ -139.311, 59.852 ], [ -139.359, 59.599 ], [ -139.302, 59.562 ], [ -139.299, 59.82 ], [ -139.096, 59.842 ], [ -138.966, 59.801 ], [ -138.916, 59.809 ], [ -139.533, 60.043 ], [ -140.304, 59.693 ], [ -140.873, 59.738 ], [ -141.424, 59.878 ], [ -141.457, 59.89 ], [ -141.485, 59.914 ], [ -141.288, 59.931 ], [ -141.33, 60.059 ], [ -141.158, 60.118 ], [ -141.155, 60.175 ], [ -141.604, 59.962 ], [ -142.671, 60.1 ], [ -144.252, 60.023 ], [ -143.964, 60.039 ], [ -144.946, 60.292 ], [ -144.765, 60.634 ], [ -145.32, 60.337 ], [ -145.964, 60.466 ], [ -145.586, 60.675 ], [ -146.26, 60.628 ], [ -145.98, 60.747 ], [ -146.052, 60.803 ], [ -146.666, 60.693 ], [ -146.051, 60.825 ], [ -146.642, 60.819 ], [ -146.758, 60.959 ], [ -146.481, 61.004 ], [ -146.656, 61.068 ], [ -146.236, 61.089 ], [ -146.19, 61.072 ], [ -146.122, 61.06 ], [ -145.967, 61.046 ], [ -145.922, 61.054 ], [ -146.312, 61.138 ], [ -146.654, 61.158 ], [ -146.925, 60.942 ], [ -147.229, 61.012 ], [ -147.259, 60.917 ], [ -147.382, 60.871 ], [ -147.417, 61.017 ], [ -147.496, 61.013 ], [ -147.493, 60.912 ], [ -147.55, 60.907 ], [ -147.474, 61.068 ], [ -147.553, 61.148 ], [ -147.688, 60.954 ], [ -147.597, 60.854 ], [ -147.733, 60.942 ], [ -147.777, 60.809 ], [ -148.066, 60.935 ], [ -147.622, 61.236 ], [ -148.069, 61.006 ], [ -148.139, 61.126 ], [ -148.4, 61.058 ], [ -148.174, 60.988 ], [ -148.347, 60.803 ], [ -148.513, 60.837 ], [ -148.718, 60.787 ], [ -148.451, 60.792 ], [ -148.605, 60.76 ], [ -148.715, 60.657 ], [ -148.394, 60.78 ], [ -148.463, 60.648 ], [ -148.427, 60.615 ], [ -148.23, 60.764 ], [ -148.189, 60.608 ], [ -148.564, 60.553 ], [ -148.558, 60.547 ], [ -148.633, 60.515 ], [ -148.716, 60.459 ], [ -148.722, 60.445 ], [ -148.449, 60.545 ], [ -148.279, 60.43 ], [ -148.101, 60.598 ], [ -147.96, 60.502 ], [ -148.1, 60.453 ], [ -147.964, 60.467 ], [ -147.936, 60.437 ], [ -148.408, 60.276 ], [ -148.454, 60.178 ], [ -148.087, 60.215 ], [ -148.342, 60.186 ], [ -148.428, 59.948 ], [ -149.124, 59.964 ], [ -149.068, 60.056 ], [ -149.288, 59.868 ], [ -149.361, 60.115 ], [ -149.449, 60.16 ], [ -149.588, 60.195 ], [ -149.604, 60.192 ], [ -149.407, 60.124 ], [ -149.624, 59.823 ], [ -149.534, 59.778 ], [ -149.524, 59.703 ], [ -149.641, 59.738 ], [ -149.72, 59.956 ], [ -149.872, 59.855 ], [ -149.76, 59.793 ], [ -149.74, 59.639 ], [ -150.076, 59.845 ], [ -149.942, 59.658 ], [ -150.134, 59.694 ], [ -150.084, 59.578 ], [ -150.366, 59.459 ], [ -150.218, 59.741 ], [ -150.477, 59.46 ], [ -150.491, 59.618 ], [ -150.561, 59.596 ], [ -150.963, 59.198 ], [ -151.031, 59.326 ], [ -151.592, 59.163 ], [ -151.977, 59.255 ], [ -151.647, 59.486 ], [ -151.29, 59.409 ], [ -151.473, 59.503 ], [ -150.907, 59.791 ], [ -151.414, 59.599 ], [ -151.87, 59.771 ], [ -151.295, 60.393 ], [ -151.408, 60.721 ], [ -150.377, 61.039 ], [ -150.047, 60.857 ], [ -149.77, 60.968 ], [ -148.97, 60.805 ], [ -148.907, 60.899 ], [ -150.072, 61.155 ], [ -149.392, 61.513 ], [ -149.984, 61.238 ], [ -150.672, 61.274 ], [ -151.636, 60.986 ], [ -151.801, 60.852 ], [ -151.706, 60.715 ], [ -152.272, 60.541 ], [ -152.236, 60.395 ], [ -152.416, 60.287 ], [ -153.024, 60.301 ], [ -153.1, 60.282 ], [ -153.247, 60.208 ], [ -152.925, 60.294 ], [ -152.571, 60.072 ], [ -152.808, 59.878 ], [ -153.212, 59.866 ], [ -152.992, 59.809 ], [ -153.195, 59.642 ], [ -153.427, 59.642 ], [ -153.336, 59.721 ], [ -153.418, 59.751 ], [ -153.418, 59.766 ], [ -153.444, 59.78 ], [ -153.445, 59.784 ], [ -153.467, 59.797 ], [ -153.462, 59.802 ], [ -153.463, 59.804 ], [ -153.466, 59.804 ], [ -153.468, 59.796 ], [ -153.447, 59.783 ], [ -153.444, 59.699 ], [ -153.477, 59.644 ], [ -153.71, 59.634 ], [ -153.585, 59.554 ], [ -153.779, 59.527 ], [ -153.818, 59.556 ], [ -153.873, 59.543 ], [ -153.703, 59.463 ], [ -154.141, 59.371 ], [ -153.944, 59.362 ], [ -154.267, 59.141 ], [ -153.252, 58.85 ], [ -154.166, 58.388 ], [ -154.05, 58.413 ], [ -154.0, 58.375 ], [ -154.468, 58.276 ], [ -154.102, 58.28 ], [ -154.315, 58.082 ], [ -154.488, 58.205 ], [ -154.569, 58.023 ], [ -155.027, 58.024 ], [ -155.298, 57.725 ], [ -155.616, 57.792 ], [ -155.731, 57.544 ], [ -156.038, 57.567 ], [ -156.023, 57.434 ], [ -156.535, 57.328 ], [ -156.313, 57.296 ], [ -156.622, 57.062 ], [ -156.549, 56.981 ], [ -156.772, 57.037 ], [ -157.2, 56.764 ], [ -157.43, 56.86 ], [ -157.6, 56.725 ], [ -157.466, 56.623 ], [ -157.679, 56.609 ], [ -157.746, 56.685 ], [ -157.757, 56.684 ], [ -158.134, 56.542 ], [ -157.863, 56.473 ], [ -158.408, 56.453 ], [ -158.642, 56.265 ], [ -158.115, 56.241 ], [ -158.491, 56.114 ], [ -158.432, 55.993 ], [ -158.598, 56.048 ], [ -158.459, 56.195 ], [ -158.623, 56.204 ], [ -158.667, 55.951 ], [ -158.844, 56.026 ], [ -159.414, 55.787 ], [ -159.532, 55.888 ], [ -159.596, 55.566 ], [ -159.735, 55.569 ], [ -159.748, 55.602 ], [ -159.578, 55.802 ], [ -159.822, 55.856 ], [ -160.42, 55.663 ], [ -160.502, 55.477 ], [ -160.594, 55.609 ], [ -160.772, 55.54 ], [ -160.667, 55.462 ], [ -160.911, 55.526 ], [ -161.239, 55.356 ], [ -161.503, 55.361 ], [ -161.493, 55.487 ], [ -161.143, 55.542 ], [ -161.59, 55.619 ], [ -161.887, 55.218 ], [ -162.039, 55.225 ], [ -161.96, 55.106 ], [ -162.414, 55.032 ], [ -162.646, 55.304 ], [ -162.73, 55.225 ], [ -162.554, 54.957 ], [ -162.643, 55.057 ], [ -162.881, 54.934 ], [ -163.18, 55.135 ], [ -163.029, 54.946 ], [ -163.358, 54.811 ], [ -163.219, 54.934 ], [ -163.296, 55.111 ], [ -163.371, 55.056 ], [ -163.422, 55.067 ], [ -163.003, 55.247 ], [ -163.083, 55.174 ], [ -162.856, 55.181 ], [ -161.805, 55.893 ], [ -160.875, 56.0 ], [ -161.024, 55.897 ], [ -160.799, 55.713 ], [ -160.652, 55.74 ], [ -160.792, 55.886 ], [ -160.252, 55.768 ], [ -160.58, 55.914 ], [ -160.346, 56.285 ], [ -158.878, 56.886 ], [ -158.643, 56.792 ], [ -158.678, 56.991 ], [ -158.398, 57.233 ], [ -157.753, 57.555 ], [ -157.571, 57.48 ], [ -157.711, 57.635 ], [ -157.579, 58.125 ], [ -157.248, 58.202 ], [ -157.495, 58.242 ], [ -157.532, 58.393 ], [ -156.983, 58.851 ], [ -158.215, 58.616 ], [ -158.563, 58.804 ], [ -158.297, 59.06 ], [ -158.424, 59.075 ], [ -158.882, 58.711 ], [ -158.697, 58.492 ], [ -158.897, 58.394 ], [ -159.651, 58.84 ], [ -159.596, 58.952 ], [ -159.911, 58.768 ], [ -160.327, 58.943 ], [ -160.335, 59.077 ], [ -161.713, 58.554 ], [ -162.137, 58.633 ], [ -161.639, 58.8 ], [ -161.774, 58.767 ], [ -161.842, 59.034 ], [ -161.583, 59.115 ], [ -161.987, 59.156 ], [ -161.954, 59.379 ], [ -161.701, 59.499 ], [ -162.216, 60.199 ], [ -162.456, 60.294 ], [ -162.023, 60.639 ], [ -162.119, 60.66 ], [ -162.12, 60.651 ], [ -162.192, 60.643 ], [ -162.274, 60.616 ], [ -162.409, 60.408 ], [ -162.452, 60.448 ], [ -162.469, 60.453 ], [ -162.486, 60.452 ], [ -162.536, 60.437 ], [ -162.451, 60.444 ], [ -162.411, 60.384 ], [ -162.613, 60.329 ], [ -162.45, 60.181 ], [ -162.539, 59.983 ], [ -164.086, 59.828 ], [ -164.222, 59.944 ], [ -164.16, 59.949 ], [ -164.022, 60.021 ], [ -164.494, 60.176 ], [ -164.378, 60.141 ], [ -164.253, 60.16 ], [ -164.118, 60.189 ], [ -164.065, 60.263 ], [ -163.728, 60.324 ], [ -163.858, 60.209 ], [ -163.754, 60.149 ], [ -163.494, 60.244 ], [ -163.587, 60.403 ], [ -163.356, 60.421 ], [ -163.855, 60.441 ], [ -163.963, 60.325 ], [ -163.859, 60.369 ], [ -163.777, 60.362 ], [ -163.768, 60.353 ], [ -164.138, 60.288 ], [ -164.362, 60.155 ], [ -165.133, 60.436 ], [ -164.968, 60.539 ], [ -165.418, 60.555 ], [ -164.744, 60.896 ], [ -164.189, 60.654 ], [ -164.028, 60.762 ], [ -163.831, 60.772 ], [ -163.738, 60.574 ], [ -163.366, 60.853 ], [ -163.932, 60.857 ], [ -163.538, 60.902 ], [ -163.748, 60.996 ], [ -163.948, 60.861 ], [ -164.1, 60.871 ], [ -163.974, 60.894 ], [ -163.94, 60.927 ], [ -163.993, 61.047 ], [ -164.091, 60.875 ], [ -165.119, 60.918 ], [ -164.845, 61.081 ], [ -165.294, 61.189 ], [ -165.56, 61.093 ], [ -165.594, 61.293 ], [ -165.848, 61.311 ], [ -165.928, 61.411 ], [ -165.694, 61.484 ], [ -166.149, 61.512 ], [ -166.186, 61.594 ], [ -166.165, 61.654 ], [ -165.767, 61.685 ], [ -166.1, 61.813 ], [ -165.617, 61.844 ], [ -165.744, 62.082 ], [ -165.198, 62.475 ], [ -164.842, 62.532 ], [ -164.863, 62.475 ], [ -164.667, 62.402 ], [ -164.768, 62.374 ], [ -164.793, 62.349 ], [ -164.778, 62.337 ], [ -164.548, 62.421 ], [ -164.481, 62.564 ], [ -164.857, 62.554 ], [ -164.841, 62.714 ], [ -164.765, 62.703 ], [ -164.719, 62.718 ], [ -164.722, 62.719 ], [ -164.842, 62.719 ], [ -164.863, 62.772 ], [ -164.742, 62.791 ], [ -164.682, 62.754 ], [ -164.478, 62.759 ], [ -164.86, 62.818 ], [ -164.687, 63.02 ], [ -164.252, 62.963 ], [ -164.09, 62.781 ], [ -164.205, 62.723 ], [ -163.843, 62.487 ], [ -164.097, 62.831 ], [ -163.798, 62.92 ], [ -163.763, 63.019 ], [ -163.368, 63.042 ], [ -163.322, 62.988 ], [ -163.319, 62.986 ], [ -163.312, 62.985 ], [ -163.286, 62.985 ], [ -163.302, 62.974 ], [ -163.299, 62.969 ], [ -163.295, 62.967 ], [ -163.286, 62.967 ], [ -163.26, 62.969 ], [ -162.59, 63.236 ], [ -162.315, 63.541 ], [ -162.158, 63.527 ], [ -162.007, 63.484 ], [ -162.163, 63.431 ], [ -162.104, 63.425 ], [ -161.139, 63.502 ], [ -160.607, 63.878 ], [ -160.796, 63.873 ], [ -161.166, 64.407 ], [ -161.533, 64.412 ], [ -160.799, 64.613 ], [ -160.896, 64.819 ], [ -161.151, 64.931 ], [ -161.425, 64.76 ], [ -161.67, 64.789 ], [ -161.851, 64.75 ], [ -161.872, 64.751 ], [ -161.867, 64.755 ], [ -161.868, 64.758 ], [ -161.874, 64.76 ], [ -161.856, 64.763 ], [ -161.856, 64.764 ], [ -161.857, 64.764 ], [ -161.875, 64.762 ], [ -161.9, 64.737 ], [ -161.905, 64.747 ], [ -161.92, 64.747 ], [ -161.929, 64.713 ], [ -161.968, 64.714 ], [ -161.972, 64.714 ], [ -161.972, 64.711 ], [ -161.921, 64.703 ], [ -161.788, 64.75 ], [ -161.759, 64.751 ], [ -162.784, 64.325 ], [ -163.125, 64.658 ], [ -163.387, 64.58 ], [ -163.032, 64.521 ], [ -163.15, 64.398 ], [ -163.814, 64.575 ], [ -164.979, 64.545 ], [ -164.74, 64.469 ], [ -165.012, 64.434 ], [ -166.387, 64.637 ], [ -166.385, 64.887 ], [ -166.688, 64.984 ], [ -166.7, 65.039 ], [ -166.856, 65.091 ], [ -166.941, 65.148 ], [ -166.951, 65.162 ], [ -166.906, 65.239 ], [ -166.848, 65.279 ], [ -166.939, 65.177 ], [ -166.889, 65.116 ], [ -166.052, 65.254 ], [ -167.45, 65.412 ], [ -168.069, 65.577 ], [ -168.12, 65.658 ], [ -166.26, 66.168 ], [ -165.47, 66.134 ], [ -165.876, 66.235 ], [ -164.394, 66.582 ], [ -163.726, 66.514 ], [ -163.837, 66.259 ], [ -164.2, 66.191 ], [ -163.904, 66.195 ], [ -163.781, 66.047 ], [ -162.136, 66.078 ], [ -161.856, 65.962 ], [ -161.554, 66.242 ], [ -161.002, 66.239 ], [ -161.549, 66.398 ], [ -161.906, 66.355 ], [ -161.822, 66.271 ], [ -161.863, 66.263 ], [ -161.907, 66.266 ], [ -161.943, 66.323 ], [ -161.895, 66.526 ], [ -162.624, 66.863 ], [ -162.304, 66.938 ], [ -162.013, 66.781 ], [ -162.065, 66.644 ], [ -161.582, 66.44 ], [ -161.177, 66.535 ], [ -161.884, 66.716 ], [ -161.516, 66.984 ], [ -163.677, 67.102 ], [ -163.777, 67.404 ], [ -164.271, 67.702 ], [ -166.254, 68.321 ], [ -166.839, 68.338 ], [ -166.795, 68.354 ], [ -166.411, 68.418 ], [ -166.753, 68.359 ], [ -166.548, 68.339 ], [ -166.44, 68.393 ], [ -166.347, 68.367 ], [ -166.259, 68.366 ], [ -166.246, 68.373 ], [ -166.212, 68.377 ], [ -166.193, 68.383 ], [ -166.405, 68.419 ], [ -166.228, 68.575 ], [ -166.213, 68.882 ], [ -164.489, 68.912 ], [ -163.689, 69.073 ], [ -163.11, 69.331 ], [ -163.118, 69.593 ], [ -162.919, 69.698 ], [ -163.011, 69.757 ], [ -161.893, 70.3 ], [ -161.662, 70.247 ], [ -161.872, 70.246 ], [ -161.727, 70.213 ], [ -162.03, 70.177 ], [ -162.107, 70.145 ], [ -162.099, 70.126 ], [ -160.893, 70.276 ], [ -159.54, 70.818 ], [ -159.182, 70.874 ], [ -158.846, 70.907 ], [ -158.786, 70.908 ], [ -158.772, 70.905 ], [ -159.476, 70.785 ], [ -159.321, 70.776 ], [ -159.348, 70.737 ], [ -159.273, 70.734 ], [ -159.26, 70.712 ], [ -159.22, 70.706 ], [ -159.178, 70.666 ], [ -159.159, 70.658 ], [ -159.135, 70.656 ], [ -159.277, 70.759 ], [ -157.773, 70.874 ], [ -156.9, 71.116 ], [ -157.066, 71.153 ], [ -156.811, 71.285 ], [ -156.48, 71.389 ], [ -156.456, 71.387 ] ], [ [ -134.882, 58.817 ], [ -134.855, 58.824 ], [ -134.829, 58.802 ], [ -134.797, 58.798 ], [ -134.796, 58.795 ], [ -134.791, 58.792 ], [ -134.786, 58.792 ], [ -134.784, 58.79 ], [ -134.773, 58.788 ], [ -134.77, 58.775 ], [ -134.755, 58.773 ], [ -134.768, 58.788 ], [ -134.796, 58.799 ], [ -134.829, 58.804 ], [ -134.838, 58.824 ], [ -134.868, 58.826 ], [ -134.899, 58.818 ], [ -134.931, 58.823 ], [ -134.949, 58.818 ], [ -134.882, 58.817 ] ], [ [ -162.547, 60.447 ], [ -162.526, 60.448 ], [ -162.516, 60.456 ], [ -162.517, 60.465 ], [ -162.518, 60.465 ], [ -162.517, 60.46 ], [ -162.535, 60.455 ], [ -162.547, 60.449 ], [ -162.55, 60.445 ], [ -162.539, 60.437 ], [ -162.536, 60.437 ], [ -162.547, 60.447 ] ], [ [ -162.525, 60.469 ], [ -162.589, 60.464 ], [ -162.59, 60.494 ], [ -162.607, 60.488 ], [ -162.59, 60.463 ], [ -162.518, 60.465 ], [ -162.525, 60.469 ] ], [ [ -161.857, 64.765 ], [ -161.866, 64.767 ], [ -161.871, 64.767 ], [ -161.872, 64.764 ], [ -161.871, 64.763 ], [ -161.87, 64.766 ], [ -161.857, 64.764 ], [ -161.857, 64.765 ] ], [ [ -161.874, 64.766 ], [ -161.88, 64.765 ], [ -161.872, 64.764 ], [ -161.874, 64.766 ] ], [ [ -164.714, 62.702 ], [ -164.707, 62.694 ], [ -164.661, 62.684 ], [ -164.612, 62.688 ], [ -164.708, 62.715 ], [ -164.714, 62.702 ] ] ] ] } },
{ "type": "Feature", "properties": { }, "geometry": { "type": "Polygon", "coordinates": [ [ [ -56.344, 47.144 ], [ -56.237, 46.864 ], [ -56.35, 46.783 ], [ -56.406, 46.835 ], [ -56.344, 47.144 ] ] ] } },
{ "type": "Feature", "properties": { }, "geometry": { "type": "Polygon", "coordinates": [ [ [ -162.07, 5.893 ], [ -162.065, 5.891 ], [ -162.064, 5.889 ], [ -162.1, 5.889 ], [ -162.07, 5.893 ] ] ] } },
{ "type": "Feature", "properties": { }, "geometry": { "type": "Polygon", "coordinates": [ [ [ -177.369, 28.22 ], [ -177.36, 28.208 ], [ -177.396, 28.195 ], [ -177.387, 28.215 ], [ -177.369, 28.22 ] ] ] } },
{ "type": "Feature", "properties": { }, "geometry": { "type": "Polygon", "coordinates": [ [ [ -162.788, 6.601 ], [ -162.348, 6.357 ], [ -162.289, 6.303 ], [ -162.295, 6.255 ], [ -162.788, 6.601 ] ] ] } },
{ "type": "Feature", "properties": { }, "geometry": { "type": "Polygon", "coordinates": [ [ [ -159.999, -0.364 ], [ -159.986, -0.367 ], [ -159.986, -0.38 ], [ -160.013, -0.379 ], [ -159.999, -0.364 ] ] ] } },
{ "type": "Feature", "properties": { }, "geometry": { "type": "Polygon", "coordinates": [ [ [ -169.522, 16.737 ], [ -169.52, 16.729 ], [ -169.546, 16.72 ], [ -169.547, 16.728 ], [ -169.522, 16.737 ] ] ] } },
{ "type": "Feature", "properties": { }, "geometry": { "type": "Polygon", "coordinates": [ [ [ -176.616, 0.816 ], [ -176.612, 0.806 ], [ -176.617, 0.796 ], [ -176.623, 0.817 ], [ -176.616, 0.816 ] ] ] } },
{ "type": "Feature", "properties": { }, "geometry": { "type": "MultiPolygon", "coordinates": [ [ [ [ -44.072, 60.163 ], [ -43.769, 60.139 ], [ -43.136, 60.054 ], [ -43.225, 59.978 ], [ -43.232, 60.047 ], [ -43.27, 60.007 ], [ -43.364, 60.06 ], [ -43.39, 60.035 ], [ -43.535, 60.073 ], [ -43.686, 60.063 ], [ -43.484, 60.046 ], [ -43.588, 59.907 ], [ -44.072, 60.163 ] ] ], [ [ [ -41.737, 63.486 ], [ -41.472, 63.332 ], [ -41.244, 63.321 ], [ -41.105, 63.197 ], [ -41.881, 63.433 ], [ -41.737, 63.486 ] ] ], [ [ [ -50.981, 64.55 ], [ -50.805, 64.503 ], [ -51.15, 64.25 ], [ -51.348, 64.233 ], [ -50.981, 64.55 ] ] ], [ [ [ -40.656, 64.88 ], [ -40.362, 64.606 ], [ -40.475, 64.556 ], [ -40.286, 64.531 ], [ -40.227, 64.444 ], [ -40.53, 64.491 ], [ -40.6, 64.708 ], [ -40.88, 64.895 ], [ -40.656, 64.88 ] ] ], [ [ [ -37.603, 65.889 ], [ -37.274, 65.751 ], [ -37.511, 65.806 ], [ -37.334, 65.652 ], [ -37.947, 65.59 ], [ -37.972, 65.791 ], [ -37.603, 65.889 ] ] ], [ [ [ -51.611, 68.264 ], [ -51.463, 68.254 ], [ -52.034, 68.116 ], [ -52.243, 68.134 ], [ -51.974, 68.172 ], [ -51.946, 68.2 ], [ -52.348, 68.16 ], [ -51.796, 68.218 ], [ -51.611, 68.264 ] ] ], [ [ [ -52.237, 68.709 ], [ -52.14, 68.707 ], [ -53.145, 68.57 ], [ -52.78, 68.691 ], [ -52.237, 68.709 ] ] ], [ [ [ -51.239, 69.926 ], [ -51.049, 69.931 ], [ -50.674, 69.859 ], [ -51.154, 69.511 ], [ -51.393, 69.724 ], [ -51.015, 69.89 ], [ -51.388, 69.85 ], [ -51.239, 69.926 ] ] ], [ [ [ -54.04, 70.285 ], [ -53.29, 70.2 ], [ -51.848, 69.641 ], [ -53.574, 69.232 ], [ -54.292, 69.404 ], [ -53.388, 69.443 ], [ -53.592, 69.465 ], [ -53.361, 69.581 ], [ -53.799, 69.458 ], [ -54.003, 69.499 ], [ -53.962, 69.612 ], [ -54.993, 69.7 ], [ -54.398, 69.677 ], [ -54.943, 69.839 ], [ -54.847, 69.951 ], [ -54.232, 69.914 ], [ -54.781, 70.038 ], [ -54.817, 70.222 ], [ -54.04, 70.285 ] ] ], [ [ [ -25.695, 71.042 ], [ -25.401, 70.91 ], [ -25.349, 70.808 ], [ -25.493, 70.782 ], [ -25.291, 70.66 ], [ -28.148, 70.459 ], [ -27.096, 70.889 ], [ -25.695, 71.042 ] ] ], [ [ [ -53.521, 71.037 ], [ -53.706, 71.036 ], [ -54.004, 71.138 ], [ -53.596, 71.313 ], [ -53.376, 71.115 ], [ -53.521, 71.037 ] ] ], [ [ [ -52.838, 71.371 ], [ -52.425, 71.355 ], [ -52.345, 71.281 ], [ -52.943, 71.15 ], [ -53.197, 71.311 ], [ -52.838, 71.371 ] ] ], [ [ [ -53.205, 71.678 ], [ -52.902, 71.666 ], [ -52.766, 71.671 ], [ -53.462, 71.578 ], [ -53.205, 71.678 ] ] ], [ [ [ -55.029, 72.393 ], [ -55.391, 72.183 ], [ -55.704, 72.189 ], [ -55.419, 72.278 ], [ -55.588, 72.311 ], [ -55.426, 72.299 ], [ -55.029, 72.393 ] ] ], [ [ [ -55.172, 72.857 ], [ -54.938, 72.814 ], [ -55.353, 72.592 ], [ -55.848, 72.624 ], [ -55.172, 72.857 ] ] ], [ [ [ -24.194, 72.885 ], [ -23.156, 72.837 ], [ -21.93, 72.424 ], [ -22.744, 72.449 ], [ -22.032, 72.272 ], [ -22.232, 72.125 ], [ -22.698, 72.172 ], [ -24.408, 72.612 ], [ -24.516, 72.846 ], [ -24.194, 72.885 ] ] ], [ [ [ -23.21, 73.066 ], [ -21.983, 72.941 ], [ -21.891, 72.898 ], [ -22.191, 72.816 ], [ -21.873, 72.719 ], [ -22.62, 72.696 ], [ -22.971, 72.855 ], [ -24.59, 72.961 ], [ -23.21, 73.066 ] ] ], [ [ [ -24.795, 73.434 ], [ -23.218, 73.239 ], [ -23.595, 73.222 ], [ -24.241, 73.297 ], [ -24.454, 73.293 ], [ -24.904, 73.325 ], [ -25.232, 73.328 ], [ -22.871, 73.16 ], [ -24.414, 73.024 ], [ -25.744, 73.198 ], [ -25.295, 73.402 ], [ -24.795, 73.434 ] ] ], [ [ [ -56.374, 73.889 ], [ -56.149, 73.885 ], [ -55.943, 73.845 ], [ -56.753, 73.883 ], [ -56.374, 73.889 ] ] ], [ [ [ -20.122, 75.011 ], [ -19.981, 74.983 ], [ -20.202, 74.924 ], [ -19.746, 74.851 ], [ -20.086, 74.703 ], [ -20.676, 74.814 ], [ -20.484, 75.026 ], [ -20.122, 75.011 ] ] ], [ [ [ -17.816, 75.31 ], [ -18.209, 75.218 ], [ -17.716, 75.065 ], [ -17.348, 75.146 ], [ -17.364, 75.026 ], [ -18.917, 75.032 ], [ -18.932, 75.331 ], [ -18.063, 75.424 ], [ -17.816, 75.31 ] ] ], [ [ [ -18.735, 76.602 ], [ -18.792, 76.48 ], [ -18.461, 75.943 ], [ -19.176, 76.496 ], [ -18.809, 76.567 ], [ -19.178, 76.713 ], [ -18.735, 76.602 ] ] ], [ [ [ -72.284, 77.457 ], [ -71.899, 77.442 ], [ -71.336, 77.388 ], [ -72.556, 77.415 ], [ -72.284, 77.457 ] ] ], [ [ [ -70.696, 77.464 ], [ -70.11, 77.422 ], [ -70.053, 77.402 ], [ -71.269, 77.45 ], [ -70.696, 77.464 ] ] ], [ [ [ -18.004, 77.622 ], [ -18.22, 77.634 ], [ -17.93, 77.858 ], [ -17.587, 77.805 ], [ -18.004, 77.622 ] ] ], [ [ [ -20.153, 77.925 ], [ -19.335, 77.857 ], [ -19.168, 77.755 ], [ -20.447, 77.915 ], [ -20.153, 77.925 ] ] ], [ [ [ -19.02, 78.895 ], [ -19.25, 78.755 ], [ -18.996, 78.749 ], [ -19.413, 78.743 ], [ -18.998, 78.718 ], [ -19.61, 78.738 ], [ -19.02, 78.895 ] ] ], [ [ [ -17.407, 79.024 ], [ -17.768, 78.962 ], [ -17.951, 78.998 ], [ -17.579, 79.175 ], [ -17.407, 79.024 ] ] ], [ [ [ -19.396, 80.041 ], [ -19.717, 80.04 ], [ -19.36, 80.212 ], [ -18.671, 80.132 ], [ -19.396, 80.041 ] ] ], [ [ [ -17.967, 81.735 ], [ -17.725, 81.719 ], [ -17.301, 81.563 ], [ -18.236, 81.703 ], [ -17.967, 81.735 ] ] ], [ [ [ -18.68, 81.8 ], [ -19.137, 81.83 ], [ -19.566, 82.058 ], [ -19.181, 82.104 ], [ -18.68, 81.8 ] ] ], [ [ [ -51.63, 82.077 ], [ -51.195, 81.991 ], [ -53.418, 82.232 ], [ -52.766, 82.305 ], [ -51.63, 82.077 ] ] ], [ [ [ -48.191, 82.398 ], [ -48.327, 82.399 ], [ -48.933, 82.537 ], [ -48.094, 82.458 ], [ -48.191, 82.398 ] ] ], [ [ [ -46.064, 82.644 ], [ -44.416, 82.347 ], [ -45.123, 82.219 ], [ -44.698, 82.097 ], [ -45.046, 82.056 ], [ -47.75, 82.628 ], [ -46.064, 82.644 ] ] ], [ [ [ -48.271, 82.892 ], [ -47.628, 82.834 ], [ -47.491, 82.796 ], [ -48.483, 82.858 ], [ -48.271, 82.892 ] ] ], [ [ [ -45.848, 83.067 ], [ -44.905, 82.861 ], [ -46.104, 82.846 ], [ -46.951, 82.958 ], [ -46.026, 82.911 ], [ -46.769, 83.003 ], [ -45.848, 83.067 ] ] ], [ [ [ -39.296, 83.086 ], [ -39.731, 82.998 ], [ -40.594, 83.142 ], [ -40.191, 83.174 ], [ -39.296, 83.086 ] ] ], [ [ [ -40.0, 82.977 ], [ -40.612, 83.008 ], [ -41.528, 83.166 ], [ -39.869, 82.983 ], [ -40.0, 82.977 ] ] ], [ [ [ -40.332, 83.349 ], [ -38.831, 83.175 ], [ -38.649, 83.121 ], [ -40.741, 83.282 ], [ -40.332, 83.349 ] ] ], [ [ [ -39.041, 83.32 ], [ -38.945, 83.297 ], [ -39.674, 83.342 ], [ -39.285, 83.404 ], [ -39.041, 83.32 ] ] ], [ [ [ -32.428, 83.614 ], [ -25.701, 83.294 ], [ -31.896, 83.057 ], [ -33.485, 83.154 ], [ -33.625, 83.147 ], [ -32.54, 83.05 ], [ -35.671, 82.913 ], [ -35.29, 82.902 ], [ -35.611, 82.774 ], [ -35.453, 82.749 ], [ -34.991, 82.909 ], [ -33.928, 82.909 ], [ -33.782, 82.874 ], [ -34.032, 82.761 ], [ -33.823, 82.701 ], [ -33.991, 82.772 ], [ -33.562, 82.952 ], [ -25.259, 83.166 ], [ -24.766, 82.998 ], [ -25.941, 82.771 ], [ -24.001, 82.915 ], [ -23.797, 82.898 ], [ -24.064, 82.75 ], [ -23.416, 82.854 ], [ -21.328, 82.601 ], [ -22.557, 82.324 ], [ -24.995, 82.159 ], [ -30.121, 82.181 ], [ -29.986, 82.089 ], [ -32.82, 81.76 ], [ -32.112, 81.661 ], [ -31.443, 81.822 ], [ -27.732, 82.04 ], [ -24.546, 81.986 ], [ -24.669, 81.764 ], [ -26.734, 81.467 ], [ -26.343, 81.425 ], [ -23.262, 81.696 ], [ -23.298, 81.94 ], [ -23.128, 82.005 ], [ -21.28, 82.073 ], [ -21.004, 81.933 ], [ -20.998, 81.729 ], [ -21.314, 81.456 ], [ -22.898, 81.084 ], [ -22.571, 81.062 ], [ -23.973, 80.57 ], [ -20.592, 81.377 ], [ -19.837, 81.529 ], [ -18.939, 81.605 ], [ -19.536, 81.36 ], [ -18.451, 81.491 ], [ -17.068, 81.381 ], [ -17.168, 81.484 ], [ -16.664, 81.518 ], [ -16.994, 81.56 ], [ -16.851, 81.647 ], [ -16.396, 81.609 ], [ -16.546, 81.651 ], [ -16.467, 81.756 ], [ -15.625, 81.831 ], [ -13.716, 81.797 ], [ -11.312, 81.457 ], [ -13.344, 81.012 ], [ -14.328, 81.013 ], [ -14.514, 80.97 ], [ -14.103, 80.839 ], [ -15.472, 80.616 ], [ -17.289, 80.758 ], [ -17.481, 80.715 ], [ -17.353, 80.639 ], [ -18.134, 80.553 ], [ -19.486, 80.651 ], [ -20.88, 80.554 ], [ -20.212, 80.523 ], [ -20.393, 80.441 ], [ -19.367, 80.613 ], [ -15.701, 80.419 ], [ -16.852, 80.17 ], [ -19.289, 80.262 ], [ -20.522, 80.113 ], [ -19.977, 80.075 ], [ -20.451, 79.83 ], [ -19.983, 79.719 ], [ -19.548, 79.799 ], [ -19.937, 79.779 ], [ -19.727, 79.937 ], [ -18.976, 80.055 ], [ -17.165, 80.011 ], [ -17.943, 79.694 ], [ -19.009, 79.731 ], [ -19.448, 79.603 ], [ -19.334, 79.519 ], [ -19.601, 79.404 ], [ -19.438, 79.294 ], [ -19.669, 79.112 ], [ -19.373, 79.282 ], [ -18.805, 79.24 ], [ -19.955, 79.022 ], [ -19.725, 78.901 ], [ -19.852, 78.835 ], [ -21.07, 78.761 ], [ -20.779, 78.652 ], [ -21.296, 78.619 ], [ -20.77, 78.584 ], [ -21.037, 78.504 ], [ -21.312, 78.117 ], [ -21.749, 78.105 ], [ -21.322, 78.079 ], [ -21.669, 77.972 ], [ -21.755, 77.877 ], [ -21.516, 77.935 ], [ -21.95, 77.663 ], [ -21.37, 77.631 ], [ -21.71, 77.501 ], [ -21.72, 77.476 ], [ -21.159, 77.603 ], [ -21.394, 77.661 ], [ -21.35, 77.761 ], [ -20.825, 77.978 ], [ -20.552, 77.922 ], [ -20.655, 77.876 ], [ -19.264, 77.728 ], [ -18.94, 77.594 ], [ -20.701, 77.702 ], [ -20.591, 77.677 ], [ -20.89, 77.615 ], [ -20.211, 77.506 ], [ -20.893, 77.524 ], [ -20.36, 77.479 ], [ -20.444, 77.454 ], [ -20.94, 77.515 ], [ -21.056, 77.5 ], [ -19.997, 77.406 ], [ -20.786, 77.367 ], [ -19.813, 77.356 ], [ -19.457, 77.199 ], [ -18.47, 77.281 ], [ -18.248, 77.155 ], [ -18.225, 76.897 ], [ -18.574, 76.691 ], [ -19.892, 76.915 ], [ -22.031, 76.97 ], [ -21.938, 77.014 ], [ -22.111, 76.998 ], [ -22.0, 76.948 ], [ -20.547, 76.888 ], [ -21.681, 76.866 ], [ -20.761, 76.806 ], [ -21.667, 76.622 ], [ -22.232, 76.844 ], [ -22.4, 76.816 ], [ -22.246, 76.729 ], [ -22.705, 76.687 ], [ -22.355, 76.521 ], [ -22.183, 76.629 ], [ -21.86, 76.596 ], [ -22.229, 76.555 ], [ -21.698, 76.475 ], [ -22.581, 76.46 ], [ -21.628, 76.43 ], [ -21.709, 76.251 ], [ -21.574, 76.215 ], [ -20.441, 76.13 ], [ -21.12, 76.289 ], [ -19.892, 76.245 ], [ -19.755, 76.11 ], [ -21.868, 75.967 ], [ -19.979, 75.94 ], [ -19.36, 75.718 ], [ -19.603, 75.682 ], [ -19.348, 75.42 ], [ -19.581, 75.145 ], [ -22.147, 75.673 ], [ -21.399, 75.454 ], [ -22.506, 75.547 ], [ -21.428, 75.434 ], [ -20.503, 75.137 ], [ -21.172, 75.113 ], [ -21.764, 74.977 ], [ -22.095, 75.122 ], [ -22.458, 75.159 ], [ -21.759, 74.953 ], [ -20.638, 75.051 ], [ -20.767, 74.858 ], [ -20.622, 74.733 ], [ -21.116, 74.664 ], [ -19.729, 74.575 ], [ -19.394, 74.681 ], [ -19.308, 74.572 ], [ -19.432, 74.547 ], [ -18.977, 74.481 ], [ -19.646, 74.236 ], [ -20.201, 74.283 ], [ -20.416, 74.449 ], [ -21.225, 74.471 ], [ -21.688, 74.445 ], [ -22.101, 74.601 ], [ -21.823, 74.363 ], [ -20.815, 74.43 ], [ -20.125, 74.199 ], [ -21.108, 74.092 ], [ -21.995, 74.225 ], [ -21.878, 74.358 ], [ -22.458, 74.305 ], [ -22.022, 74.304 ], [ -22.378, 74.162 ], [ -22.191, 74.103 ], [ -22.507, 74.06 ], [ -22.033, 74.003 ], [ -21.84, 73.85 ], [ -21.886, 73.65 ], [ -21.738, 73.707 ], [ -21.939, 74.012 ], [ -21.746, 74.059 ], [ -20.275, 73.875 ], [ -20.535, 73.723 ], [ -20.378, 73.533 ], [ -20.542, 73.45 ], [ -21.572, 73.486 ], [ -22.452, 73.258 ], [ -24.1, 73.669 ], [ -22.784, 73.547 ], [ -22.525, 73.568 ], [ -22.272, 73.636 ], [ -22.785, 73.562 ], [ -24.134, 73.813 ], [ -24.493, 73.715 ], [ -24.476, 73.543 ], [ -25.73, 73.958 ], [ -24.694, 73.523 ], [ -25.412, 73.451 ], [ -25.995, 73.237 ], [ -27.316, 73.504 ], [ -27.43, 73.461 ], [ -26.355, 73.238 ], [ -27.714, 73.132 ], [ -27.356, 73.121 ], [ -27.409, 73.082 ], [ -27.345, 72.974 ], [ -27.258, 73.135 ], [ -26.412, 73.189 ], [ -25.068, 73.055 ], [ -26.197, 72.778 ], [ -26.694, 72.871 ], [ -27.406, 72.856 ], [ -26.423, 72.784 ], [ -26.785, 72.71 ], [ -26.313, 72.739 ], [ -26.429, 72.579 ], [ -25.529, 72.839 ], [ -24.697, 72.677 ], [ -24.66, 72.525 ], [ -24.879, 72.468 ], [ -26.309, 72.394 ], [ -25.246, 72.395 ], [ -25.501, 72.23 ], [ -25.546, 72.027 ], [ -25.212, 72.352 ], [ -24.625, 72.428 ], [ -23.717, 72.214 ], [ -23.824, 72.115 ], [ -22.492, 71.897 ], [ -23.122, 71.621 ], [ -22.447, 71.789 ], [ -22.658, 71.564 ], [ -21.909, 71.733 ], [ -22.566, 71.457 ], [ -22.426, 71.244 ], [ -22.183, 71.467 ], [ -21.892, 71.518 ], [ -21.749, 71.48 ], [ -21.88, 71.443 ], [ -21.669, 71.404 ], [ -21.876, 71.35 ], [ -21.614, 71.327 ], [ -21.95, 71.268 ], [ -21.716, 71.246 ], [ -21.681, 71.145 ], [ -21.873, 71.196 ], [ -21.713, 71.118 ], [ -22.331, 71.044 ], [ -21.68, 71.075 ], [ -22.014, 70.969 ], [ -21.585, 70.952 ], [ -21.92, 70.809 ], [ -21.533, 70.711 ], [ -21.783, 70.708 ], [ -21.574, 70.674 ], [ -21.791, 70.566 ], [ -21.475, 70.537 ], [ -22.402, 70.453 ], [ -22.512, 70.856 ], [ -22.671, 70.693 ], [ -22.629, 70.439 ], [ -23.372, 70.449 ], [ -24.083, 70.694 ], [ -24.19, 71.017 ], [ -24.611, 71.339 ], [ -25.119, 71.291 ], [ -25.625, 71.534 ], [ -26.434, 71.643 ], [ -26.861, 71.558 ], [ -27.915, 72.0 ], [ -28.72, 72.095 ], [ -27.341, 71.71 ], [ -28.466, 71.546 ], [ -25.908, 71.49 ], [ -25.432, 71.324 ], [ -25.796, 71.248 ], [ -25.663, 71.146 ], [ -26.804, 70.934 ], [ -27.531, 70.94 ], [ -27.932, 71.147 ], [ -27.627, 70.947 ], [ -28.4, 70.986 ], [ -27.92, 70.857 ], [ -28.323, 70.56 ], [ -29.261, 70.455 ], [ -28.313, 70.507 ], [ -28.229, 70.364 ], [ -26.642, 70.476 ], [ -26.339, 70.365 ], [ -28.597, 70.103 ], [ -28.547, 70.045 ], [ -27.38, 69.963 ], [ -26.916, 70.25 ], [ -26.328, 70.2 ], [ -25.26, 70.414 ], [ -25.42, 70.364 ], [ -23.868, 70.124 ], [ -22.079, 70.135 ], [ -23.297, 69.862 ], [ -22.892, 69.815 ], [ -22.99, 69.756 ], [ -23.36, 69.86 ], [ -23.238, 69.747 ], [ -23.921, 69.757 ], [ -23.572, 69.619 ], [ -23.819, 69.512 ], [ -24.341, 69.605 ], [ -24.085, 69.415 ], [ -24.75, 69.428 ], [ -24.606, 69.321 ], [ -24.717, 69.239 ], [ -25.229, 69.282 ], [ -24.974, 69.157 ], [ -25.329, 69.137 ], [ -25.303, 69.019 ], [ -25.648, 69.1 ], [ -25.453, 68.968 ], [ -26.381, 68.67 ], [ -27.77, 68.529 ], [ -27.649, 68.473 ], [ -28.008, 68.593 ], [ -28.015, 68.447 ], [ -29.172, 68.395 ], [ -29.119, 68.283 ], [ -29.407, 68.209 ], [ -29.868, 68.415 ], [ -30.091, 68.316 ], [ -29.975, 68.249 ], [ -30.298, 68.261 ], [ -30.026, 68.114 ], [ -30.728, 68.265 ], [ -30.836, 68.243 ], [ -30.438, 68.069 ], [ -31.008, 68.189 ], [ -31.192, 68.183 ], [ -30.905, 68.056 ], [ -31.606, 68.071 ], [ -31.76, 68.2 ], [ -31.712, 68.231 ], [ -31.574, 68.222 ], [ -31.542, 68.225 ], [ -31.517, 68.244 ], [ -32.002, 68.261 ], [ -32.146, 68.479 ], [ -32.296, 68.416 ], [ -32.528, 68.613 ], [ -32.444, 68.501 ], [ -32.582, 68.48 ], [ -32.091, 68.184 ], [ -32.211, 68.228 ], [ -32.463, 68.201 ], [ -31.988, 68.133 ], [ -32.154, 68.038 ], [ -32.029, 67.925 ], [ -33.221, 67.683 ], [ -33.052, 67.636 ], [ -33.389, 67.545 ], [ -33.271, 67.4 ], [ -33.585, 67.362 ], [ -33.361, 67.25 ], [ -33.679, 67.221 ], [ -33.523, 67.081 ], [ -34.045, 67.017 ], [ -33.851, 66.961 ], [ -34.013, 66.966 ], [ -33.924, 66.76 ], [ -34.098, 66.815 ], [ -34.282, 66.576 ], [ -34.409, 66.752 ], [ -34.521, 66.642 ], [ -34.398, 66.541 ], [ -34.625, 66.367 ], [ -34.972, 66.282 ], [ -35.108, 66.419 ], [ -35.267, 66.311 ], [ -35.023, 66.261 ], [ -35.137, 66.235 ], [ -35.84, 66.443 ], [ -35.664, 66.318 ], [ -35.77, 66.254 ], [ -35.53, 66.246 ], [ -35.71, 66.212 ], [ -35.56, 66.129 ], [ -35.751, 66.194 ], [ -35.961, 66.097 ], [ -35.725, 66.068 ], [ -36.087, 65.918 ], [ -36.405, 65.911 ], [ -36.362, 66.082 ], [ -36.993, 65.865 ], [ -37.06, 66.064 ], [ -37.257, 66.097 ], [ -37.158, 65.877 ], [ -37.479, 65.999 ], [ -37.421, 65.937 ], [ -37.095, 65.854 ], [ -37.32, 65.833 ], [ -37.204, 65.753 ], [ -37.702, 65.938 ], [ -37.844, 65.884 ], [ -37.667, 65.983 ], [ -37.807, 66.049 ], [ -37.155, 66.305 ], [ -37.876, 66.436 ], [ -38.152, 66.342 ], [ -37.709, 66.255 ], [ -38.135, 66.096 ], [ -37.964, 66.072 ], [ -37.995, 65.939 ], [ -38.483, 66.017 ], [ -38.097, 65.792 ], [ -38.211, 65.638 ], [ -38.757, 65.694 ], [ -38.604, 65.565 ], [ -38.965, 65.518 ], [ -39.351, 65.746 ], [ -39.22, 65.574 ], [ -39.669, 65.671 ], [ -39.808, 65.491 ], [ -40.214, 65.49 ], [ -39.769, 65.389 ], [ -39.962, 65.345 ], [ -39.761, 65.226 ], [ -40.128, 65.16 ], [ -40.029, 65.083 ], [ -40.155, 65.009 ], [ -41.131, 65.114 ], [ -40.978, 64.953 ], [ -41.16, 64.939 ], [ -40.608, 64.676 ], [ -40.672, 64.473 ], [ -40.397, 64.367 ], [ -41.556, 64.26 ], [ -40.595, 64.124 ], [ -40.608, 63.958 ], [ -40.845, 63.931 ], [ -40.631, 63.913 ], [ -40.517, 63.687 ], [ -41.502, 63.854 ], [ -41.652, 63.778 ], [ -40.757, 63.517 ], [ -41.167, 63.516 ], [ -41.09, 63.432 ], [ -41.294, 63.563 ], [ -41.184, 63.445 ], [ -41.011, 63.401 ], [ -41.139, 63.379 ], [ -41.425, 63.557 ], [ -41.241, 63.396 ], [ -41.592, 63.483 ], [ -41.163, 63.339 ], [ -41.134, 63.299 ], [ -41.552, 63.426 ], [ -41.725, 63.554 ], [ -41.93, 63.468 ], [ -41.429, 63.107 ], [ -41.563, 63.082 ], [ -41.855, 63.216 ], [ -42.119, 63.249 ], [ -41.538, 63.027 ], [ -41.739, 63.019 ], [ -42.189, 63.195 ], [ -42.044, 63.012 ], [ -41.623, 62.981 ], [ -41.783, 62.82 ], [ -42.335, 62.797 ], [ -42.304, 62.935 ], [ -42.623, 62.848 ], [ -42.419, 62.821 ], [ -42.584, 62.823 ], [ -42.504, 62.687 ], [ -43.154, 62.741 ], [ -42.148, 62.378 ], [ -42.99, 62.513 ], [ -42.264, 62.291 ], [ -42.534, 61.931 ], [ -42.112, 62.002 ], [ -42.426, 61.903 ], [ -42.193, 61.856 ], [ -42.312, 61.754 ], [ -42.784, 61.81 ], [ -42.883, 61.761 ], [ -42.62, 61.687 ], [ -42.28, 61.717 ], [ -42.235, 61.694 ], [ -42.456, 61.542 ], [ -43.084, 61.587 ], [ -42.404, 61.485 ], [ -42.65, 61.282 ], [ -42.879, 61.341 ], [ -43.255, 61.33 ], [ -42.655, 61.25 ], [ -42.563, 61.186 ], [ -43.191, 61.206 ], [ -42.703, 61.14 ], [ -42.648, 61.088 ], [ -43.63, 61.126 ], [ -42.707, 61.056 ], [ -42.778, 60.916 ], [ -43.486, 60.934 ], [ -43.496, 60.894 ], [ -42.797, 60.792 ], [ -43.527, 60.832 ], [ -42.794, 60.745 ], [ -43.295, 60.669 ], [ -42.775, 60.685 ], [ -43.155, 60.595 ], [ -42.841, 60.579 ], [ -42.852, 60.56 ], [ -43.331, 60.544 ], [ -43.232, 60.453 ], [ -43.585, 60.528 ], [ -43.713, 60.717 ], [ -43.634, 60.536 ], [ -44.066, 60.578 ], [ -44.154, 60.629 ], [ -44.197, 60.622 ], [ -43.818, 60.439 ], [ -43.332, 60.448 ], [ -43.616, 60.307 ], [ -43.127, 60.319 ], [ -43.337, 60.21 ], [ -43.121, 60.204 ], [ -43.242, 60.126 ], [ -43.135, 60.071 ], [ -43.633, 60.187 ], [ -43.653, 60.143 ], [ -44.071, 60.181 ], [ -44.161, 60.151 ], [ -43.985, 60.305 ], [ -44.092, 60.379 ], [ -44.591, 59.982 ], [ -44.887, 60.152 ], [ -45.159, 60.075 ], [ -44.761, 60.188 ], [ -44.838, 60.203 ], [ -44.502, 60.473 ], [ -44.467, 60.56 ], [ -45.198, 60.122 ], [ -44.622, 60.74 ], [ -45.23, 60.418 ], [ -45.077, 60.651 ], [ -45.509, 60.476 ], [ -45.127, 60.69 ], [ -45.309, 60.65 ], [ -45.321, 60.688 ], [ -45.219, 60.735 ], [ -45.22, 60.764 ], [ -45.378, 60.692 ], [ -45.568, 60.46 ], [ -45.754, 60.592 ], [ -45.635, 60.625 ], [ -45.628, 60.64 ], [ -45.794, 60.619 ], [ -45.873, 60.509 ], [ -46.003, 60.564 ], [ -45.262, 60.901 ], [ -45.42, 61.002 ], [ -45.699, 60.768 ], [ -46.233, 60.739 ], [ -45.492, 60.981 ], [ -45.261, 61.095 ], [ -45.206, 61.189 ], [ -45.384, 61.082 ], [ -45.519, 61.247 ], [ -45.612, 61.014 ], [ -46.064, 60.909 ], [ -45.622, 61.141 ], [ -45.872, 61.208 ], [ -45.792, 61.325 ], [ -46.12, 61.241 ], [ -45.828, 61.121 ], [ -46.897, 60.931 ], [ -46.698, 60.876 ], [ -46.861, 60.793 ], [ -47.062, 60.825 ], [ -46.912, 60.917 ], [ -47.034, 60.974 ], [ -47.277, 60.881 ], [ -47.322, 60.949 ], [ -47.875, 60.861 ], [ -47.333, 60.865 ], [ -47.445, 60.813 ], [ -48.241, 60.806 ], [ -47.685, 61.002 ], [ -48.414, 60.974 ], [ -47.844, 61.022 ], [ -47.854, 61.151 ], [ -48.226, 61.177 ], [ -47.925, 61.321 ], [ -48.503, 61.164 ], [ -48.466, 61.264 ], [ -48.627, 61.254 ], [ -48.37, 61.292 ], [ -48.537, 61.296 ], [ -48.489, 61.351 ], [ -48.338, 61.341 ], [ -48.327, 61.372 ], [ -49.074, 61.395 ], [ -48.251, 61.523 ], [ -48.495, 61.523 ], [ -48.346, 61.603 ], [ -49.023, 61.446 ], [ -49.121, 61.501 ], [ -48.872, 61.535 ], [ -49.283, 61.546 ], [ -48.582, 61.629 ], [ -49.075, 61.613 ], [ -48.867, 61.783 ], [ -49.161, 61.712 ], [ -48.752, 61.982 ], [ -49.237, 61.704 ], [ -49.358, 61.763 ], [ -49.163, 61.894 ], [ -49.337, 61.804 ], [ -49.437, 61.816 ], [ -48.846, 62.068 ], [ -49.098, 62.062 ], [ -49.04, 62.203 ], [ -49.179, 62.004 ], [ -49.724, 61.996 ], [ -49.462, 62.069 ], [ -49.715, 62.108 ], [ -49.336, 62.071 ], [ -49.362, 62.207 ], [ -49.469, 62.135 ], [ -49.712, 62.143 ], [ -49.59, 62.221 ], [ -49.333, 62.222 ], [ -49.298, 62.262 ], [ -49.861, 62.247 ], [ -49.901, 62.366 ], [ -49.594, 62.373 ], [ -49.754, 62.413 ], [ -49.622, 62.446 ], [ -49.76, 62.457 ], [ -50.024, 62.333 ], [ -50.328, 62.487 ], [ -49.888, 62.835 ], [ -50.283, 62.689 ], [ -50.152, 62.929 ], [ -49.702, 63.049 ], [ -50.173, 62.953 ], [ -50.376, 62.771 ], [ -50.157, 62.997 ], [ -50.597, 62.954 ], [ -50.488, 63.008 ], [ -50.623, 63.087 ], [ -50.06, 63.218 ], [ -50.91, 63.121 ], [ -50.781, 63.248 ], [ -51.001, 63.137 ], [ -51.112, 63.329 ], [ -50.158, 63.379 ], [ -51.241, 63.434 ], [ -50.752, 63.545 ], [ -51.087, 63.511 ], [ -51.147, 63.62 ], [ -50.552, 63.59 ], [ -50.506, 63.647 ], [ -51.082, 63.656 ], [ -51.216, 63.592 ], [ -51.107, 63.509 ], [ -51.178, 63.49 ], [ -51.543, 63.664 ], [ -50.907, 63.92 ], [ -51.427, 63.794 ], [ -51.357, 63.956 ], [ -51.635, 64.019 ], [ -51.314, 64.006 ], [ -50.541, 64.196 ], [ -51.443, 64.072 ], [ -51.737, 64.202 ], [ -50.948, 64.214 ], [ -50.841, 64.248 ], [ -51.055, 64.269 ], [ -50.907, 64.402 ], [ -50.37, 64.375 ], [ -50.169, 64.442 ], [ -50.579, 64.439 ], [ -50.437, 64.544 ], [ -50.878, 64.623 ], [ -50.323, 64.668 ], [ -50.141, 64.47 ], [ -49.593, 64.338 ], [ -50.068, 64.522 ], [ -50.132, 64.633 ], [ -50.003, 64.686 ], [ -50.231, 64.718 ], [ -50.125, 64.831 ], [ -50.566, 64.757 ], [ -50.696, 65.005 ], [ -50.861, 65.113 ], [ -50.667, 65.201 ], [ -51.042, 65.224 ], [ -50.632, 64.75 ], [ -51.137, 64.605 ], [ -51.238, 64.616 ], [ -51.027, 64.781 ], [ -51.218, 64.767 ], [ -51.675, 64.297 ], [ -52.023, 64.198 ], [ -52.131, 64.719 ], [ -51.559, 64.817 ], [ -51.647, 64.875 ], [ -51.251, 65.02 ], [ -51.698, 64.877 ], [ -51.55, 64.987 ], [ -51.725, 65.014 ], [ -51.852, 64.904 ], [ -51.719, 64.87 ], [ -52.216, 64.798 ], [ -52.02, 64.981 ], [ -52.291, 65.08 ], [ -52.001, 65.182 ], [ -52.228, 65.166 ], [ -51.995, 65.32 ], [ -52.294, 65.195 ], [ -52.186, 65.317 ], [ -52.359, 65.343 ], [ -52.522, 65.188 ], [ -52.571, 65.338 ], [ -51.419, 65.598 ], [ -51.906, 65.604 ], [ -51.72, 65.697 ], [ -51.28, 65.764 ], [ -50.742, 65.678 ], [ -50.563, 65.682 ], [ -50.558, 65.713 ], [ -51.246, 65.82 ], [ -52.011, 65.669 ], [ -51.923, 65.55 ], [ -52.509, 65.385 ], [ -52.438, 65.545 ], [ -52.572, 65.444 ], [ -52.637, 65.487 ], [ -52.476, 65.671 ], [ -52.686, 65.499 ], [ -52.813, 65.54 ], [ -52.552, 65.669 ], [ -52.801, 65.634 ], [ -52.64, 65.697 ], [ -52.702, 65.8 ], [ -52.808, 65.666 ], [ -53.257, 65.676 ], [ -52.721, 65.931 ], [ -52.308, 65.827 ], [ -51.989, 65.997 ], [ -51.737, 65.919 ], [ -51.864, 66.011 ], [ -51.746, 66.071 ], [ -52.183, 65.992 ], [ -52.313, 65.887 ], [ -52.56, 66.021 ], [ -53.188, 65.847 ], [ -53.268, 65.907 ], [ -52.892, 66.012 ], [ -53.396, 65.922 ], [ -53.291, 66.028 ], [ -53.48, 66.028 ], [ -51.928, 66.491 ], [ -52.058, 66.512 ], [ -51.284, 66.844 ], [ -50.319, 66.826 ], [ -50.926, 66.869 ], [ -50.708, 67.006 ], [ -50.944, 66.984 ], [ -53.559, 66.095 ], [ -53.672, 66.109 ], [ -53.462, 66.152 ], [ -53.679, 66.126 ], [ -53.562, 66.232 ], [ -53.101, 66.291 ], [ -53.627, 66.24 ], [ -53.685, 66.381 ], [ -53.5, 66.476 ], [ -53.644, 66.506 ], [ -53.044, 66.424 ], [ -53.169, 66.498 ], [ -52.938, 66.558 ], [ -52.522, 66.516 ], [ -52.423, 66.55 ], [ -52.827, 66.581 ], [ -53.27, 66.546 ], [ -53.487, 66.641 ], [ -52.598, 66.703 ], [ -52.617, 66.743 ], [ -53.017, 66.701 ], [ -53.212, 66.739 ], [ -52.83, 66.749 ], [ -52.671, 66.817 ], [ -53.127, 66.764 ], [ -53.018, 66.848 ], [ -52.356, 66.809 ], [ -52.234, 66.84 ], [ -52.498, 66.875 ], [ -52.281, 66.895 ], [ -52.52, 66.908 ], [ -52.448, 66.981 ], [ -53.651, 66.907 ], [ -53.852, 66.973 ], [ -53.214, 66.985 ], [ -53.857, 67.055 ], [ -53.552, 67.062 ], [ -53.369, 67.109 ], [ -53.992, 67.096 ], [ -52.139, 67.371 ], [ -52.052, 67.33 ], [ -51.517, 67.325 ], [ -51.298, 67.15 ], [ -51.208, 67.12 ], [ -50.363, 67.17 ], [ -51.207, 67.127 ], [ -51.553, 67.352 ], [ -51.098, 67.416 ], [ -53.172, 67.345 ], [ -53.902, 67.226 ], [ -53.723, 67.457 ], [ -52.544, 67.736 ], [ -52.852, 67.739 ], [ -52.786, 67.752 ], [ -52.402, 67.768 ], [ -51.801, 67.613 ], [ -51.329, 67.678 ], [ -50.605, 67.478 ], [ -50.164, 67.453 ], [ -50.07, 67.51 ], [ -50.889, 67.593 ], [ -49.938, 67.697 ], [ -50.949, 67.617 ], [ -51.332, 67.712 ], [ -50.987, 67.718 ], [ -50.152, 67.851 ], [ -50.765, 67.901 ], [ -50.956, 67.846 ], [ -50.634, 67.844 ], [ -51.18, 67.75 ], [ -51.385, 67.869 ], [ -50.999, 67.87 ], [ -51.034, 67.982 ], [ -51.574, 67.928 ], [ -51.314, 67.81 ], [ -51.719, 67.687 ], [ -52.363, 67.819 ], [ -51.566, 67.965 ], [ -52.97, 67.763 ], [ -53.62, 67.499 ], [ -53.77, 67.597 ], [ -53.543, 67.68 ], [ -53.698, 67.805 ], [ -52.903, 67.976 ], [ -53.259, 67.976 ], [ -53.113, 68.059 ], [ -52.596, 67.93 ], [ -52.219, 67.918 ], [ -52.081, 67.943 ], [ -52.06, 67.972 ], [ -53.482, 68.148 ], [ -53.328, 68.19 ], [ -51.195, 68.066 ], [ -50.626, 67.899 ], [ -50.136, 67.932 ], [ -51.454, 68.198 ], [ -50.961, 68.181 ], [ -51.411, 68.245 ], [ -51.158, 68.284 ], [ -51.187, 68.405 ], [ -50.819, 68.503 ], [ -51.658, 68.401 ], [ -51.239, 68.286 ], [ -51.667, 68.274 ], [ -52.466, 68.173 ], [ -52.521, 68.302 ], [ -52.944, 68.26 ], [ -52.597, 68.356 ], [ -53.372, 68.278 ], [ -53.418, 68.335 ], [ -52.733, 68.367 ], [ -52.841, 68.409 ], [ -52.415, 68.562 ], [ -51.044, 68.585 ], [ -51.108, 68.702 ], [ -50.675, 68.831 ], [ -51.315, 68.748 ], [ -50.945, 68.946 ], [ -51.221, 68.89 ], [ -51.099, 69.137 ], [ -50.198, 68.968 ], [ -50.713, 69.113 ], [ -50.123, 69.22 ], [ -50.498, 69.198 ], [ -50.42, 69.349 ], [ -51.149, 69.206 ], [ -50.9, 69.286 ], [ -51.021, 69.325 ], [ -50.855, 69.338 ], [ -50.892, 69.463 ], [ -50.253, 69.508 ], [ -50.903, 69.486 ], [ -50.764, 69.546 ], [ -50.837, 69.645 ], [ -50.418, 69.599 ], [ -50.822, 69.716 ], [ -50.197, 69.762 ], [ -50.63, 69.927 ], [ -50.233, 70.02 ], [ -52.345, 70.05 ], [ -54.626, 70.652 ], [ -54.012, 70.833 ], [ -52.646, 70.737 ], [ -51.058, 70.35 ], [ -50.552, 70.327 ], [ -50.709, 70.399 ], [ -50.514, 70.499 ], [ -51.092, 70.44 ], [ -50.963, 70.473 ], [ -51.367, 70.562 ], [ -50.643, 70.62 ], [ -51.469, 70.746 ], [ -50.659, 70.74 ], [ -51.968, 71.026 ], [ -50.93, 71.003 ], [ -51.51, 71.067 ], [ -51.246, 71.145 ], [ -52.265, 71.124 ], [ -51.532, 71.3 ], [ -51.675, 71.359 ], [ -52.563, 71.171 ], [ -52.302, 71.254 ], [ -52.263, 71.368 ], [ -51.384, 71.488 ], [ -52.996, 71.424 ], [ -51.653, 71.714 ], [ -53.281, 71.716 ], [ -52.7, 72.0 ], [ -53.374, 71.777 ], [ -53.328, 71.872 ], [ -53.529, 72.0 ], [ -53.401, 71.85 ], [ -53.934, 71.751 ], [ -53.74, 71.65 ], [ -54.114, 71.73 ], [ -53.862, 71.57 ], [ -53.899, 71.446 ], [ -54.382, 71.372 ], [ -55.254, 71.502 ], [ -55.117, 71.401 ], [ -55.348, 71.403 ], [ -55.686, 71.641 ], [ -55.564, 71.65 ], [ -55.885, 71.691 ], [ -54.639, 71.994 ], [ -55.614, 72.0 ], [ -54.902, 72.334 ], [ -55.07, 72.434 ], [ -55.647, 72.453 ], [ -54.803, 72.489 ], [ -54.751, 72.63 ], [ -54.887, 72.669 ], [ -54.723, 72.728 ], [ -55.082, 72.723 ], [ -54.581, 72.83 ], [ -54.838, 73.021 ], [ -55.738, 73.092 ], [ -55.089, 73.195 ], [ -55.468, 73.27 ], [ -55.062, 73.366 ], [ -56.071, 73.654 ], [ -55.804, 73.763 ], [ -55.959, 73.868 ], [ -55.604, 73.867 ], [ -56.431, 74.073 ], [ -56.133, 74.258 ], [ -57.311, 74.105 ], [ -56.254, 74.278 ], [ -56.738, 74.35 ], [ -56.093, 74.384 ], [ -56.821, 74.455 ], [ -56.229, 74.536 ], [ -57.033, 74.674 ], [ -57.188, 74.781 ], [ -56.789, 74.817 ], [ -57.034, 74.922 ], [ -58.127, 75.087 ], [ -57.919, 75.176 ], [ -58.429, 75.299 ], [ -58.353, 75.373 ], [ -58.693, 75.351 ], [ -58.137, 75.519 ], [ -58.591, 75.683 ], [ -58.373, 75.715 ], [ -59.079, 75.705 ], [ -59.242, 75.882 ], [ -59.776, 75.802 ], [ -59.565, 75.914 ], [ -60.72, 75.994 ], [ -60.929, 76.169 ], [ -62.234, 76.289 ], [ -62.728, 76.194 ], [ -63.417, 76.382 ], [ -63.758, 76.158 ], [ -64.124, 76.152 ], [ -64.143, 76.314 ], [ -64.411, 76.357 ], [ -64.429, 76.224 ], [ -64.685, 76.261 ], [ -64.597, 76.131 ], [ -65.454, 76.026 ], [ -65.885, 76.101 ], [ -65.533, 76.238 ], [ -65.717, 76.276 ], [ -66.191, 76.282 ], [ -66.413, 76.089 ], [ -66.877, 76.269 ], [ -67.3, 76.177 ], [ -66.481, 75.911 ], [ -68.509, 76.094 ], [ -68.431, 76.156 ], [ -69.638, 76.383 ], [ -67.944, 76.689 ], [ -70.078, 76.808 ], [ -69.856, 76.964 ], [ -70.634, 76.796 ], [ -70.978, 76.891 ], [ -70.671, 76.942 ], [ -71.384, 77.016 ], [ -70.183, 77.245 ], [ -68.054, 77.187 ], [ -69.106, 77.276 ], [ -68.34, 77.376 ], [ -66.234, 77.261 ], [ -66.636, 77.419 ], [ -66.031, 77.499 ], [ -66.999, 77.689 ], [ -67.764, 77.516 ], [ -68.378, 77.511 ], [ -68.685, 77.673 ], [ -68.817, 77.655 ], [ -68.592, 77.524 ], [ -70.185, 77.552 ], [ -70.295, 77.576 ], [ -69.5, 77.69 ], [ -70.694, 77.702 ], [ -70.152, 77.848 ], [ -70.348, 77.868 ], [ -71.267, 77.767 ], [ -71.425, 77.8 ], [ -71.176, 77.88 ], [ -72.216, 77.936 ], [ -72.347, 78.011 ], [ -72.254, 78.053 ], [ -73.042, 78.173 ], [ -72.672, 78.198 ], [ -72.851, 78.35 ], [ -72.55, 78.519 ], [ -69.294, 78.807 ], [ -68.555, 79.042 ], [ -65.644, 79.212 ], [ -64.812, 79.537 ], [ -65.02, 79.651 ], [ -64.892, 79.682 ], [ -65.12, 79.841 ], [ -64.936, 79.939 ], [ -65.068, 80.0 ], [ -63.599, 80.117 ], [ -64.014, 80.138 ], [ -63.907, 80.268 ], [ -64.102, 80.284 ], [ -64.368, 80.065 ], [ -66.973, 80.043 ], [ -67.418, 80.188 ], [ -67.408, 80.333 ], [ -65.939, 80.661 ], [ -65.192, 80.617 ], [ -65.602, 80.705 ], [ -63.636, 81.137 ], [ -62.72, 80.745 ], [ -63.334, 81.146 ], [ -60.929, 81.16 ], [ -61.343, 81.34 ], [ -60.777, 81.498 ], [ -61.448, 81.738 ], [ -61.231, 81.82 ], [ -58.983, 81.862 ], [ -58.743, 81.684 ], [ -56.531, 81.328 ], [ -59.523, 81.988 ], [ -55.894, 82.268 ], [ -55.139, 82.15 ], [ -55.628, 82.277 ], [ -54.497, 82.365 ], [ -53.599, 82.115 ], [ -53.535, 81.868 ], [ -53.878, 81.693 ], [ -53.672, 81.515 ], [ -53.459, 81.549 ], [ -53.592, 81.667 ], [ -52.965, 81.83 ], [ -52.922, 82.03 ], [ -50.098, 81.619 ], [ -49.643, 81.633 ], [ -51.136, 81.934 ], [ -49.48, 81.924 ], [ -50.767, 82.194 ], [ -51.17, 82.502 ], [ -50.244, 82.525 ], [ -46.404, 82.101 ], [ -46.084, 81.949 ], [ -45.151, 81.777 ], [ -44.65, 81.757 ], [ -44.216, 81.831 ], [ -44.98, 82.026 ], [ -44.35, 82.105 ], [ -44.881, 82.19 ], [ -44.659, 82.281 ], [ -42.331, 82.219 ], [ -43.867, 82.33 ], [ -43.738, 82.391 ], [ -45.82, 82.769 ], [ -42.102, 82.757 ], [ -42.191, 82.709 ], [ -41.64, 82.481 ], [ -41.688, 82.651 ], [ -41.999, 82.729 ], [ -41.822, 82.753 ], [ -40.279, 82.561 ], [ -40.042, 82.361 ], [ -39.746, 82.501 ], [ -40.054, 82.548 ], [ -39.934, 82.621 ], [ -40.165, 82.719 ], [ -41.829, 82.841 ], [ -44.716, 82.851 ], [ -45.109, 82.924 ], [ -44.925, 82.969 ], [ -44.084, 82.912 ], [ -43.441, 82.916 ], [ -43.384, 82.942 ], [ -45.008, 83.002 ], [ -45.593, 83.141 ], [ -42.94, 83.088 ], [ -44.032, 83.205 ], [ -42.716, 83.28 ], [ -41.772, 83.188 ], [ -42.048, 83.084 ], [ -41.699, 83.142 ], [ -40.692, 82.976 ], [ -39.506, 82.962 ], [ -38.638, 82.751 ], [ -38.51, 82.834 ], [ -39.187, 82.979 ], [ -37.335, 83.002 ], [ -38.826, 83.054 ], [ -36.958, 83.149 ], [ -38.773, 83.217 ], [ -38.936, 83.248 ], [ -38.725, 83.309 ], [ -38.913, 83.435 ], [ -37.771, 83.37 ], [ -38.12, 83.453 ], [ -37.695, 83.512 ], [ -36.481, 83.364 ], [ -36.968, 83.502 ], [ -34.821, 83.61 ], [ -33.877, 83.46 ], [ -34.161, 83.573 ], [ -32.428, 83.614 ] ] ] ] } },
{ "type": "Feature", "properties": { }, "geometry": { "type": "Polygon", "coordinates": [ [ [ -64.714, 32.349 ], [ -64.675, 32.343 ], [ -64.79, 32.266 ], [ -64.868, 32.247 ], [ -64.896, 32.283 ], [ -64.714, 32.349 ] ] ] } },
{ "type": "Feature", "properties": { }, "geometry": { "type": "Polygon", "coordinates": [ [ [ -176.475, 0.19 ], [ -176.486, 0.191 ], [ -176.481, 0.201 ], [ -176.471, 0.197 ], [ -176.475, 0.19 ] ] ] } },
{ "type": "Feature", "properties": { }, "geometry": { "type": "Polygon", "coordinates": [ [ [ -71.667, 12.458 ], [ -71.26, 12.327 ], [ -71.122, 12.024 ], [ -71.966, 11.65 ], [ -72.237, 11.152 ], [ -72.486, 11.095 ], [ -72.89, 10.456 ], [ -72.948, 9.84 ], [ -73.374, 9.178 ], [ -73.011, 9.296 ], [ -72.944, 9.095 ], [ -72.769, 9.107 ], [ -72.653, 8.626 ], [ -72.381, 8.322 ], [ -72.481, 7.485 ], [ -72.203, 7.381 ], [ -72.024, 7.014 ], [ -70.089, 7.002 ], [ -69.441, 6.113 ], [ -67.842, 6.302 ], [ -67.476, 6.195 ], [ -67.613, 5.531 ], [ -67.85, 5.291 ], [ -67.878, 4.536 ], [ -67.626, 3.778 ], [ -67.303, 3.398 ], [ -67.854, 2.87 ], [ -67.859, 2.79 ], [ -67.616, 2.812 ], [ -67.195, 2.391 ], [ -66.878, 1.326 ], [ -67.087, 1.167 ], [ -67.111, 1.725 ], [ -67.402, 2.144 ], [ -67.901, 1.751 ], [ -68.198, 2.034 ], [ -68.285, 1.834 ], [ -68.164, 1.729 ], [ -69.845, 1.714 ], [ -69.846, 1.079 ], [ -69.246, 1.057 ], [ -69.116, 0.64 ], [ -69.48, 0.735 ], [ -70.044, 0.563 ], [ -70.054, -0.175 ], [ -69.608, -0.501 ], [ -69.395, -1.123 ], [ -69.953, -4.23 ], [ -70.295, -3.813 ], [ -70.703, -3.795 ], [ -70.034, -2.761 ], [ -70.307, -2.498 ], [ -70.608, -2.481 ], [ -70.968, -2.206 ], [ -71.375, -2.398 ], [ -71.722, -2.128 ], [ -72.126, -2.468 ], [ -72.921, -2.5 ], [ -73.153, -2.276 ], [ -73.143, -1.834 ], [ -73.527, -1.74 ], [ -73.628, -1.279 ], [ -74.273, -1.0 ], [ -74.393, -0.555 ], [ -74.814, -0.151 ], [ -75.578, -0.013 ], [ -76.269, 0.441 ], [ -76.595, 0.233 ], [ -77.403, 0.362 ], [ -77.674, 0.817 ], [ -78.347, 1.045 ], [ -79.008, 1.651 ], [ -78.955, 1.683 ], [ -78.925, 1.74 ], [ -78.871, 1.795 ], [ -78.832, 1.819 ], [ -78.562, 1.752 ], [ -78.711, 2.173 ], [ -78.45, 2.598 ], [ -78.151, 2.683 ], [ -78.05, 2.556 ], [ -77.772, 2.652 ], [ -77.667, 3.046 ], [ -77.045, 3.903 ], [ -77.281, 3.839 ], [ -77.184, 4.053 ], [ -77.359, 3.926 ], [ -77.526, 4.128 ], [ -77.286, 4.74 ], [ -77.389, 5.442 ], [ -77.539, 5.48 ], [ -77.235, 5.763 ], [ -77.483, 6.192 ], [ -77.325, 6.55 ], [ -77.893, 7.222 ], [ -77.741, 7.687 ], [ -77.565, 7.506 ], [ -77.164, 7.968 ], [ -77.409, 8.645 ], [ -76.931, 8.091 ], [ -76.895, 8.133 ], [ -76.833, 8.14 ], [ -76.834, 8.133 ], [ -76.824, 8.138 ], [ -76.808, 8.13 ], [ -76.806, 8.128 ], [ -76.923, 7.918 ], [ -76.753, 7.918 ], [ -76.758, 8.393 ], [ -76.937, 8.554 ], [ -76.332, 8.924 ], [ -75.952, 9.442 ], [ -75.623, 9.444 ], [ -75.579, 9.637 ], [ -75.704, 9.699 ], [ -75.523, 10.237 ], [ -75.669, 10.138 ], [ -75.705, 10.141 ], [ -75.394, 10.683 ], [ -74.855, 11.107 ], [ -74.292, 10.99 ], [ -74.107, 11.348 ], [ -73.276, 11.286 ], [ -72.228, 11.887 ], [ -72.179, 12.217 ], [ -71.929, 12.15 ], [ -71.667, 12.458 ] ] ] } },
{ "type": "Feature", "properties": { }, "geometry": { "type": "Polygon", "coordinates": [ [ [ -59.993, 8.533 ], [ -58.676, 7.599 ], [ -58.176, 6.812 ], [ -58.253, 6.527 ], [ -58.057, 6.814 ], [ -57.534, 6.194 ], [ -57.412, 6.312 ], [ -57.176, 6.108 ], [ -57.141, 5.675 ], [ -57.34, 5.327 ], [ -57.18, 5.161 ], [ -57.919, 4.834 ], [ -57.827, 4.663 ], [ -58.028, 3.984 ], [ -57.648, 3.552 ], [ -57.677, 3.394 ], [ -57.304, 3.39 ], [ -57.202, 2.834 ], [ -56.512, 1.924 ], [ -57.32, 1.986 ], [ -57.545, 1.701 ], [ -58.0, 1.665 ], [ -58.009, 1.501 ], [ -58.325, 1.59 ], [ -58.507, 1.264 ], [ -58.804, 1.175 ], [ -59.748, 1.847 ], [ -59.724, 2.277 ], [ -59.909, 2.384 ], [ -59.992, 2.825 ], [ -59.849, 3.601 ], [ -59.516, 3.94 ], [ -59.726, 4.191 ], [ -59.671, 4.377 ], [ -60.163, 4.521 ], [ -59.969, 5.069 ], [ -60.121, 5.243 ], [ -60.734, 5.198 ], [ -61.396, 5.961 ], [ -61.115, 6.2 ], [ -61.143, 6.718 ], [ -60.707, 6.774 ], [ -60.285, 7.075 ], [ -60.616, 7.207 ], [ -60.712, 7.539 ], [ -60.523, 7.829 ], [ -59.808, 8.273 ], [ -59.993, 8.533 ] ] ] } },
{ "type": "Feature", "properties": { }, "geometry": { "type": "MultiPolygon", "coordinates": [ [ [ [ -80.036, -2.676 ], [ -79.91, -2.776 ], [ -80.261, -3.026 ], [ -80.221, -2.739 ], [ -80.036, -2.676 ] ] ], [ [ [ -90.249, -0.489 ], [ -90.238, -0.744 ], [ -90.535, -0.696 ], [ -90.513, -0.532 ], [ -90.249, -0.489 ] ] ], [ [ [ -91.457, -0.263 ], [ -91.388, -0.456 ], [ -91.609, -0.481 ], [ -91.658, -0.308 ], [ -91.457, -0.263 ] ] ], [ [ [ -91.356, 0.159 ], [ -90.781, -0.758 ], [ -91.169, -1.054 ], [ -91.512, -0.908 ], [ -91.072, -0.616 ], [ -91.419, -0.031 ], [ -91.594, -0.012 ], [ -91.356, 0.159 ] ] ], [ [ [ -78.801, 1.425 ], [ -77.974, 0.818 ], [ -77.674, 0.817 ], [ -77.403, 0.362 ], [ -76.595, 0.233 ], [ -76.269, 0.441 ], [ -75.288, -0.094 ], [ -75.621, -0.107 ], [ -75.626, -0.252 ], [ -75.245, -0.535 ], [ -75.185, -0.971 ], [ -75.359, -0.947 ], [ -75.538, -1.536 ], [ -76.627, -2.591 ], [ -77.824, -2.998 ], [ -78.19, -3.354 ], [ -78.137, -3.522 ], [ -78.319, -3.429 ], [ -78.621, -4.497 ], [ -79.037, -4.999 ], [ -79.26, -4.967 ], [ -79.631, -4.435 ], [ -79.812, -4.486 ], [ -80.136, -4.285 ], [ -80.443, -4.437 ], [ -80.305, -4.201 ], [ -80.475, -4.054 ], [ -80.154, -3.905 ], [ -80.239, -3.465 ], [ -79.978, -3.387 ], [ -79.664, -2.5 ], [ -79.85, -2.346 ], [ -79.855, -2.433 ], [ -79.898, -2.574 ], [ -79.918, -2.586 ], [ -79.866, -2.262 ], [ -79.921, -2.207 ], [ -80.258, -2.743 ], [ -81.011, -2.188 ], [ -80.735, -2.057 ], [ -80.854, -1.601 ], [ -80.739, -1.361 ], [ -80.913, -1.059 ], [ -80.58, -0.923 ], [ -80.452, -0.61 ], [ -80.422, -0.593 ], [ -80.403, -0.649 ], [ -80.293, -0.668 ], [ -80.489, -0.366 ], [ -80.066, 0.053 ], [ -80.04, 0.367 ], [ -80.014, 0.198 ], [ -79.933, 0.222 ], [ -80.092, 0.776 ], [ -79.166, 1.095 ], [ -78.909, 1.375 ], [ -78.892, 1.356 ], [ -78.912, 1.316 ], [ -78.9, 1.326 ], [ -78.913, 1.308 ], [ -78.916, 1.295 ], [ -78.911, 1.289 ], [ -78.779, 1.292 ], [ -78.801, 1.425 ] ] ] ] } },
{ "type": "Feature", "properties": { }, "geometry": { "type": "Polygon", "coordinates": [ [ [ -53.889, 5.751 ], [ -52.894, 5.411 ], [ -51.955, 4.532 ], [ -51.906, 4.675 ], [ -51.807, 4.619 ], [ -51.635, 4.201 ], [ -52.347, 3.134 ], [ -52.555, 2.523 ], [ -52.905, 2.19 ], [ -53.784, 2.364 ], [ -54.111, 2.127 ], [ -54.541, 2.275 ], [ -54.21, 2.776 ], [ -54.215, 3.136 ], [ -53.98, 3.608 ], [ -54.355, 4.045 ], [ -54.479, 4.899 ], [ -53.889, 5.751 ] ] ] } },
{ "type": "Feature", "properties": { }, "geometry": { "type": "Polygon", "coordinates": [ [ [ -58.17, -20.164 ], [ -57.818, -20.976 ], [ -57.989, -22.085 ], [ -56.831, -22.3 ], [ -56.403, -22.078 ], [ -56.208, -22.281 ], [ -55.854, -22.281 ], [ -55.613, -22.659 ], [ -55.413, -23.961 ], [ -54.668, -23.815 ], [ -54.282, -24.075 ], [ -54.701, -26.436 ], [ -55.139, -26.952 ], [ -55.556, -27.105 ], [ -55.736, -27.445 ], [ -56.132, -27.314 ], [ -56.42, -27.588 ], [ -56.602, -27.43 ], [ -58.607, -27.297 ], [ -58.651, -27.129 ], [ -58.192, -26.648 ], [ -58.159, -26.181 ], [ -57.855, -26.009 ], [ -57.828, -25.756 ], [ -57.577, -25.565 ], [ -57.669, -25.28 ], [ -57.861, -25.081 ], [ -59.128, -24.618 ], [ -60.032, -24.003 ], [ -60.335, -24.046 ], [ -60.982, -23.812 ], [ -61.99, -23.024 ], [ -62.241, -22.512 ], [ -62.64, -22.297 ], [ -62.261, -21.056 ], [ -62.266, -20.561 ], [ -61.73, -19.643 ], [ -59.977, -19.292 ], [ -59.067, -19.287 ], [ -58.163, -19.826 ], [ -58.17, -20.164 ] ] ] } },
{ "type": "Feature", "properties": { }, "geometry": { "type": "Polygon", "coordinates": [ [ [ -55.936, 5.805 ], [ -55.955, 5.889 ], [ -55.667, 5.997 ], [ -54.018, 5.827 ], [ -54.013, 5.53 ], [ -54.479, 4.899 ], [ -54.357, 4.051 ], [ -53.98, 3.608 ], [ -54.0, 3.438 ], [ -54.508, 2.337 ], [ -54.858, 2.435 ], [ -54.94, 2.632 ], [ -55.372, 2.408 ], [ -55.948, 2.532 ], [ -56.134, 2.263 ], [ -55.913, 2.041 ], [ -55.94, 1.856 ], [ -56.683, 2.014 ], [ -57.202, 2.834 ], [ -57.304, 3.39 ], [ -57.689, 3.409 ], [ -57.648, 3.552 ], [ -58.028, 3.984 ], [ -57.827, 4.663 ], [ -57.925, 4.815 ], [ -57.672, 5.009 ], [ -57.288, 5.015 ], [ -57.18, 5.195 ], [ -57.34, 5.327 ], [ -56.962, 6.01 ], [ -55.936, 5.805 ] ] ] } },
{ "type": "Feature", "properties": { }, "geometry": { "type": "Polygon", "coordinates": [ [ [ -56.963, -30.098 ], [ -56.177, -30.614 ], [ -56.008, -31.063 ], [ -55.587, -30.851 ], [ -55.245, -31.257 ], [ -54.526, -31.501 ], [ -53.742, -32.082 ], [ -53.595, -32.432 ], [ -53.076, -32.739 ], [ -53.515, -33.163 ], [ -53.524, -33.689 ], [ -53.378, -33.75 ], [ -53.534, -34.044 ], [ -54.152, -34.669 ], [ -54.952, -34.974 ], [ -55.461, -34.735 ], [ -56.312, -34.913 ], [ -57.126, -34.461 ], [ -57.856, -34.485 ], [ -58.407, -33.927 ], [ -58.36, -33.154 ], [ -58.135, -33.098 ], [ -58.035, -32.925 ], [ -58.125, -33.031 ], [ -58.2, -31.872 ], [ -58.045, -31.761 ], [ -58.081, -31.457 ], [ -57.814, -30.928 ], [ -57.894, -30.509 ], [ -57.636, -30.176 ], [ -57.227, -30.286 ], [ -56.963, -30.098 ] ] ] } },
{ "type": "Feature", "properties": { }, "geometry": { "type": "MultiPolygon", "coordinates": [ [ [ [ -63.878, 11.177 ], [ -63.777, 10.998 ], [ -63.892, 10.885 ], [ -64.063, 10.863 ], [ -64.167, 10.976 ], [ -64.04, 10.973 ], [ -64.031, 10.991 ], [ -64.041, 10.985 ], [ -64.06, 10.981 ], [ -64.093, 10.984 ], [ -64.106, 10.987 ], [ -64.124, 10.992 ], [ -64.142, 10.999 ], [ -64.173, 11.017 ], [ -64.204, 11.046 ], [ -64.208, 10.934 ], [ -64.409, 10.972 ], [ -64.212, 11.086 ], [ -64.042, 10.986 ], [ -63.878, 11.177 ] ] ], [ [ [ -70.021, 12.197 ], [ -69.632, 11.474 ], [ -69.265, 11.534 ], [ -68.664, 11.349 ], [ -68.224, 10.886 ], [ -68.243, 10.583 ], [ -67.93, 10.446 ], [ -66.237, 10.649 ], [ -65.821, 10.278 ], [ -65.059, 10.061 ], [ -64.186, 10.479 ], [ -63.82, 10.439 ], [ -63.629, 10.495 ], [ -64.23, 10.505 ], [ -64.262, 10.665 ], [ -61.861, 10.749 ], [ -62.346, 10.533 ], [ -62.91, 10.525 ], [ -63.007, 10.307 ], [ -62.947, 10.4 ], [ -62.731, 10.384 ], [ -62.83, 10.365 ], [ -62.616, 10.117 ], [ -62.772, 10.084 ], [ -62.792, 10.06 ], [ -62.789, 10.031 ], [ -62.613, 10.1 ], [ -62.617, 10.232 ], [ -62.541, 10.212 ], [ -62.332, 9.805 ], [ -62.024, 9.858 ], [ -62.242, 9.972 ], [ -62.189, 10.008 ], [ -61.822, 9.756 ], [ -61.597, 9.79 ], [ -61.666, 9.883 ], [ -61.638, 9.899 ], [ -60.878, 9.47 ], [ -60.785, 9.317 ], [ -61.001, 9.181 ], [ -60.75, 9.217 ], [ -60.869, 8.831 ], [ -60.693, 8.803 ], [ -60.813, 8.659 ], [ -60.968, 8.624 ], [ -61.001, 8.56 ], [ -60.188, 8.63 ], [ -59.806, 8.304 ], [ -60.712, 7.539 ], [ -60.586, 7.176 ], [ -60.276, 7.117 ], [ -60.371, 6.951 ], [ -60.908, 6.829 ], [ -61.214, 6.588 ], [ -61.115, 6.2 ], [ -61.394, 5.952 ], [ -60.582, 4.957 ], [ -60.997, 4.516 ], [ -61.305, 4.54 ], [ -61.557, 4.253 ], [ -62.141, 4.082 ], [ -62.466, 4.173 ], [ -62.764, 4.009 ], [ -62.742, 3.675 ], [ -62.959, 3.611 ], [ -63.359, 3.966 ], [ -64.012, 3.885 ], [ -64.13, 4.113 ], [ -64.588, 4.123 ], [ -64.795, 4.281 ], [ -64.187, 3.585 ], [ -64.04, 2.474 ], [ -63.371, 2.423 ], [ -63.358, 2.264 ], [ -64.018, 1.967 ], [ -64.093, 1.614 ], [ -64.346, 1.364 ], [ -64.389, 1.514 ], [ -65.122, 1.137 ], [ -65.501, 0.659 ], [ -65.61, 1.01 ], [ -66.303, 0.743 ], [ -66.87, 1.226 ], [ -67.19, 2.383 ], [ -67.616, 2.812 ], [ -67.859, 2.79 ], [ -67.303, 3.398 ], [ -67.626, 3.778 ], [ -67.878, 4.536 ], [ -67.85, 5.291 ], [ -67.613, 5.531 ], [ -67.476, 6.195 ], [ -67.842, 6.302 ], [ -69.441, 6.113 ], [ -70.089, 7.002 ], [ -72.024, 7.014 ], [ -72.203, 7.381 ], [ -72.481, 7.485 ], [ -72.381, 8.322 ], [ -72.653, 8.626 ], [ -72.769, 9.107 ], [ -72.944, 9.095 ], [ -73.011, 9.296 ], [ -73.374, 9.178 ], [ -72.948, 9.84 ], [ -72.89, 10.456 ], [ -72.486, 11.095 ], [ -72.237, 11.152 ], [ -71.966, 11.65 ], [ -71.333, 11.842 ], [ -71.96, 11.578 ], [ -71.875, 11.217 ], [ -71.603, 11.004 ], [ -71.641, 10.974 ], [ -71.74, 11.019 ], [ -71.772, 11.002 ], [ -71.802, 11.009 ], [ -71.823, 10.995 ], [ -71.583, 10.7 ], [ -72.128, 9.833 ], [ -72.005, 9.459 ], [ -71.705, 9.353 ], [ -71.769, 9.106 ], [ -71.237, 9.148 ], [ -71.056, 9.323 ], [ -71.026, 9.713 ], [ -71.591, 10.792 ], [ -71.432, 10.796 ], [ -71.452, 10.966 ], [ -70.048, 11.436 ], [ -70.138, 11.563 ], [ -69.754, 11.458 ], [ -69.805, 11.692 ], [ -70.238, 11.627 ], [ -70.289, 11.908 ], [ -70.021, 12.197 ] ] ] ] } },
{ "type": "Feature", "properties": { }, "geometry": { "type": "MultiPolygon", "coordinates": [ [ [ [ -59.387, -51.338 ], [ -59.2, -51.439 ], [ -59.481, -51.52 ], [ -59.338, -51.528 ], [ -59.859, -51.964 ], [ -60.504, -52.112 ], [ -60.403, -52.125 ], [ -60.369, -52.176 ], [ -60.544, -52.112 ], [ -60.65, -52.259 ], [ -60.715, -52.102 ], [ -60.8, -52.189 ], [ -61.078, -52.016 ], [ -60.507, -52.024 ], [ -60.397, -51.925 ], [ -60.542, -51.954 ], [ -60.647, -51.925 ], [ -60.182, -51.744 ], [ -60.54, -51.807 ], [ -60.652, -51.668 ], [ -60.23, -51.656 ], [ -60.087, -51.722 ], [ -60.081, -51.717 ], [ -60.062, -51.728 ], [ -60.025, -51.736 ], [ -59.991, -51.734 ], [ -59.978, -51.743 ], [ -59.969, -51.741 ], [ -60.664, -51.34 ], [ -60.131, -51.507 ], [ -60.007, -51.38 ], [ -59.52, -51.48 ], [ -59.387, -51.338 ] ] ], [ [ [ -58.967, -51.235 ], [ -58.341, -51.354 ], [ -58.349, -51.462 ], [ -58.504, -51.381 ], [ -58.626, -51.468 ], [ -58.277, -51.656 ], [ -58.146, -51.612 ], [ -58.377, -51.513 ], [ -58.284, -51.392 ], [ -57.944, -51.362 ], [ -57.739, -51.513 ], [ -58.164, -51.548 ], [ -57.714, -51.682 ], [ -58.298, -51.747 ], [ -58.109, -51.789 ], [ -58.4, -51.923 ], [ -58.465, -51.923 ], [ -58.4, -51.901 ], [ -58.504, -51.895 ], [ -58.506, -51.886 ], [ -58.557, -51.857 ], [ -58.547, -51.855 ], [ -58.548, -51.848 ], [ -58.563, -51.83 ], [ -58.598, -51.826 ], [ -58.562, -51.84 ], [ -58.56, -51.865 ], [ -58.511, -51.892 ], [ -59.119, -51.836 ], [ -58.586, -52.016 ], [ -58.658, -52.142 ], [ -58.79, -52.027 ], [ -58.926, -52.118 ], [ -59.135, -51.982 ], [ -59.319, -52.013 ], [ -59.011, -52.256 ], [ -59.409, -52.115 ], [ -59.297, -52.333 ], [ -59.496, -52.312 ], [ -59.732, -52.097 ], [ -59.232, -51.721 ], [ -59.054, -51.691 ], [ -59.071, -51.786 ], [ -59.028, -51.831 ], [ -58.949, -51.774 ], [ -59.178, -51.584 ], [ -59.128, -51.496 ], [ -59.042, -51.603 ], [ -58.834, -51.521 ], [ -59.144, -51.461 ], [ -58.866, -51.372 ], [ -58.967, -51.235 ] ] ] ] } },
{ "type": "Feature", "properties": { }, "geometry": { "type": "Polygon", "coordinates": [ [ [ -75.153, -0.036 ], [ -74.425, -0.511 ], [ -74.266, -1.007 ], [ -73.624, -1.283 ], [ -73.532, -1.733 ], [ -73.143, -1.834 ], [ -73.153, -2.276 ], [ -72.921, -2.5 ], [ -72.126, -2.468 ], [ -71.722, -2.128 ], [ -71.375, -2.398 ], [ -70.849, -2.22 ], [ -70.034, -2.742 ], [ -70.703, -3.795 ], [ -70.189, -3.889 ], [ -69.989, -4.351 ], [ -70.19, -4.357 ], [ -70.317, -4.136 ], [ -70.757, -4.152 ], [ -70.935, -4.381 ], [ -71.897, -4.512 ], [ -72.896, -5.136 ], [ -72.951, -5.643 ], [ -73.185, -6.04 ], [ -73.133, -6.421 ], [ -73.743, -6.897 ], [ -73.691, -7.313 ], [ -73.954, -7.348 ], [ -73.986, -7.537 ], [ -73.69, -7.79 ], [ -73.765, -7.94 ], [ -73.526, -8.369 ], [ -72.946, -8.99 ], [ -73.196, -9.418 ], [ -72.364, -9.491 ], [ -72.165, -10.002 ], [ -71.288, -9.996 ], [ -70.497, -9.433 ], [ -70.618, -11.007 ], [ -69.568, -10.954 ], [ -68.679, -12.497 ], [ -68.961, -12.852 ], [ -68.942, -13.486 ], [ -69.076, -13.654 ], [ -68.841, -14.21 ], [ -69.363, -14.804 ], [ -69.126, -15.256 ], [ -69.414, -15.621 ], [ -69.236, -16.143 ], [ -68.814, -16.338 ], [ -69.641, -17.282 ], [ -69.473, -17.499 ], [ -69.799, -17.65 ], [ -69.819, -18.119 ], [ -70.159, -18.316 ], [ -70.376, -18.354 ], [ -71.381, -17.707 ], [ -71.474, -17.295 ], [ -72.448, -16.702 ], [ -73.701, -16.241 ], [ -75.14, -15.407 ], [ -75.51, -14.911 ], [ -75.917, -14.659 ], [ -76.396, -13.909 ], [ -76.251, -13.854 ], [ -76.208, -13.381 ], [ -76.799, -12.362 ], [ -77.171, -12.073 ], [ -77.208, -11.648 ], [ -77.648, -11.303 ], [ -77.658, -10.947 ], [ -78.185, -10.109 ], [ -78.984, -8.213 ], [ -79.465, -7.717 ], [ -79.981, -6.752 ], [ -81.149, -5.983 ], [ -80.851, -5.646 ], [ -81.193, -5.217 ], [ -81.061, -5.031 ], [ -81.328, -4.683 ], [ -81.305, -4.48 ], [ -80.788, -3.749 ], [ -80.223, -3.436 ], [ -80.155, -3.91 ], [ -80.475, -4.054 ], [ -80.305, -4.201 ], [ -80.443, -4.437 ], [ -80.136, -4.285 ], [ -79.812, -4.486 ], [ -79.631, -4.435 ], [ -79.26, -4.967 ], [ -79.0, -4.979 ], [ -78.621, -4.497 ], [ -78.319, -3.429 ], [ -78.137, -3.522 ], [ -78.19, -3.354 ], [ -77.824, -2.998 ], [ -76.627, -2.591 ], [ -75.538, -1.536 ], [ -75.364, -0.956 ], [ -75.185, -0.971 ], [ -75.245, -0.535 ], [ -75.622, -0.263 ], [ -75.622, -0.109 ], [ -75.153, -0.036 ] ] ] } },
{ "type": "Feature", "properties": { }, "geometry": { "type": "Polygon", "coordinates": [ [ [ -37.719, -53.977 ], [ -36.494, -54.181 ], [ -36.678, -54.289 ], [ -36.247, -54.288 ], [ -35.792, -54.767 ], [ -36.116, -54.885 ], [ -36.459, -54.525 ], [ -37.421, -54.271 ], [ -37.244, -54.147 ], [ -38.021, -54.062 ], [ -37.719, -53.977 ] ] ] } },
{ "type": "Feature", "properties": { }, "geometry": { "type": "MultiPolygon", "coordinates": [ [ [ [ -68.514, -54.926 ], [ -68.325, -55.077 ], [ -68.621, -55.165 ], [ -69.011, -55.027 ], [ -69.069, -55.08 ], [ -68.736, -55.187 ], [ -68.245, -55.226 ], [ -68.173, -55.293 ], [ -68.534, -55.322 ], [ -68.645, -55.255 ], [ -68.669, -55.255 ], [ -68.724, -55.282 ], [ -68.574, -55.375 ], [ -68.134, -55.39 ], [ -67.983, -55.676 ], [ -68.532, -55.407 ], [ -68.914, -55.464 ], [ -68.687, -55.388 ], [ -68.934, -55.405 ], [ -68.772, -55.187 ], [ -69.485, -55.266 ], [ -69.073, -55.476 ], [ -69.331, -55.422 ], [ -69.36, -55.554 ], [ -69.484, -55.441 ], [ -69.352, -55.4 ], [ -69.788, -55.346 ], [ -69.472, -55.199 ], [ -69.852, -55.305 ], [ -69.971, -55.203 ], [ -69.889, -55.218 ], [ -69.834, -55.202 ], [ -69.844, -55.186 ], [ -70.037, -55.175 ], [ -68.514, -54.926 ] ] ], [ [ [ -67.977, -54.893 ], [ -67.283, -54.928 ], [ -67.048, -55.163 ], [ -67.26, -55.331 ], [ -67.506, -55.176 ], [ -67.835, -55.28 ], [ -67.732, -55.238 ], [ -68.116, -55.223 ], [ -68.173, -54.992 ], [ -68.378, -54.946 ], [ -67.977, -54.893 ] ] ], [ [ [ -69.673, -54.879 ], [ -69.531, -54.969 ], [ -69.13, -54.969 ], [ -69.93, -55.069 ], [ -69.806, -54.968 ], [ -69.937, -54.918 ], [ -69.673, -54.879 ] ] ], [ [ [ -71.318, -54.813 ], [ -70.985, -54.861 ], [ -70.866, -54.98 ], [ -70.319, -54.907 ], [ -70.699, -55.017 ], [ -70.266, -55.122 ], [ -71.471, -54.909 ], [ -71.318, -54.813 ] ] ], [ [ [ -71.589, -53.936 ], [ -71.407, -54.091 ], [ -71.274, -54.0 ], [ -71.208, -54.186 ], [ -71.002, -54.091 ], [ -70.97, -54.278 ], [ -71.153, -54.401 ], [ -71.367, -54.3 ], [ -71.223, -54.285 ], [ -71.211, -54.21 ], [ -71.457, -54.217 ], [ -71.393, -54.115 ], [ -71.67, -54.227 ], [ -71.704, -54.151 ], [ -71.602, -54.098 ], [ -71.589, -53.936 ] ] ], [ [ [ -71.916, -53.847 ], [ -71.851, -53.981 ], [ -71.65, -53.926 ], [ -71.747, -54.171 ], [ -71.95, -54.043 ], [ -71.732, -54.234 ], [ -71.897, -54.291 ], [ -71.798, -54.343 ], [ -71.971, -54.334 ], [ -71.876, -54.238 ], [ -72.118, -54.038 ], [ -72.123, -54.063 ], [ -72.199, -54.111 ], [ -72.256, -54.075 ], [ -72.281, -53.916 ], [ -72.055, -53.991 ], [ -71.916, -53.847 ] ] ], [ [ [ -70.481, -53.565 ], [ -70.332, -54.019 ], [ -70.431, -54.062 ], [ -70.672, -53.917 ], [ -70.675, -53.931 ], [ -70.565, -54.033 ], [ -70.588, -54.114 ], [ -70.517, -54.138 ], [ -70.53, -54.202 ], [ -70.488, -54.241 ], [ -70.457, -54.253 ], [ -70.459, -54.256 ], [ -70.84, -54.123 ], [ -70.908, -53.886 ], [ -70.613, -53.87 ], [ -70.716, -53.698 ], [ -70.481, -53.565 ] ] ], [ [ [ -73.032, -53.378 ], [ -72.859, -53.664 ], [ -72.863, -53.45 ], [ -72.677, -53.65 ], [ -72.661, -53.524 ], [ -72.384, -53.64 ], [ -72.628, -53.674 ], [ -72.62, -53.723 ], [ -72.149, -53.794 ], [ -72.474, -53.828 ], [ -72.364, -54.057 ], [ -72.486, -53.963 ], [ -72.541, -54.107 ], [ -73.06, -54.1 ], [ -72.782, -54.1 ], [ -72.98, -54.028 ], [ -72.745, -54.067 ], [ -72.876, -53.973 ], [ -72.652, -53.874 ], [ -72.909, -53.961 ], [ -72.729, -53.762 ], [ -72.834, -53.763 ], [ -72.909, -53.899 ], [ -73.042, -53.91 ], [ -72.813, -53.704 ], [ -73.17, -53.683 ], [ -72.952, -53.671 ], [ -72.929, -53.624 ], [ -73.237, -53.639 ], [ -73.433, -53.466 ], [ -73.036, -53.536 ], [ -73.202, -53.424 ], [ -73.032, -53.378 ] ] ], [ [ [ -74.685, -52.716 ], [ -74.325, -52.981 ], [ -74.115, -52.942 ], [ -73.626, -53.183 ], [ -73.652, -53.087 ], [ -73.6, -53.081 ], [ -73.531, -53.282 ], [ -73.429, -53.25 ], [ -73.503, -53.223 ], [ -73.515, -53.157 ], [ -73.475, -53.143 ], [ -73.095, -53.374 ], [ -73.61, -53.337 ], [ -73.464, -53.314 ], [ -73.602, -53.284 ], [ -73.892, -53.071 ], [ -74.318, -53.128 ], [ -74.685, -52.716 ] ] ], [ [ [ -71.991, -52.652 ], [ -71.476, -52.646 ], [ -71.389, -52.797 ], [ -72.035, -53.137 ], [ -72.317, -53.041 ], [ -72.358, -53.038 ], [ -72.245, -53.086 ], [ -72.234, -53.126 ], [ -72.394, -53.05 ], [ -72.606, -53.075 ], [ -72.204, -53.194 ], [ -72.617, -53.195 ], [ -72.421, -53.26 ], [ -72.676, -53.346 ], [ -72.616, -53.439 ], [ -72.39, -53.535 ], [ -73.314, -53.165 ], [ -72.719, -53.302 ], [ -72.854, -53.189 ], [ -72.66, -53.156 ], [ -72.974, -53.109 ], [ -72.847, -53.038 ], [ -72.92, -53.053 ], [ -72.902, -52.921 ], [ -73.012, -52.856 ], [ -72.801, -52.825 ], [ -72.682, -52.723 ], [ -72.719, -52.905 ], [ -72.44, -52.886 ], [ -71.991, -52.652 ] ] ], [ [ [ -69.402, -52.457 ], [ -69.176, -52.692 ], [ -68.77, -52.543 ], [ -68.609, -52.65 ], [ -68.607, -54.893 ], [ -69.082, -54.963 ], [ -69.651, -54.846 ], [ -69.587, -54.771 ], [ -69.707, -54.703 ], [ -69.688, -54.835 ], [ -69.766, -54.834 ], [ -69.755, -54.779 ], [ -69.737, -54.78 ], [ -69.729, -54.775 ], [ -69.728, -54.765 ], [ -69.731, -54.751 ], [ -69.785, -54.727 ], [ -69.769, -54.834 ], [ -69.921, -54.846 ], [ -69.935, -54.682 ], [ -69.967, -54.854 ], [ -70.313, -54.86 ], [ -70.174, -54.698 ], [ -70.23, -54.687 ], [ -70.351, -54.852 ], [ -70.758, -54.856 ], [ -70.435, -54.641 ], [ -71.027, -54.78 ], [ -71.005, -54.642 ], [ -71.267, -54.68 ], [ -71.137, -54.624 ], [ -71.343, -54.509 ], [ -71.488, -54.689 ], [ -71.493, -54.584 ], [ -71.965, -54.616 ], [ -71.956, -54.443 ], [ -71.514, -54.547 ], [ -71.869, -54.438 ], [ -71.795, -54.4 ], [ -71.003, -54.456 ], [ -70.824, -54.328 ], [ -70.576, -54.357 ], [ -70.707, -54.444 ], [ -70.768, -54.627 ], [ -70.557, -54.402 ], [ -70.232, -54.588 ], [ -70.302, -54.502 ], [ -70.139, -54.561 ], [ -70.104, -54.559 ], [ -70.526, -54.302 ], [ -70.873, -54.256 ], [ -70.932, -54.118 ], [ -70.124, -54.438 ], [ -70.038, -54.382 ], [ -70.198, -54.315 ], [ -69.987, -54.269 ], [ -69.766, -54.603 ], [ -69.846, -54.288 ], [ -69.606, -54.488 ], [ -69.455, -54.346 ], [ -69.199, -54.452 ], [ -69.514, -54.674 ], [ -69.346, -54.723 ], [ -69.132, -54.452 ], [ -68.967, -54.474 ], [ -69.924, -54.162 ], [ -70.164, -53.875 ], [ -70.135, -53.745 ], [ -69.352, -53.522 ], [ -69.352, -53.371 ], [ -70.227, -53.477 ], [ -70.458, -53.374 ], [ -70.42, -53.015 ], [ -70.09, -52.929 ], [ -70.436, -52.778 ], [ -69.907, -52.841 ], [ -69.402, -52.457 ] ] ], [ [ [ -74.279, -52.093 ], [ -74.056, -52.214 ], [ -73.906, -52.365 ], [ -74.178, -52.412 ], [ -74.224, -52.201 ], [ -74.07, -52.229 ], [ -74.192, -52.183 ], [ -74.308, -52.225 ], [ -74.47, -52.203 ], [ -74.279, -52.093 ] ] ], [ [ [ -74.252, -52.072 ], [ -73.752, -52.274 ], [ -73.649, -52.492 ], [ -73.804, -52.546 ], [ -73.77, -52.705 ], [ -73.945, -52.732 ], [ -73.842, -52.572 ], [ -74.073, -52.642 ], [ -73.765, -52.355 ], [ -74.252, -52.072 ] ] ], [ [ [ -74.506, -51.707 ], [ -73.86, -51.991 ], [ -73.642, -52.225 ], [ -74.368, -51.891 ], [ -74.506, -51.707 ] ] ], [ [ [ -74.856, -51.627 ], [ -74.751, -51.829 ], [ -74.906, -52.137 ], [ -75.002, -52.131 ], [ -74.944, -51.808 ], [ -74.934, -51.928 ], [ -74.796, -51.862 ], [ -74.856, -51.627 ] ] ], [ [ [ -74.055, -51.528 ], [ -73.908, -51.766 ], [ -73.956, -51.804 ], [ -73.904, -51.784 ], [ -73.817, -51.842 ], [ -73.711, -52.003 ], [ -74.248, -51.721 ], [ -74.055, -51.528 ] ] ], [ [ [ -74.616, -51.187 ], [ -74.544, -51.387 ], [ -74.728, -51.293 ], [ -74.752, -51.423 ], [ -75.033, -51.479 ], [ -74.616, -51.187 ] ] ], [ [ [ -74.636, -50.709 ], [ -74.396, -50.814 ], [ -74.374, -51.087 ], [ -74.952, -50.992 ], [ -74.932, -50.879 ], [ -74.531, -50.919 ], [ -74.636, -50.709 ] ] ], [ [ [ -75.399, -50.463 ], [ -75.06, -50.505 ], [ -75.32, -50.562 ], [ -75.273, -50.799 ], [ -75.515, -50.666 ], [ -75.341, -50.63 ], [ -75.399, -50.463 ] ] ], [ [ [ -74.538, -50.414 ], [ -74.358, -50.459 ], [ -74.148, -50.847 ], [ -74.633, -50.668 ], [ -74.349, -50.535 ], [ -74.692, -50.49 ], [ -74.538, -50.414 ] ] ], [ [ [ -75.325, -49.992 ], [ -74.956, -50.067 ], [ -75.001, -50.161 ], [ -74.874, -50.099 ], [ -74.771, -50.17 ], [ -74.959, -50.206 ], [ -74.935, -50.255 ], [ -75.103, -50.313 ], [ -75.204, -50.446 ], [ -75.155, -50.392 ], [ -75.055, -50.401 ], [ -75.141, -50.387 ], [ -74.917, -50.272 ], [ -75.072, -50.361 ], [ -74.933, -50.384 ], [ -74.985, -50.448 ], [ -75.027, -50.4 ], [ -75.15, -50.476 ], [ -75.34, -50.442 ], [ -75.189, -50.338 ], [ -75.191, -50.295 ], [ -75.456, -50.379 ], [ -75.42, -50.167 ], [ -75.206, -50.27 ], [ -75.134, -50.257 ], [ -75.096, -50.131 ], [ -75.344, -50.125 ], [ -75.325, -49.992 ] ] ], [ [ [ -75.444, -49.57 ], [ -75.326, -49.592 ], [ -75.15, -49.892 ], [ -75.375, -49.831 ], [ -75.32, -49.761 ], [ -75.355, -49.689 ], [ -75.619, -49.853 ], [ -75.479, -49.7 ], [ -75.58, -49.698 ], [ -75.601, -49.624 ], [ -75.444, -49.57 ] ] ], [ [ [ -75.071, -48.983 ], [ -74.826, -49.074 ], [ -74.869, -49.286 ], [ -75.041, -49.139 ], [ -75.179, -49.141 ], [ -75.093, -49.085 ], [ -75.204, -49.132 ], [ -75.071, -48.983 ] ] ], [ [ [ -75.495, -48.782 ], [ -75.39, -48.803 ], [ -75.51, -48.883 ], [ -75.34, -48.795 ], [ -75.144, -49.003 ], [ -75.63, -48.934 ], [ -75.495, -48.782 ] ] ], [ [ [ -74.681, -48.656 ], [ -74.64, -48.865 ], [ -74.461, -48.705 ], [ -74.575, -48.953 ], [ -74.397, -48.938 ], [ -74.517, -49.014 ], [ -74.399, -49.116 ], [ -74.551, -49.51 ], [ -74.445, -49.609 ], [ -74.506, -49.603 ], [ -74.578, -49.676 ], [ -74.381, -49.745 ], [ -74.491, -49.74 ], [ -74.478, -49.97 ], [ -74.617, -49.871 ], [ -74.512, -49.987 ], [ -74.798, -50.056 ], [ -74.887, -49.994 ], [ -74.615, -49.947 ], [ -74.881, -49.977 ], [ -74.886, -49.819 ], [ -74.795, -49.877 ], [ -74.64, -49.817 ], [ -74.614, -49.794 ], [ -74.815, -49.849 ], [ -74.711, -49.72 ], [ -74.881, -49.787 ], [ -74.876, -49.597 ], [ -74.759, -49.634 ], [ -74.675, -49.632 ], [ -74.881, -49.553 ], [ -74.604, -49.429 ], [ -74.707, -49.415 ], [ -74.579, -49.319 ], [ -74.583, -49.307 ], [ -74.994, -49.47 ], [ -74.975, -49.598 ], [ -75.047, -49.551 ], [ -75.089, -49.534 ], [ -75.012, -49.699 ], [ -74.967, -49.613 ], [ -74.924, -49.625 ], [ -75.06, -49.905 ], [ -75.253, -49.655 ], [ -75.139, -49.574 ], [ -75.298, -49.605 ], [ -75.17, -49.551 ], [ -75.143, -49.503 ], [ -75.39, -49.484 ], [ -75.307, -49.378 ], [ -75.359, -49.426 ], [ -75.402, -49.443 ], [ -75.457, -49.276 ], [ -75.324, -49.253 ], [ -75.415, -49.326 ], [ -75.345, -49.308 ], [ -75.339, -49.294 ], [ -75.324, -49.278 ], [ -75.319, -49.277 ], [ -75.224, -49.433 ], [ -75.202, -49.421 ], [ -75.148, -49.466 ], [ -75.1, -49.478 ], [ -75.197, -49.414 ], [ -75.081, -49.418 ], [ -74.951, -49.396 ], [ -75.206, -49.409 ], [ -75.305, -49.247 ], [ -75.213, -49.231 ], [ -75.109, -49.362 ], [ -75.023, -49.347 ], [ -75.17, -49.263 ], [ -74.966, -49.293 ], [ -75.064, -49.17 ], [ -74.857, -49.372 ], [ -74.744, -49.19 ], [ -74.761, -49.087 ], [ -74.905, -48.989 ], [ -74.703, -49.025 ], [ -74.979, -48.889 ], [ -74.796, -48.832 ], [ -74.793, -48.799 ], [ -74.886, -48.843 ], [ -74.976, -48.868 ], [ -75.015, -48.821 ], [ -74.681, -48.656 ] ] ], [ [ [ -75.292, -48.406 ], [ -75.307, -48.471 ], [ -75.342, -48.475 ], [ -75.296, -48.497 ], [ -75.254, -48.421 ], [ -75.274, -48.477 ], [ -75.257, -48.5 ], [ -75.295, -48.501 ], [ -75.292, -48.506 ], [ -75.303, -48.515 ], [ -75.315, -48.519 ], [ -75.319, -48.522 ], [ -75.319, -48.523 ], [ -75.248, -48.516 ], [ -75.232, -48.589 ], [ -75.463, -48.682 ], [ -75.562, -48.644 ], [ -75.322, -48.524 ], [ -75.583, -48.595 ], [ -75.598, -48.45 ], [ -75.292, -48.406 ] ] ], [ [ [ -74.684, -48.115 ], [ -74.536, -48.381 ], [ -74.549, -48.408 ], [ -74.582, -48.391 ], [ -74.645, -48.415 ], [ -74.457, -48.675 ], [ -74.96, -48.568 ], [ -74.842, -48.391 ], [ -74.71, -48.546 ], [ -74.658, -48.464 ], [ -74.684, -48.115 ] ] ], [ [ [ -75.177, -48.065 ], [ -74.837, -48.162 ], [ -74.903, -48.259 ], [ -74.738, -48.171 ], [ -74.778, -48.367 ], [ -74.822, -48.344 ], [ -74.976, -48.448 ], [ -75.177, -48.065 ] ] ], [ [ [ -75.315, -47.996 ], [ -75.264, -48.055 ], [ -75.335, -48.068 ], [ -75.322, -48.131 ], [ -75.281, -48.07 ], [ -75.237, -48.092 ], [ -75.274, -48.108 ], [ -75.306, -48.167 ], [ -75.09, -48.374 ], [ -75.138, -48.392 ], [ -75.155, -48.433 ], [ -75.007, -48.53 ], [ -75.171, -48.688 ], [ -75.212, -48.311 ], [ -75.421, -48.415 ], [ -75.498, -48.375 ], [ -75.316, -48.327 ], [ -75.298, -48.26 ], [ -75.317, -48.211 ], [ -75.376, -48.325 ], [ -75.436, -48.326 ], [ -75.34, -48.181 ], [ -75.453, -48.242 ], [ -75.528, -48.085 ], [ -75.315, -47.996 ] ] ], [ [ [ -74.096, -47.776 ], [ -73.855, -47.87 ], [ -73.747, -47.86 ], [ -74.255, -47.964 ], [ -74.469, -47.889 ], [ -73.995, -47.833 ], [ -74.096, -47.776 ] ] ], [ [ [ -74.39, -45.445 ], [ -74.177, -45.622 ], [ -74.448, -45.784 ], [ -74.485, -45.611 ], [ -74.39, -45.445 ] ] ], [ [ [ -73.671, -45.429 ], [ -73.542, -45.488 ], [ -73.624, -45.769 ], [ -73.793, -45.666 ], [ -73.671, -45.429 ] ] ], [ [ [ -73.809, -44.983 ], [ -73.688, -45.287 ], [ -73.981, -45.253 ], [ -73.843, -45.207 ], [ -74.152, -45.051 ], [ -74.154, -45.173 ], [ -74.217, -45.166 ], [ -74.177, -45.032 ], [ -73.809, -44.983 ] ] ], [ [ [ -74.114, -44.591 ], [ -73.84, -44.701 ], [ -74.243, -44.808 ], [ -74.367, -44.721 ], [ -74.147, -44.743 ], [ -74.109, -44.729 ], [ -74.411, -44.658 ], [ -74.114, -44.591 ] ] ], [ [ [ -72.973, -44.364 ], [ -72.898, -44.447 ], [ -72.962, -44.516 ], [ -72.957, -44.527 ], [ -72.972, -44.545 ], [ -72.982, -44.566 ], [ -72.984, -44.573 ], [ -72.982, -44.576 ], [ -72.868, -44.427 ], [ -72.69, -44.543 ], [ -72.967, -44.583 ], [ -72.82, -44.734 ], [ -73.29, -44.919 ], [ -73.391, -44.816 ], [ -73.275, -44.791 ], [ -73.249, -44.811 ], [ -73.197, -44.815 ], [ -73.18, -44.806 ], [ -73.451, -44.638 ], [ -73.21, -44.635 ], [ -73.278, -44.542 ], [ -73.115, -44.557 ], [ -73.247, -44.436 ], [ -73.003, -44.497 ], [ -73.097, -44.392 ], [ -72.973, -44.364 ] ] ], [ [ [ -73.901, -41.77 ], [ -73.854, -41.83 ], [ -73.986, -41.817 ], [ -73.986, -41.872 ], [ -73.477, -41.832 ], [ -73.566, -41.946 ], [ -73.337, -42.266 ], [ -73.668, -42.388 ], [ -73.576, -42.534 ], [ -73.783, -42.534 ], [ -73.733, -42.494 ], [ -73.725, -42.429 ], [ -73.741, -42.426 ], [ -73.803, -42.532 ], [ -73.462, -42.884 ], [ -73.751, -42.848 ], [ -73.479, -43.145 ], [ -73.731, -43.094 ], [ -73.661, -43.318 ], [ -73.877, -43.284 ], [ -73.847, -43.429 ], [ -74.103, -43.393 ], [ -74.405, -43.261 ], [ -74.153, -42.86 ], [ -74.171, -42.268 ], [ -73.965, -42.054 ], [ -74.052, -41.803 ], [ -73.901, -41.77 ] ] ], [ [ [ -69.417, -17.653 ], [ -69.069, -18.067 ], [ -68.953, -18.947 ], [ -68.407, -19.408 ], [ -68.691, -19.739 ], [ -68.524, -19.927 ], [ -68.78, -20.082 ], [ -68.756, -20.392 ], [ -68.439, -20.632 ], [ -68.547, -20.88 ], [ -68.172, -21.297 ], [ -67.875, -22.826 ], [ -67.177, -22.805 ], [ -66.988, -22.992 ], [ -67.338, -24.034 ], [ -68.391, -24.474 ], [ -68.567, -24.748 ], [ -68.351, -25.107 ], [ -68.587, -25.204 ], [ -68.39, -26.19 ], [ -68.588, -26.509 ], [ -68.272, -26.917 ], [ -68.544, -27.188 ], [ -68.684, -27.083 ], [ -68.854, -27.182 ], [ -69.112, -27.892 ], [ -69.641, -28.379 ], [ -69.768, -29.126 ], [ -70.007, -29.356 ], [ -69.94, -30.09 ], [ -69.807, -30.187 ], [ -70.157, -30.482 ], [ -70.27, -31.028 ], [ -70.511, -31.163 ], [ -70.553, -31.56 ], [ -70.44, -31.848 ], [ -70.202, -31.97 ], [ -70.386, -32.051 ], [ -69.997, -32.902 ], [ -70.025, -33.314 ], [ -69.888, -33.222 ], [ -69.747, -33.408 ], [ -69.885, -33.68 ], [ -69.815, -34.224 ], [ -70.042, -34.287 ], [ -70.363, -35.142 ], [ -70.578, -35.258 ], [ -70.424, -35.343 ], [ -70.326, -35.811 ], [ -70.419, -36.145 ], [ -70.577, -36.13 ], [ -70.694, -36.407 ], [ -71.034, -36.465 ], [ -71.17, -36.839 ], [ -71.203, -37.68 ], [ -70.832, -38.567 ], [ -71.428, -38.93 ], [ -71.481, -39.59 ], [ -71.716, -39.63 ], [ -71.59, -39.903 ], [ -71.831, -40.222 ], [ -71.654, -40.369 ], [ -71.947, -40.74 ], [ -71.728, -42.115 ], [ -72.028, -42.141 ], [ -72.125, -42.307 ], [ -72.11, -42.915 ], [ -71.729, -43.211 ], [ -71.933, -43.457 ], [ -71.583, -43.66 ], [ -71.75, -43.799 ], [ -71.655, -43.946 ], [ -71.852, -44.115 ], [ -71.837, -44.376 ], [ -71.11, -44.523 ], [ -71.303, -44.808 ], [ -72.07, -44.768 ], [ -72.047, -44.901 ], [ -71.56, -44.98 ], [ -71.297, -45.293 ], [ -71.758, -45.562 ], [ -71.598, -45.975 ], [ -71.892, -46.148 ], [ -71.646, -46.683 ], [ -71.931, -46.811 ], [ -71.858, -47.23 ], [ -72.338, -47.461 ], [ -72.523, -47.913 ], [ -72.293, -48.351 ], [ -72.598, -48.477 ], [ -72.55, -48.791 ], [ -73.093, -49.134 ], [ -73.493, -49.18 ], [ -73.583, -49.524 ], [ -73.434, -49.81 ], [ -73.576, -50.261 ], [ -73.133, -50.775 ], [ -72.738, -50.616 ], [ -72.278, -50.655 ], [ -72.25, -51.025 ], [ -72.402, -51.119 ], [ -72.26, -51.254 ], [ -72.438, -51.569 ], [ -72.014, -51.819 ], [ -72.0, -51.984 ], [ -70.013, -52.009 ], [ -68.418, -52.333 ], [ -68.418, -52.387 ], [ -69.224, -52.198 ], [ -69.67, -52.538 ], [ -69.855, -52.488 ], [ -71.001, -52.75 ], [ -70.735, -52.783 ], [ -70.988, -53.389 ], [ -70.912, -53.633 ], [ -71.303, -53.897 ], [ -72.113, -53.683 ], [ -72.477, -53.401 ], [ -72.119, -53.253 ], [ -72.285, -53.431 ], [ -72.18, -53.44 ], [ -71.869, -53.226 ], [ -71.765, -53.437 ], [ -72.055, -53.541 ], [ -71.872, -53.542 ], [ -71.752, -53.455 ], [ -71.742, -53.211 ], [ -71.117, -52.911 ], [ -71.559, -52.563 ], [ -72.327, -52.533 ], [ -72.43, -52.675 ], [ -72.563, -52.606 ], [ -72.381, -52.557 ], [ -72.403, -52.508 ], [ -72.865, -52.542 ], [ -72.905, -52.668 ], [ -72.673, -52.682 ], [ -73.041, -52.853 ], [ -72.95, -53.034 ], [ -73.132, -53.121 ], [ -73.449, -53.021 ], [ -73.155, -52.91 ], [ -73.266, -52.94 ], [ -73.573, -52.815 ], [ -73.215, -52.811 ], [ -73.3, -52.785 ], [ -73.291, -52.726 ], [ -73.268, -52.763 ], [ -73.062, -52.588 ], [ -73.164, -52.455 ], [ -73.244, -52.699 ], [ -73.392, -52.559 ], [ -73.357, -52.658 ], [ -73.724, -52.756 ], [ -73.453, -52.516 ], [ -73.642, -52.446 ], [ -73.551, -52.212 ], [ -73.732, -52.043 ], [ -73.361, -52.221 ], [ -73.003, -52.06 ], [ -73.134, -52.232 ], [ -72.901, -52.297 ], [ -72.739, -52.082 ], [ -72.838, -52.086 ], [ -72.875, -52.189 ], [ -72.894, -52.213 ], [ -72.914, -52.221 ], [ -72.958, -52.047 ], [ -72.767, -51.95 ], [ -72.526, -52.221 ], [ -72.991, -52.493 ], [ -72.557, -52.487 ], [ -72.676, -52.414 ], [ -72.474, -52.215 ], [ -72.662, -51.954 ], [ -72.464, -51.923 ], [ -72.453, -51.776 ], [ -72.707, -51.569 ], [ -73.078, -51.414 ], [ -73.341, -51.439 ], [ -72.526, -51.739 ], [ -72.726, -51.835 ], [ -73.294, -51.571 ], [ -73.001, -51.782 ], [ -73.21, -51.893 ], [ -72.981, -51.799 ], [ -72.916, -51.841 ], [ -72.912, -51.853 ], [ -73.23, -52.101 ], [ -73.26, -51.883 ], [ -73.335, -51.696 ], [ -73.391, -51.638 ], [ -73.4, -51.638 ], [ -73.297, -52.161 ], [ -73.641, -51.864 ], [ -73.596, -51.8 ], [ -73.528, -51.942 ], [ -73.399, -52.048 ], [ -73.37, -52.043 ], [ -73.594, -51.752 ], [ -73.506, -51.723 ], [ -73.458, -51.679 ], [ -73.622, -51.643 ], [ -73.707, -51.794 ], [ -73.921, -51.625 ], [ -73.782, -51.548 ], [ -73.973, -51.505 ], [ -73.896, -51.369 ], [ -73.738, -51.442 ], [ -73.654, -51.605 ], [ -73.584, -51.616 ], [ -73.787, -51.221 ], [ -73.664, -51.281 ], [ -73.674, -51.141 ], [ -73.828, -51.063 ], [ -73.765, -51.187 ], [ -74.075, -51.208 ], [ -74.046, -50.95 ], [ -74.193, -51.058 ], [ -74.244, -50.946 ], [ -73.908, -50.869 ], [ -73.872, -50.939 ], [ -73.699, -50.958 ], [ -73.877, -50.836 ], [ -73.718, -50.827 ], [ -73.762, -50.656 ], [ -73.531, -50.664 ], [ -73.747, -50.542 ], [ -73.574, -50.472 ], [ -73.547, -50.379 ], [ -73.767, -50.521 ], [ -73.823, -50.775 ], [ -74.03, -50.851 ], [ -74.228, -50.587 ], [ -74.088, -50.579 ], [ -74.298, -50.468 ], [ -73.861, -50.557 ], [ -74.159, -50.433 ], [ -74.088, -50.418 ], [ -74.051, -50.378 ], [ -73.981, -50.383 ], [ -73.966, -50.365 ], [ -74.059, -50.363 ], [ -74.246, -50.447 ], [ -74.289, -50.241 ], [ -74.353, -50.405 ], [ -74.706, -50.202 ], [ -74.432, -50.016 ], [ -74.166, -50.283 ], [ -73.85, -50.289 ], [ -74.359, -49.988 ], [ -74.03, -50.059 ], [ -73.805, -49.917 ], [ -74.048, -49.98 ], [ -74.334, -49.806 ], [ -74.024, -49.775 ], [ -74.302, -49.749 ], [ -74.078, -49.54 ], [ -73.771, -49.707 ], [ -74.075, -49.484 ], [ -74.03, -49.266 ], [ -73.78, -49.402 ], [ -73.778, -49.355 ], [ -74.126, -49.185 ], [ -74.216, -49.535 ], [ -74.39, -49.39 ], [ -74.305, -49.184 ], [ -74.424, -49.02 ], [ -74.295, -48.932 ], [ -74.339, -48.711 ], [ -74.264, -48.742 ], [ -73.967, -48.717 ], [ -74.359, -48.587 ], [ -74.145, -48.466 ], [ -73.9, -48.612 ], [ -73.981, -48.429 ], [ -73.837, -48.408 ], [ -74.228, -48.333 ], [ -74.47, -48.086 ], [ -74.377, -48.053 ], [ -74.356, -48.002 ], [ -74.606, -47.995 ], [ -74.29, -47.998 ], [ -74.216, -48.254 ], [ -74.194, -48.179 ], [ -74.137, -48.234 ], [ -74.056, -48.194 ], [ -74.26, -48.001 ], [ -73.712, -48.024 ], [ -73.707, -48.068 ], [ -73.752, -48.1 ], [ -73.748, -48.134 ], [ -73.467, -48.254 ], [ -73.228, -48.148 ], [ -73.224, -48.014 ], [ -73.322, -48.175 ], [ -73.608, -47.866 ], [ -73.395, -47.969 ], [ -73.208, -47.957 ], [ -73.676, -47.764 ], [ -73.623, -47.603 ], [ -73.878, -47.83 ], [ -74.004, -47.75 ], [ -74.475, -47.778 ], [ -74.405, -47.697 ], [ -74.677, -47.721 ], [ -74.621, -47.617 ], [ -74.526, -47.627 ], [ -74.604, -47.586 ], [ -74.5, -47.514 ], [ -74.279, -47.609 ], [ -74.567, -47.636 ], [ -74.543, -47.678 ], [ -74.285, -47.633 ], [ -74.265, -47.708 ], [ -74.157, -47.753 ], [ -74.252, -47.64 ], [ -74.096, -47.657 ], [ -74.056, -47.651 ], [ -74.031, -47.628 ], [ -74.239, -47.608 ], [ -74.021, -47.61 ], [ -73.939, -47.587 ], [ -74.098, -47.588 ], [ -74.005, -47.516 ], [ -73.9, -47.5 ], [ -73.898, -47.492 ], [ -73.906, -47.486 ], [ -74.288, -47.581 ], [ -74.28, -47.513 ], [ -74.128, -47.493 ], [ -74.066, -47.449 ], [ -74.06, -47.427 ], [ -74.425, -47.477 ], [ -74.288, -47.445 ], [ -74.226, -47.379 ], [ -74.304, -47.442 ], [ -74.419, -47.391 ], [ -74.446, -47.46 ], [ -74.482, -47.438 ], [ -74.241, -47.187 ], [ -74.033, -47.381 ], [ -73.969, -47.092 ], [ -74.09, -47.169 ], [ -74.196, -47.098 ], [ -73.956, -46.962 ], [ -74.365, -46.778 ], [ -74.22, -46.796 ], [ -74.233, -46.75 ], [ -74.567, -46.719 ], [ -74.424, -46.766 ], [ -74.606, -46.834 ], [ -74.68, -46.807 ], [ -74.693, -46.817 ], [ -74.618, -46.845 ], [ -74.383, -46.849 ], [ -74.402, -46.9 ], [ -74.639, -46.872 ], [ -74.776, -46.781 ], [ -74.755, -46.78 ], [ -74.724, -46.746 ], [ -74.967, -46.744 ], [ -75.046, -46.625 ], [ -74.894, -46.435 ], [ -75.536, -46.713 ], [ -75.575, -46.81 ], [ -75.48, -46.715 ], [ -75.321, -46.726 ], [ -75.418, -46.803 ], [ -75.314, -46.934 ], [ -75.492, -46.956 ], [ -75.649, -46.719 ], [ -75.175, -46.305 ], [ -75.015, -46.374 ], [ -74.872, -46.373 ], [ -75.105, -46.292 ], [ -74.855, -46.301 ], [ -74.902, -46.182 ], [ -74.726, -46.224 ], [ -74.75, -46.054 ], [ -74.631, -46.038 ], [ -74.591, -46.056 ], [ -74.561, -46.048 ], [ -74.575, -46.027 ], [ -74.706, -46.033 ], [ -74.673, -45.905 ], [ -74.87, -46.113 ], [ -75.015, -46.113 ], [ -75.056, -46.041 ], [ -74.857, -46.026 ], [ -74.832, -46.016 ], [ -74.808, -45.997 ], [ -75.084, -45.887 ], [ -74.522, -45.84 ], [ -74.426, -46.047 ], [ -74.34, -45.795 ], [ -74.005, -45.937 ], [ -74.302, -46.011 ], [ -74.058, -46.107 ], [ -74.32, -46.14 ], [ -74.051, -46.123 ], [ -74.015, -45.987 ], [ -73.939, -46.08 ], [ -74.153, -46.223 ], [ -74.432, -46.153 ], [ -74.443, -46.2 ], [ -74.294, -46.261 ], [ -73.999, -46.183 ], [ -74.042, -46.235 ], [ -73.827, -46.349 ], [ -73.951, -46.144 ], [ -73.726, -46.232 ], [ -74.017, -46.667 ], [ -73.85, -46.694 ], [ -73.959, -46.609 ], [ -73.923, -46.55 ], [ -73.454, -46.294 ], [ -73.557, -46.273 ], [ -73.333, -46.027 ], [ -73.675, -46.329 ], [ -73.633, -45.97 ], [ -73.137, -45.657 ], [ -73.278, -45.593 ], [ -73.469, -45.744 ], [ -73.545, -45.782 ], [ -73.564, -45.78 ], [ -73.486, -45.458 ], [ -73.197, -45.292 ], [ -73.008, -45.446 ], [ -72.792, -45.452 ], [ -72.802, -45.378 ], [ -72.915, -45.425 ], [ -73.208, -45.239 ], [ -73.327, -45.293 ], [ -73.424, -45.275 ], [ -73.425, -45.261 ], [ -73.449, -45.263 ], [ -73.466, -45.242 ], [ -73.498, -45.245 ], [ -73.51, -45.198 ], [ -73.303, -45.199 ], [ -73.357, -44.956 ], [ -72.88, -44.843 ], [ -72.536, -44.529 ], [ -72.557, -44.326 ], [ -72.645, -44.414 ], [ -72.638, -44.448 ], [ -72.664, -44.503 ], [ -72.675, -44.512 ], [ -72.912, -44.372 ], [ -72.891, -44.307 ], [ -72.847, -44.304 ], [ -72.844, -44.295 ], [ -73.183, -44.249 ], [ -73.099, -44.233 ], [ -73.118, -44.171 ], [ -73.099, -44.148 ], [ -73.11, -44.14 ], [ -73.091, -44.126 ], [ -73.091, -44.124 ], [ -73.095, -44.12 ], [ -73.17, -44.201 ], [ -73.283, -44.163 ], [ -73.08, -44.095 ], [ -72.966, -43.758 ], [ -72.938, -43.811 ], [ -72.858, -43.788 ], [ -72.829, -43.823 ], [ -72.757, -43.843 ], [ -72.722, -43.838 ], [ -72.816, -43.654 ], [ -72.837, -43.77 ], [ -73.048, -43.739 ], [ -72.875, -43.609 ], [ -73.09, -43.463 ], [ -72.858, -43.029 ], [ -72.723, -43.083 ], [ -72.809, -42.506 ], [ -72.49, -42.578 ], [ -72.625, -42.519 ], [ -72.838, -42.296 ], [ -72.581, -42.189 ], [ -72.444, -42.5 ], [ -72.348, -42.171 ], [ -72.429, -41.974 ], [ -72.877, -41.914 ], [ -72.319, -41.647 ], [ -72.277, -41.391 ], [ -72.544, -41.71 ], [ -72.939, -41.473 ], [ -73.16, -41.791 ], [ -73.76, -41.746 ], [ -73.653, -41.586 ], [ -73.792, -41.583 ], [ -73.937, -41.061 ], [ -73.717, -40.557 ], [ -73.707, -40.006 ], [ -73.395, -39.863 ], [ -73.204, -39.366 ], [ -73.488, -38.657 ], [ -73.456, -38.073 ], [ -73.684, -37.335 ], [ -73.588, -37.147 ], [ -73.355, -37.243 ], [ -73.154, -37.118 ], [ -73.217, -36.774 ], [ -73.12, -36.615 ], [ -72.978, -36.71 ], [ -72.785, -35.976 ], [ -72.566, -35.795 ], [ -72.619, -35.561 ], [ -72.196, -35.095 ], [ -72.009, -34.133 ], [ -71.613, -33.586 ], [ -71.742, -33.098 ], [ -71.552, -33.006 ], [ -71.407, -32.401 ], [ -71.717, -30.602 ], [ -71.653, -30.273 ], [ -71.391, -30.179 ], [ -71.274, -29.89 ], [ -71.521, -28.917 ], [ -71.161, -28.359 ], [ -71.039, -27.664 ], [ -70.899, -27.622 ], [ -70.974, -27.169 ], [ -70.808, -27.056 ], [ -70.629, -26.349 ], [ -70.738, -25.817 ], [ -70.446, -25.364 ], [ -70.58, -24.552 ], [ -70.392, -23.613 ], [ -70.475, -23.469 ], [ -70.628, -23.518 ], [ -70.604, -23.251 ], [ -70.289, -22.914 ], [ -70.056, -21.438 ], [ -70.376, -18.354 ], [ -69.844, -18.15 ], [ -69.799, -17.65 ], [ -69.473, -17.499 ], [ -69.417, -17.653 ] ] ] ] } },
{ "type": "Feature", "properties": { }, "geometry": { "type": "MultiPolygon", "coordinates": [ [ [ [ -44.041, -2.406 ], [ -44.137, -2.682 ], [ -44.367, -2.755 ], [ -44.379, -2.552 ], [ -44.041, -2.406 ] ] ], [ [ [ -49.584, 0.088 ], [ -49.358, -0.024 ], [ -49.828, -0.102 ], [ -49.796, -0.037 ], [ -49.584, 0.088 ] ] ], [ [ [ -49.595, 0.379 ], [ -50.003, -0.054 ], [ -50.392, 0.132 ], [ -50.393, 0.213 ], [ -49.595, 0.379 ] ] ], [ [ [ -50.354, 0.62 ], [ -50.318, 0.568 ], [ -50.3, 0.297 ], [ -50.429, 0.222 ], [ -50.425, 0.213 ], [ -50.428, 0.16 ], [ -50.549, 0.263 ], [ -50.354, 0.62 ] ] ], [ [ [ -60.169, 5.226 ], [ -59.969, 5.073 ], [ -60.163, 4.521 ], [ -59.674, 4.382 ], [ -59.726, 4.191 ], [ -59.516, 3.94 ], [ -59.849, 3.601 ], [ -59.982, 2.929 ], [ -59.91, 2.388 ], [ -59.724, 2.277 ], [ -59.754, 1.861 ], [ -58.804, 1.175 ], [ -58.507, 1.264 ], [ -58.325, 1.59 ], [ -58.009, 1.501 ], [ -58.0, 1.665 ], [ -57.545, 1.701 ], [ -57.302, 1.99 ], [ -55.957, 1.844 ], [ -55.913, 2.041 ], [ -56.134, 2.263 ], [ -55.948, 2.532 ], [ -55.372, 2.408 ], [ -54.94, 2.632 ], [ -54.858, 2.435 ], [ -54.314, 2.158 ], [ -54.111, 2.127 ], [ -53.784, 2.364 ], [ -52.905, 2.19 ], [ -52.555, 2.523 ], [ -52.347, 3.134 ], [ -51.534, 4.188 ], [ -51.504, 4.437 ], [ -51.192, 4.117 ], [ -51.167, 3.821 ], [ -51.063, 3.877 ], [ -51.036, 3.124 ], [ -50.708, 2.14 ], [ -50.527, 1.847 ], [ -49.931, 1.703 ], [ -49.871, 1.403 ], [ -50.161, 1.212 ], [ -49.871, 1.197 ], [ -50.772, 0.214 ], [ -50.622, -0.089 ], [ -50.949, -0.35 ], [ -50.708, -0.433 ], [ -50.339, -0.092 ], [ -48.403, -0.252 ], [ -48.489, -0.738 ], [ -48.581, -0.646 ], [ -48.602, -0.657 ], [ -48.507, -0.881 ], [ -48.826, -1.449 ], [ -49.129, -1.57 ], [ -49.039, -1.707 ], [ -48.647, -1.383 ], [ -48.45, -1.618 ], [ -48.49, -1.295 ], [ -48.348, -1.318 ], [ -48.312, -0.962 ], [ -48.056, -0.662 ], [ -48.031, -0.819 ], [ -47.93, -0.891 ], [ -47.954, -0.752 ], [ -47.674, -0.579 ], [ -47.633, -0.701 ], [ -47.735, -0.733 ], [ -47.728, -0.816 ], [ -47.569, -0.635 ], [ -47.425, -0.767 ], [ -47.444, -0.585 ], [ -47.42, -0.688 ], [ -47.418, -0.646 ], [ -47.373, -0.676 ], [ -47.378, -0.682 ], [ -47.371, -0.696 ], [ -47.369, -0.698 ], [ -47.361, -0.696 ], [ -47.364, -0.701 ], [ -47.347, -0.725 ], [ -47.335, -0.73 ], [ -47.319, -0.591 ], [ -47.176, -0.836 ], [ -47.077, -0.764 ], [ -47.112, -0.831 ], [ -47.076, -0.863 ], [ -47.09, -0.906 ], [ -47.082, -0.909 ], [ -47.087, -0.912 ], [ -47.091, -0.917 ], [ -47.095, -0.918 ], [ -47.101, -0.928 ], [ -47.105, -0.93 ], [ -47.106, -0.932 ], [ -47.107, -0.933 ], [ -47.106, -0.934 ], [ -47.069, -0.907 ], [ -47.074, -0.863 ], [ -47.048, -0.869 ], [ -47.056, -0.805 ], [ -46.968, -0.755 ], [ -46.935, -0.853 ], [ -46.976, -0.871 ], [ -46.985, -0.9 ], [ -47.003, -0.897 ], [ -47.007, -0.902 ], [ -47.013, -0.922 ], [ -47.002, -0.925 ], [ -47.003, -0.933 ], [ -47.002, -0.939 ], [ -47.001, -0.943 ], [ -46.993, -0.95 ], [ -46.997, -0.948 ], [ -47.006, -0.958 ], [ -47.011, -0.955 ], [ -47.006, -0.959 ], [ -47.007, -0.972 ], [ -47.003, -0.975 ], [ -46.843, -0.746 ], [ -46.821, -0.934 ], [ -46.654, -0.818 ], [ -46.711, -0.97 ], [ -46.391, -0.993 ], [ -46.393, -1.077 ], [ -46.35, -1.09 ], [ -46.344, -1.103 ], [ -46.348, -1.108 ], [ -46.354, -1.13 ], [ -46.354, -1.132 ], [ -46.352, -1.134 ], [ -46.202, -0.888 ], [ -46.261, -1.144 ], [ -46.081, -1.019 ], [ -46.118, -1.095 ], [ -46.064, -1.219 ], [ -45.874, -1.15 ], [ -45.854, -1.229 ], [ -45.897, -1.268 ], [ -45.884, -1.281 ], [ -45.91, -1.292 ], [ -45.914, -1.299 ], [ -45.916, -1.311 ], [ -45.831, -1.254 ], [ -45.803, -1.162 ], [ -45.804, -1.226 ], [ -45.848, -1.284 ], [ -45.78, -1.286 ], [ -45.793, -1.247 ], [ -45.718, -1.108 ], [ -45.769, -1.38 ], [ -45.517, -1.301 ], [ -45.552, -1.531 ], [ -45.352, -1.473 ], [ -45.417, -1.725 ], [ -45.219, -1.867 ], [ -45.153, -1.471 ], [ -44.963, -1.536 ], [ -45.013, -1.667 ], [ -44.798, -1.599 ], [ -44.879, -1.77 ], [ -44.6, -1.741 ], [ -44.484, -2.043 ], [ -44.672, -2.253 ], [ -44.454, -2.146 ], [ -44.357, -2.339 ], [ -44.727, -2.699 ], [ -44.61, -3.041 ], [ -44.799, -3.205 ], [ -44.769, -3.327 ], [ -44.387, -2.765 ], [ -44.216, -2.887 ], [ -43.919, -2.556 ], [ -43.53, -2.42 ], [ -43.469, -2.527 ], [ -43.428, -2.338 ], [ -42.193, -2.821 ], [ -42.015, -2.713 ], [ -41.338, -2.928 ], [ -39.986, -2.842 ], [ -38.635, -3.739 ], [ -38.465, -3.707 ], [ -37.155, -4.947 ], [ -36.549, -5.144 ], [ -35.979, -5.041 ], [ -35.484, -5.162 ], [ -35.248, -5.516 ], [ -34.793, -7.155 ], [ -34.824, -7.946 ], [ -35.307, -9.193 ], [ -36.391, -10.507 ], [ -36.966, -10.868 ], [ -38.315, -12.927 ], [ -38.533, -13.011 ], [ -38.427, -12.766 ], [ -38.701, -12.575 ], [ -38.815, -12.843 ], [ -38.839, -12.66 ], [ -38.896, -12.666 ], [ -38.937, -12.846 ], [ -38.927, -12.862 ], [ -38.883, -12.777 ], [ -38.853, -12.876 ], [ -38.793, -12.84 ], [ -38.776, -12.886 ], [ -38.754, -12.866 ], [ -38.739, -12.893 ], [ -39.075, -13.393 ], [ -38.978, -13.83 ], [ -39.056, -13.685 ], [ -39.067, -13.753 ], [ -39.125, -13.698 ], [ -39.153, -13.754 ], [ -38.984, -14.058 ], [ -39.08, -14.069 ], [ -39.086, -14.17 ], [ -38.964, -14.078 ], [ -38.929, -13.907 ], [ -39.077, -14.803 ], [ -38.857, -15.857 ], [ -39.213, -17.165 ], [ -39.136, -17.69 ], [ -39.496, -18.004 ], [ -39.733, -18.511 ], [ -39.812, -19.654 ], [ -40.153, -19.95 ], [ -40.168, -19.954 ], [ -40.175, -19.929 ], [ -40.18, -19.924 ], [ -40.273, -19.877 ], [ -40.176, -19.945 ], [ -40.253, -19.925 ], [ -40.285, -19.93 ], [ -40.279, -19.947 ], [ -40.132, -19.966 ], [ -40.231, -20.291 ], [ -40.303, -20.233 ], [ -40.392, -20.278 ], [ -40.267, -20.325 ], [ -40.423, -20.636 ], [ -40.755, -20.859 ], [ -41.068, -21.496 ], [ -40.986, -22.005 ], [ -41.963, -22.535 ], [ -41.864, -22.755 ], [ -42.013, -22.997 ], [ -43.052, -22.982 ], [ -43.135, -22.938 ], [ -43.023, -22.726 ], [ -43.087, -22.676 ], [ -43.279, -22.78 ], [ -43.184, -22.986 ], [ -43.553, -23.076 ], [ -43.734, -22.896 ], [ -44.195, -23.054 ], [ -44.414, -22.94 ], [ -44.717, -23.183 ], [ -44.655, -23.296 ], [ -44.561, -23.226 ], [ -44.584, -23.268 ], [ -44.538, -23.267 ], [ -44.503, -23.292 ], [ -44.506, -23.3 ], [ -45.06, -23.419 ], [ -45.416, -23.631 ], [ -45.412, -23.825 ], [ -45.973, -23.78 ], [ -46.931, -24.273 ], [ -48.034, -25.031 ], [ -48.22, -25.468 ], [ -48.332, -25.215 ], [ -48.522, -25.325 ], [ -48.464, -25.477 ], [ -48.505, -25.434 ], [ -48.718, -25.416 ], [ -48.498, -25.5 ], [ -48.513, -25.628 ], [ -48.347, -25.571 ], [ -48.583, -26.173 ], [ -48.802, -26.303 ], [ -48.594, -26.453 ], [ -48.613, -27.103 ], [ -48.465, -27.144 ], [ -48.617, -27.246 ], [ -48.573, -27.886 ], [ -48.761, -28.538 ], [ -49.679, -29.277 ], [ -50.79, -31.136 ], [ -52.075, -32.188 ], [ -52.004, -31.947 ], [ -52.097, -31.835 ], [ -51.846, -31.864 ], [ -51.242, -31.462 ], [ -51.17, -31.065 ], [ -50.735, -30.802 ], [ -50.729, -30.367 ], [ -50.58, -30.487 ], [ -50.524, -30.217 ], [ -50.915, -30.325 ], [ -50.903, -30.441 ], [ -51.23, -30.424 ], [ -51.282, -30.813 ], [ -51.374, -30.638 ], [ -51.367, -30.873 ], [ -51.497, -30.916 ], [ -51.441, -31.087 ], [ -51.927, -31.317 ], [ -52.03, -31.692 ], [ -52.038, -31.56 ], [ -52.11, -31.555 ], [ -52.226, -31.752 ], [ -52.111, -31.95 ], [ -52.218, -31.96 ], [ -52.252, -32.053 ], [ -52.079, -32.029 ], [ -52.08, -32.189 ], [ -52.307, -32.361 ], [ -52.62, -33.102 ], [ -53.378, -33.75 ], [ -53.524, -33.689 ], [ -53.515, -33.163 ], [ -53.074, -32.746 ], [ -53.595, -32.432 ], [ -53.714, -32.104 ], [ -54.526, -31.501 ], [ -55.245, -31.257 ], [ -55.594, -30.848 ], [ -56.008, -31.063 ], [ -56.021, -30.784 ], [ -56.804, -30.107 ], [ -57.068, -30.088 ], [ -57.396, -30.303 ], [ -57.619, -30.176 ], [ -56.42, -29.076 ], [ -55.877, -28.36 ], [ -55.696, -28.424 ], [ -55.778, -28.246 ], [ -55.033, -27.856 ], [ -54.814, -27.532 ], [ -54.284, -27.448 ], [ -54.176, -27.255 ], [ -53.799, -27.146 ], [ -53.596, -26.264 ], [ -53.892, -25.622 ], [ -54.099, -25.619 ], [ -54.106, -25.494 ], [ -54.436, -25.699 ], [ -54.594, -25.592 ], [ -54.282, -24.075 ], [ -54.668, -23.815 ], [ -55.413, -23.961 ], [ -55.613, -22.659 ], [ -55.854, -22.281 ], [ -56.208, -22.281 ], [ -56.403, -22.078 ], [ -56.831, -22.3 ], [ -57.989, -22.085 ], [ -57.818, -20.976 ], [ -58.163, -20.162 ], [ -57.849, -19.977 ], [ -58.123, -19.734 ], [ -57.458, -18.228 ], [ -57.773, -17.553 ], [ -58.395, -17.197 ], [ -58.468, -16.702 ], [ -58.309, -16.27 ], [ -60.173, -16.265 ], [ -60.236, -15.476 ], [ -60.565, -15.105 ], [ -60.256, -15.1 ], [ -60.468, -13.801 ], [ -61.069, -13.463 ], [ -61.824, -13.539 ], [ -62.109, -13.149 ], [ -62.764, -13.023 ], [ -63.082, -12.653 ], [ -63.327, -12.705 ], [ -63.712, -12.458 ], [ -64.278, -12.511 ], [ -64.486, -12.23 ], [ -64.993, -11.999 ], [ -65.385, -11.269 ], [ -65.377, -9.698 ], [ -65.563, -9.834 ], [ -65.777, -9.727 ], [ -66.616, -9.893 ], [ -67.715, -10.707 ], [ -68.021, -10.661 ], [ -68.587, -11.11 ], [ -69.393, -10.929 ], [ -70.618, -11.007 ], [ -70.497, -9.433 ], [ -71.288, -9.996 ], [ -72.165, -10.002 ], [ -72.364, -9.491 ], [ -73.196, -9.418 ], [ -72.946, -8.99 ], [ -73.526, -8.369 ], [ -73.765, -7.94 ], [ -73.69, -7.79 ], [ -73.985, -7.543 ], [ -73.954, -7.348 ], [ -73.691, -7.313 ], [ -73.743, -6.897 ], [ -73.133, -6.421 ], [ -73.185, -6.04 ], [ -72.951, -5.643 ], [ -72.896, -5.136 ], [ -71.897, -4.512 ], [ -70.935, -4.381 ], [ -70.757, -4.152 ], [ -70.317, -4.136 ], [ -70.19, -4.357 ], [ -69.989, -4.351 ], [ -69.395, -1.123 ], [ -69.608, -0.501 ], [ -70.054, -0.175 ], [ -70.044, 0.563 ], [ -69.48, 0.735 ], [ -69.116, 0.64 ], [ -69.246, 1.057 ], [ -69.846, 1.079 ], [ -69.845, 1.714 ], [ -68.164, 1.729 ], [ -68.285, 1.834 ], [ -68.198, 2.034 ], [ -67.901, 1.751 ], [ -67.402, 2.144 ], [ -67.111, 1.725 ], [ -67.087, 1.167 ], [ -66.848, 1.224 ], [ -66.303, 0.743 ], [ -65.61, 1.01 ], [ -65.501, 0.659 ], [ -65.122, 1.137 ], [ -64.389, 1.514 ], [ -64.346, 1.364 ], [ -64.093, 1.614 ], [ -64.018, 1.967 ], [ -63.358, 2.264 ], [ -63.371, 2.423 ], [ -64.04, 2.474 ], [ -64.187, 3.585 ], [ -64.795, 4.281 ], [ -64.588, 4.123 ], [ -64.13, 4.113 ], [ -64.012, 3.885 ], [ -63.359, 3.966 ], [ -62.951, 3.612 ], [ -62.727, 3.704 ], [ -62.75, 4.03 ], [ -61.557, 4.253 ], [ -61.319, 4.533 ], [ -60.997, 4.516 ], [ -60.657, 4.847 ], [ -60.708, 5.214 ], [ -60.169, 5.226 ] ] ] ] } },
{ "type": "Feature", "properties": { }, "geometry": { "type": "Polygon", "coordinates": [ [ [ -65.297, -9.834 ], [ -65.385, -11.269 ], [ -64.993, -11.999 ], [ -64.486, -12.23 ], [ -64.278, -12.511 ], [ -63.712, -12.458 ], [ -63.327, -12.705 ], [ -63.082, -12.653 ], [ -62.764, -13.023 ], [ -62.109, -13.149 ], [ -61.824, -13.539 ], [ -61.069, -13.463 ], [ -60.468, -13.801 ], [ -60.256, -15.1 ], [ -60.565, -15.105 ], [ -60.236, -15.476 ], [ -60.173, -16.265 ], [ -58.309, -16.27 ], [ -58.468, -16.702 ], [ -58.395, -17.197 ], [ -57.773, -17.553 ], [ -57.458, -18.228 ], [ -58.123, -19.734 ], [ -57.849, -19.977 ], [ -58.168, -20.165 ], [ -58.163, -19.826 ], [ -59.067, -19.287 ], [ -59.977, -19.292 ], [ -61.73, -19.643 ], [ -62.266, -20.561 ], [ -62.261, -21.056 ], [ -62.654, -22.255 ], [ -62.808, -21.999 ], [ -63.931, -21.999 ], [ -64.333, -22.916 ], [ -64.616, -22.204 ], [ -65.747, -22.108 ], [ -66.222, -21.781 ], [ -66.287, -22.085 ], [ -66.74, -22.236 ], [ -67.178, -22.806 ], [ -67.794, -22.874 ], [ -68.172, -21.297 ], [ -68.547, -20.88 ], [ -68.439, -20.632 ], [ -68.756, -20.392 ], [ -68.78, -20.082 ], [ -68.524, -19.927 ], [ -68.691, -19.739 ], [ -68.41, -19.398 ], [ -68.953, -18.947 ], [ -69.069, -18.067 ], [ -69.296, -17.95 ], [ -69.463, -17.376 ], [ -69.641, -17.282 ], [ -68.814, -16.338 ], [ -69.236, -16.143 ], [ -69.414, -15.621 ], [ -69.126, -15.256 ], [ -69.363, -14.804 ], [ -68.841, -14.21 ], [ -69.076, -13.654 ], [ -68.942, -13.486 ], [ -68.961, -12.852 ], [ -68.678, -12.521 ], [ -69.566, -10.957 ], [ -68.587, -11.11 ], [ -68.021, -10.661 ], [ -67.715, -10.707 ], [ -66.616, -9.893 ], [ -65.777, -9.727 ], [ -65.563, -9.834 ], [ -65.434, -9.681 ], [ -65.297, -9.834 ] ] ] } },
{ "type": "Feature", "properties": { }, "geometry": { "type": "MultiPolygon", "coordinates": [ [ [ [ -64.323, -54.736 ], [ -64.045, -54.778 ], [ -63.796, -54.726 ], [ -64.607, -54.91 ], [ -64.757, -54.838 ], [ -64.323, -54.736 ] ] ], [ [ [ -68.592, -52.674 ], [ -68.293, -52.946 ], [ -68.201, -53.142 ], [ -68.335, -53.009 ], [ -68.558, -53.25 ], [ -68.136, -53.331 ], [ -67.441, -53.982 ], [ -66.465, -54.479 ], [ -65.117, -54.658 ], [ -65.383, -54.941 ], [ -65.982, -54.903 ], [ -66.446, -55.057 ], [ -67.279, -54.867 ], [ -68.607, -54.893 ], [ -68.592, -52.674 ] ] ], [ [ [ -66.218, -21.783 ], [ -65.747, -22.108 ], [ -64.616, -22.204 ], [ -64.333, -22.916 ], [ -63.931, -21.999 ], [ -62.808, -21.999 ], [ -62.784, -22.173 ], [ -62.241, -22.512 ], [ -61.99, -23.024 ], [ -60.982, -23.812 ], [ -60.335, -24.046 ], [ -60.032, -24.003 ], [ -59.128, -24.618 ], [ -57.861, -25.081 ], [ -57.57, -25.547 ], [ -57.828, -25.756 ], [ -57.855, -26.009 ], [ -58.159, -26.181 ], [ -58.192, -26.648 ], [ -58.651, -27.129 ], [ -58.607, -27.297 ], [ -56.602, -27.43 ], [ -56.42, -27.588 ], [ -56.132, -27.314 ], [ -55.736, -27.445 ], [ -55.556, -27.105 ], [ -54.789, -26.634 ], [ -54.594, -25.592 ], [ -54.436, -25.699 ], [ -54.106, -25.494 ], [ -53.843, -25.687 ], [ -53.837, -25.969 ], [ -53.596, -26.264 ], [ -53.76, -26.641 ], [ -53.672, -26.942 ], [ -54.275, -27.443 ], [ -54.81, -27.53 ], [ -55.033, -27.856 ], [ -55.778, -28.246 ], [ -55.696, -28.424 ], [ -55.877, -28.36 ], [ -57.894, -30.509 ], [ -57.814, -30.928 ], [ -58.081, -31.457 ], [ -58.045, -31.761 ], [ -58.2, -31.872 ], [ -58.118, -32.99 ], [ -58.432, -33.093 ], [ -58.556, -33.722 ], [ -58.37, -34.112 ], [ -58.551, -34.431 ], [ -57.192, -35.311 ], [ -57.12, -35.453 ], [ -57.391, -35.743 ], [ -57.376, -35.972 ], [ -56.937, -36.383 ], [ -56.741, -36.314 ], [ -56.665, -36.874 ], [ -57.491, -37.827 ], [ -57.543, -38.099 ], [ -59.012, -38.679 ], [ -60.854, -38.981 ], [ -61.81, -38.992 ], [ -62.511, -38.714 ], [ -62.334, -38.85 ], [ -62.321, -39.267 ], [ -62.115, -39.297 ], [ -62.006, -39.365 ], [ -62.291, -39.294 ], [ -62.05, -39.447 ], [ -62.125, -39.868 ], [ -62.316, -39.871 ], [ -62.485, -40.303 ], [ -62.173, -40.584 ], [ -62.312, -40.871 ], [ -63.059, -41.144 ], [ -63.78, -41.159 ], [ -64.88, -40.83 ], [ -64.733, -40.803 ], [ -64.851, -40.718 ], [ -65.114, -40.833 ], [ -65.026, -42.081 ], [ -64.464, -42.239 ], [ -64.619, -42.417 ], [ -64.432, -42.44 ], [ -64.041, -42.349 ], [ -64.375, -42.237 ], [ -63.758, -42.076 ], [ -63.584, -42.613 ], [ -63.677, -42.792 ], [ -64.108, -42.879 ], [ -64.403, -42.516 ], [ -64.982, -42.652 ], [ -65.013, -42.782 ], [ -64.307, -42.979 ], [ -64.98, -43.259 ], [ -65.332, -43.657 ], [ -65.216, -44.367 ], [ -65.727, -44.808 ], [ -65.52, -44.93 ], [ -65.69, -45.062 ], [ -66.199, -44.981 ], [ -66.599, -45.14 ], [ -66.519, -45.223 ], [ -66.963, -45.272 ], [ -67.592, -45.99 ], [ -67.503, -46.474 ], [ -66.793, -46.999 ], [ -65.734, -47.202 ], [ -65.899, -47.759 ], [ -65.764, -47.949 ], [ -67.49, -48.96 ], [ -67.837, -49.947 ], [ -68.325, -50.123 ], [ -68.568, -49.935 ], [ -68.358, -50.16 ], [ -68.88, -50.335 ], [ -69.132, -50.898 ], [ -69.306, -50.984 ], [ -69.454, -51.101 ], [ -69.167, -50.981 ], [ -68.931, -51.678 ], [ -68.354, -52.336 ], [ -70.013, -52.009 ], [ -71.9, -52.019 ], [ -72.438, -51.569 ], [ -72.26, -51.254 ], [ -72.402, -51.119 ], [ -72.25, -51.025 ], [ -72.278, -50.655 ], [ -73.164, -50.759 ], [ -73.572, -50.28 ], [ -73.434, -49.81 ], [ -73.583, -49.524 ], [ -73.484, -49.164 ], [ -73.093, -49.134 ], [ -72.55, -48.791 ], [ -72.598, -48.477 ], [ -72.293, -48.351 ], [ -72.523, -47.913 ], [ -72.338, -47.461 ], [ -71.858, -47.23 ], [ -71.931, -46.811 ], [ -71.648, -46.689 ], [ -71.892, -46.148 ], [ -71.598, -45.975 ], [ -71.758, -45.562 ], [ -71.297, -45.293 ], [ -71.56, -44.98 ], [ -72.047, -44.901 ], [ -72.07, -44.768 ], [ -71.303, -44.808 ], [ -71.11, -44.523 ], [ -71.837, -44.376 ], [ -71.852, -44.115 ], [ -71.655, -43.946 ], [ -71.75, -43.799 ], [ -71.583, -43.66 ], [ -71.933, -43.457 ], [ -71.729, -43.211 ], [ -72.11, -42.915 ], [ -72.125, -42.307 ], [ -72.028, -42.141 ], [ -71.728, -42.115 ], [ -71.947, -40.74 ], [ -71.654, -40.369 ], [ -71.831, -40.222 ], [ -71.59, -39.903 ], [ -71.716, -39.63 ], [ -71.481, -39.59 ], [ -71.428, -38.93 ], [ -70.832, -38.567 ], [ -71.203, -37.68 ], [ -71.17, -36.839 ], [ -71.034, -36.465 ], [ -70.694, -36.407 ], [ -70.577, -36.13 ], [ -70.419, -36.145 ], [ -70.326, -35.811 ], [ -70.424, -35.343 ], [ -70.578, -35.258 ], [ -70.363, -35.142 ], [ -70.042, -34.287 ], [ -69.815, -34.224 ], [ -69.885, -33.68 ], [ -69.747, -33.408 ], [ -69.888, -33.222 ], [ -70.025, -33.314 ], [ -69.997, -32.902 ], [ -70.386, -32.051 ], [ -70.202, -31.97 ], [ -70.44, -31.848 ], [ -70.553, -31.56 ], [ -70.511, -31.163 ], [ -70.27, -31.028 ], [ -70.157, -30.482 ], [ -69.807, -30.187 ], [ -69.94, -30.09 ], [ -70.007, -29.356 ], [ -69.768, -29.126 ], [ -69.641, -28.379 ], [ -69.112, -27.892 ], [ -68.854, -27.182 ], [ -68.684, -27.083 ], [ -68.544, -27.188 ], [ -68.272, -26.917 ], [ -68.588, -26.509 ], [ -68.39, -26.19 ], [ -68.587, -25.204 ], [ -68.351, -25.107 ], [ -68.567, -24.748 ], [ -68.391, -24.474 ], [ -67.338, -24.034 ], [ -66.988, -22.992 ], [ -67.177, -22.805 ], [ -66.74, -22.236 ], [ -66.287, -22.085 ], [ -66.218, -21.783 ] ] ] ] } },
{ "type": "Feature", "properties": { }, "geometry": { "type": "Polygon", "coordinates": [ [ [ 73.308, -52.975 ], [ 73.753, -53.12 ], [ 73.878, -53.107 ], [ 73.445, -53.216 ], [ 73.308, -52.975 ] ] ] } },
{ "type": "Feature", "properties": { }, "geometry": { "type": "Polygon", "coordinates": [ [ [ 69.013, -48.659 ], [ 69.072, -48.692 ], [ 68.972, -48.735 ], [ 69.076, -48.719 ], [ 68.971, -48.765 ], [ 69.112, -48.72 ], [ 69.125, -48.73 ], [ 68.958, -48.807 ], [ 68.909, -48.85 ], [ 68.892, -48.897 ], [ 69.095, -48.767 ], [ 69.18, -48.782 ], [ 68.989, -49.088 ], [ 69.628, -48.973 ], [ 69.656, -49.119 ], [ 69.334, -49.108 ], [ 69.234, -49.208 ], [ 69.434, -49.132 ], [ 69.543, -49.245 ], [ 69.396, -49.276 ], [ 69.706, -49.317 ], [ 70.392, -49.055 ], [ 70.536, -49.302 ], [ 70.316, -49.346 ], [ 70.381, -49.451 ], [ 70.17, -49.345 ], [ 69.806, -49.338 ], [ 69.923, -49.401 ], [ 69.749, -49.391 ], [ 69.791, -49.425 ], [ 69.814, -49.488 ], [ 69.733, -49.42 ], [ 69.724, -49.433 ], [ 69.691, -49.408 ], [ 69.659, -49.407 ], [ 69.633, -49.39 ], [ 69.61, -49.383 ], [ 69.607, -49.385 ], [ 69.939, -49.597 ], [ 70.299, -49.551 ], [ 70.139, -49.634 ], [ 70.226, -49.644 ], [ 70.222, -49.701 ], [ 69.866, -49.709 ], [ 69.762, -49.529 ], [ 69.667, -49.483 ], [ 69.685, -49.66 ], [ 69.43, -49.643 ], [ 69.286, -49.466 ], [ 69.305, -49.583 ], [ 69.231, -49.491 ], [ 69.114, -49.474 ], [ 69.191, -49.504 ], [ 69.215, -49.582 ], [ 69.065, -49.54 ], [ 69.091, -49.685 ], [ 68.773, -49.729 ], [ 68.923, -49.424 ], [ 68.763, -49.201 ], [ 68.925, -49.142 ], [ 68.727, -49.078 ], [ 69.013, -48.659 ] ] ] } },
{ "type": "Feature", "properties": { }, "geometry": { "type": "Polygon", "coordinates": [ [ [ 3.42, -54.441 ], [ 3.33, -54.451 ], [ 3.297, -54.417 ], [ 3.384, -54.392 ], [ 3.42, -54.441 ] ] ] } },
{ "type": "Feature", "properties": { }, "geometry": { "type": "MultiPolygon", "coordinates": [ [ [ [ -160.325, -79.898 ], [ -163.31, -79.607 ], [ -164.132, -79.376 ], [ -164.364, -79.163 ], [ -163.377, -78.774 ], [ -161.66, -78.821 ], [ -159.148, -79.708 ], [ -160.325, -79.898 ] ] ], [ [ [ -66.243, -78.372 ], [ -65.468, -78.404 ], [ -69.299, -79.199 ], [ -70.833, -79.148 ], [ -68.065, -78.495 ], [ -66.243, -78.372 ] ] ], [ [ [ 165.987, -78.165 ], [ 166.494, -78.211 ], [ 166.658, -78.262 ], [ 166.125, -78.353 ], [ 165.943, -78.309 ], [ 165.987, -78.165 ] ] ], [ [ [ 167.332, -78.3 ], [ 167.052, -78.303 ], [ 166.744, -78.265 ], [ 167.477, -78.077 ], [ 167.539, -78.167 ], [ 167.332, -78.3 ] ] ], [ [ [ -150.25, -77.398 ], [ -151.098, -77.358 ], [ -151.314, -77.306 ], [ -150.811, -77.242 ], [ -150.25, -77.398 ] ] ], [ [ [ 167.519, -77.46 ], [ 168.304, -77.409 ], [ 169.28, -77.556 ], [ 168.442, -77.737 ], [ 167.494, -77.673 ], [ 166.59, -77.888 ], [ 166.794, -77.749 ], [ 165.998, -77.58 ], [ 166.5, -77.44 ], [ 166.233, -77.313 ], [ 166.566, -77.214 ], [ 167.519, -77.46 ] ] ], [ [ [ -147.635, -77.456 ], [ -148.228, -77.466 ], [ -148.871, -77.225 ], [ -148.614, -77.119 ], [ -147.757, -77.225 ], [ -147.528, -77.408 ], [ -147.635, -77.456 ] ] ], [ [ [ -77.531, -77.044 ], [ -76.809, -77.166 ], [ -76.928, -77.287 ], [ -76.583, -77.438 ], [ -76.733, -77.658 ], [ -75.707, -78.059 ], [ -77.488, -78.193 ], [ -79.559, -78.095 ], [ -80.746, -77.757 ], [ -79.869, -77.518 ], [ -79.583, -77.25 ], [ -77.531, -77.044 ] ] ], [ [ [ -148.464, -76.948 ], [ -148.289, -77.01 ], [ -149.219, -76.965 ], [ -148.634, -76.932 ], [ -148.464, -76.948 ] ] ], [ [ [ -149.122, -77.166 ], [ -150.24, -77.116 ], [ -150.629, -77.008 ], [ -149.699, -76.907 ], [ -149.122, -77.166 ] ] ], [ [ [ -146.768, -77.015 ], [ -147.002, -76.878 ], [ -146.292, -76.903 ], [ -146.329, -76.969 ], [ -146.768, -77.015 ] ] ], [ [ [ -148.747, -76.726 ], [ -148.297, -76.75 ], [ -148.17, -76.799 ], [ -149.223, -76.774 ], [ -148.747, -76.726 ] ] ], [ [ [ -150.256, -76.814 ], [ -150.533, -76.812 ], [ -150.76, -76.767 ], [ -149.829, -76.712 ], [ -150.256, -76.814 ] ] ], [ [ [ -146.801, -76.752 ], [ -147.14, -76.725 ], [ -147.338, -76.599 ], [ -146.859, -76.597 ], [ -146.801, -76.752 ] ] ], [ [ [ -146.665, -76.338 ], [ -146.994, -76.295 ], [ -147.403, -76.138 ], [ -146.886, -76.115 ], [ -146.665, -76.338 ] ] ], [ [ [ -145.223, -75.767 ], [ -145.675, -75.72 ], [ -145.961, -75.597 ], [ -145.38, -75.627 ], [ -145.223, -75.767 ] ] ], [ [ [ -132.426, -74.336 ], [ -132.257, -74.451 ], [ -132.77, -74.453 ], [ -132.707, -74.338 ], [ -132.426, -74.336 ] ] ], [ [ [ -130.98, -74.362 ], [ -130.735, -74.413 ], [ -131.138, -74.55 ], [ -131.952, -74.371 ], [ -131.695, -74.252 ], [ -130.98, -74.362 ] ] ], [ [ [ -127.243, -74.606 ], [ -127.822, -74.448 ], [ -127.874, -74.255 ], [ -126.885, -74.388 ], [ -126.918, -74.539 ], [ -127.243, -74.606 ] ] ], [ [ [ -116.357, -74.022 ], [ -116.782, -74.18 ], [ -117.722, -74.173 ], [ -116.19, -73.83 ], [ -115.881, -73.883 ], [ -116.357, -74.022 ] ] ], [ [ [ -122.464, -73.595 ], [ -118.9, -73.722 ], [ -118.63, -73.797 ], [ -120.162, -74.3 ], [ -121.814, -74.323 ], [ -122.613, -74.236 ], [ -122.639, -74.124 ], [ -122.462, -74.107 ], [ -122.606, -74.004 ], [ -122.275, -73.831 ], [ -122.874, -73.737 ], [ -122.464, -73.595 ] ] ], [ [ [ 169.793, -73.642 ], [ 169.625, -73.657 ], [ 169.382, -73.564 ], [ 169.72, -73.356 ], [ 169.793, -73.642 ] ] ], [ [ [ -77.738, -73.408 ], [ -78.071, -73.403 ], [ -78.121, -73.292 ], [ -77.418, -73.33 ], [ -77.738, -73.408 ] ] ], [ [ [ -73.647, -73.148 ], [ -73.843, -73.402 ], [ -74.185, -73.339 ], [ -73.906, -73.154 ], [ -73.647, -73.148 ] ] ], [ [ [ -104.294, -73.351 ], [ -104.584, -73.315 ], [ -104.924, -73.133 ], [ -104.436, -73.225 ], [ -104.294, -73.351 ] ] ], [ [ [ -125.773, -73.084 ], [ -124.829, -73.322 ], [ -124.92, -73.412 ], [ -124.648, -73.531 ], [ -125.108, -73.68 ], [ -124.97, -73.74 ], [ -123.98, -73.602 ], [ -123.382, -73.974 ], [ -123.547, -74.127 ], [ -124.381, -74.092 ], [ -125.716, -73.812 ], [ -126.186, -73.448 ], [ -126.534, -73.595 ], [ -126.919, -73.37 ], [ -126.768, -73.149 ], [ -125.773, -73.084 ] ] ], [ [ [ -75.219, -72.82 ], [ -74.294, -72.993 ], [ -74.619, -73.328 ], [ -74.38, -73.546 ], [ -74.966, -73.603 ], [ -75.879, -73.392 ], [ -76.196, -73.161 ], [ -75.47, -73.077 ], [ -75.837, -72.969 ], [ -75.219, -72.82 ] ] ], [ [ [ -89.529, -72.931 ], [ -89.781, -73.103 ], [ -90.4, -72.997 ], [ -89.971, -72.802 ], [ -89.529, -72.931 ] ] ], [ [ [ -77.468, -72.704 ], [ -77.24, -72.71 ], [ -77.381, -72.936 ], [ -78.392, -73.165 ], [ -79.075, -73.026 ], [ -78.27, -72.892 ], [ -78.143, -72.654 ], [ -77.468, -72.704 ] ] ], [ [ [ -91.285, -73.168 ], [ -91.512, -73.117 ], [ -91.316, -72.985 ], [ -91.342, -72.8 ], [ -91.676, -72.609 ], [ -91.016, -72.532 ], [ -90.817, -72.685 ], [ -90.992, -72.81 ], [ -90.809, -72.854 ], [ -91.285, -73.168 ] ] ], [ [ [ -100.21, -72.47 ], [ -99.925, -72.462 ], [ -99.316, -72.556 ], [ -100.389, -72.51 ], [ -100.21, -72.47 ] ] ], [ [ [ -94.452, -72.554 ], [ -94.437, -72.601 ], [ -95.289, -72.642 ], [ -94.609, -72.459 ], [ -94.452, -72.554 ] ] ], [ [ [ -98.422, -71.796 ], [ -98.129, -71.768 ], [ -98.495, -71.866 ], [ -98.386, -71.958 ], [ -98.475, -72.088 ], [ -97.97, -72.092 ], [ -98.022, -71.819 ], [ -97.873, -71.787 ], [ -97.456, -71.945 ], [ -97.72, -72.036 ], [ -97.445, -72.162 ], [ -97.022, -71.749 ], [ -96.255, -71.77 ], [ -96.111, -71.918 ], [ -97.086, -72.134 ], [ -95.666, -71.994 ], [ -95.497, -72.112 ], [ -96.465, -72.228 ], [ -95.417, -72.299 ], [ -96.442, -72.42 ], [ -95.94, -72.437 ], [ -96.047, -72.532 ], [ -98.523, -72.52 ], [ -98.977, -72.481 ], [ -98.793, -72.391 ], [ -100.101, -72.407 ], [ -102.413, -72.111 ], [ -100.423, -71.777 ], [ -100.168, -71.862 ], [ -100.621, -71.973 ], [ -99.749, -71.843 ], [ -99.549, -71.996 ], [ -99.425, -71.899 ], [ -98.771, -72.033 ], [ -99.231, -71.779 ], [ -98.789, -71.632 ], [ -98.304, -71.736 ], [ -98.422, -71.796 ] ] ], [ [ [ -60.643, -71.075 ], [ -60.936, -71.015 ], [ -60.978, -70.96 ], [ -60.404, -70.982 ], [ -60.643, -71.075 ] ] ], [ [ [ -60.745, -70.72 ], [ -60.959, -70.684 ], [ -61.029, -70.599 ], [ -60.679, -70.53 ], [ -60.61, -70.666 ], [ -60.745, -70.72 ] ] ], [ [ [ -73.842, -70.594 ], [ -73.741, -70.644 ], [ -74.918, -70.868 ], [ -75.557, -70.734 ], [ -74.179, -70.469 ], [ -73.842, -70.594 ] ] ], [ [ [ -74.877, -69.533 ], [ -74.453, -69.804 ], [ -74.698, -69.984 ], [ -75.676, -69.965 ], [ -75.945, -69.922 ], [ -76.092, -69.668 ], [ -74.877, -69.533 ] ] ], [ [ [ -72.529, -69.313 ], [ -72.42, -69.313 ], [ -72.1, -69.537 ], [ -72.851, -69.456 ], [ -72.529, -69.313 ] ] ], [ [ [ -62.035, -69.722 ], [ -62.233, -69.666 ], [ -62.193, -69.53 ], [ -62.607, -69.202 ], [ -62.23, -69.161 ], [ -61.944, -69.389 ], [ -62.035, -69.722 ] ] ], [ [ [ -70.158, -68.86 ], [ -70.016, -69.082 ], [ -70.122, -69.243 ], [ -69.715, -69.278 ], [ -69.341, -69.635 ], [ -69.094, -70.189 ], [ -68.691, -70.338 ], [ -68.416, -70.645 ], [ -68.112, -71.646 ], [ -68.233, -71.9 ], [ -68.5, -71.978 ], [ -68.361, -72.066 ], [ -68.449, -72.264 ], [ -68.948, -72.283 ], [ -69.119, -72.455 ], [ -68.891, -72.452 ], [ -69.643, -72.667 ], [ -71.973, -72.694 ], [ -72.684, -72.456 ], [ -72.122, -72.239 ], [ -70.673, -72.276 ], [ -71.047, -72.125 ], [ -70.678, -71.995 ], [ -72.33, -71.559 ], [ -72.52, -71.698 ], [ -72.374, -71.863 ], [ -73.388, -71.766 ], [ -72.97, -71.91 ], [ -73.6, -72.164 ], [ -75.153, -71.823 ], [ -75.713, -71.451 ], [ -75.458, -71.344 ], [ -74.764, -71.636 ], [ -74.668, -71.586 ], [ -75.094, -71.305 ], [ -74.772, -71.215 ], [ -73.52, -71.556 ], [ -73.379, -71.482 ], [ -74.167, -71.237 ], [ -73.565, -71.142 ], [ -72.984, -71.345 ], [ -72.374, -71.265 ], [ -73.257, -71.032 ], [ -71.329, -70.794 ], [ -70.728, -70.96 ], [ -70.653, -70.878 ], [ -71.559, -70.543 ], [ -71.562, -70.375 ], [ -70.02, -70.218 ], [ -70.763, -70.156 ], [ -71.908, -69.799 ], [ -71.951, -69.505 ], [ -71.68, -69.274 ], [ -72.192, -69.118 ], [ -70.611, -68.761 ], [ -70.158, -68.86 ] ] ], [ [ [ -67.249, -67.599 ], [ -67.155, -67.636 ], [ -67.497, -67.794 ], [ -67.847, -67.683 ], [ -67.249, -67.599 ] ] ], [ [ [ 164.739, -67.624 ], [ 164.561, -67.587 ], [ 164.492, -67.415 ], [ 164.68, -67.376 ], [ 164.739, -67.624 ] ] ], [ [ [ 86.206, -67.023 ], [ 85.988, -66.99 ], [ 85.56, -66.753 ], [ 86.067, -66.787 ], [ 86.321, -66.91 ], [ 86.206, -67.023 ] ] ], [ [ [ -67.779, -66.62 ], [ -67.652, -66.688 ], [ -67.997, -66.933 ], [ -67.688, -67.149 ], [ -68.205, -67.345 ], [ -67.973, -67.393 ], [ -68.133, -67.565 ], [ -68.462, -67.565 ], [ -68.618, -67.754 ], [ -69.202, -67.59 ], [ -68.475, -66.828 ], [ -67.779, -66.62 ] ] ], [ [ [ 96.724, -66.072 ], [ 96.995, -66.151 ], [ 96.257, -66.182 ], [ 96.409, -66.039 ], [ 96.724, -66.072 ] ] ], [ [ [ 121.571, -65.794 ], [ 121.714, -66.042 ], [ 122.523, -66.436 ], [ 122.518, -66.619 ], [ 121.317, -66.698 ], [ 121.755, -66.456 ], [ 121.222, -66.229 ], [ 121.471, -66.04 ], [ 121.205, -65.951 ], [ 121.189, -65.732 ], [ 121.348, -65.646 ], [ 121.571, -65.794 ] ] ], [ [ [ -65.78, -65.519 ], [ -65.668, -65.567 ], [ -65.931, -65.673 ], [ -65.844, -65.821 ], [ -66.225, -65.861 ], [ -66.005, -65.545 ], [ -65.78, -65.519 ] ] ], [ [ [ 103.476, -65.435 ], [ 103.171, -65.433 ], [ 102.792, -65.168 ], [ 103.089, -65.184 ], [ 103.476, -65.435 ] ] ], [ [ [ -56.935, -64.361 ], [ -57.194, -64.535 ], [ -57.515, -64.489 ], [ -57.485, -64.436 ], [ -56.935, -64.361 ] ] ], [ [ [ -63.357, -64.256 ], [ -63.197, -64.314 ], [ -63.383, -64.449 ], [ -63.137, -64.466 ], [ -63.317, -64.569 ], [ -62.847, -64.556 ], [ -63.712, -64.841 ], [ -64.311, -64.682 ], [ -63.357, -64.256 ] ] ], [ [ [ -62.37, -64.008 ], [ -62.046, -64.139 ], [ -62.248, -64.161 ], [ -62.097, -64.211 ], [ -62.401, -64.456 ], [ -62.825, -64.494 ], [ -62.484, -64.231 ], [ -62.561, -64.046 ], [ -62.37, -64.008 ] ] ], [ [ [ -57.618, -63.797 ], [ -57.343, -63.786 ], [ -57.055, -63.834 ], [ -57.622, -63.903 ], [ -57.719, -63.811 ], [ -57.618, -63.797 ] ] ], [ [ [ -57.811, -63.802 ], [ -57.84, -64.09 ], [ -57.492, -63.917 ], [ -57.061, -64.171 ], [ -57.384, -64.306 ], [ -57.317, -64.383 ], [ -58.236, -64.401 ], [ -58.077, -64.117 ], [ -58.464, -64.06 ], [ -57.811, -63.802 ] ] ], [ [ [ -55.901, -63.389 ], [ -55.684, -63.449 ], [ -55.967, -63.575 ], [ -56.242, -63.485 ], [ -55.901, -63.389 ] ] ], [ [ [ -57.265, -63.227 ], [ -56.774, -63.592 ], [ -57.139, -63.649 ], [ -57.157, -63.476 ], [ -57.391, -63.473 ], [ -58.134, -63.683 ], [ -58.682, -64.008 ], [ -58.854, -64.237 ], [ -58.755, -64.298 ], [ -58.953, -64.392 ], [ -58.791, -64.413 ], [ -58.831, -64.526 ], [ -59.674, -64.329 ], [ -60.682, -64.694 ], [ -61.06, -65.019 ], [ -62.205, -65.324 ], [ -61.699, -65.534 ], [ -62.089, -65.593 ], [ -62.375, -65.949 ], [ -61.897, -66.173 ], [ -61.335, -66.07 ], [ -61.34, -65.928 ], [ -61.048, -66.048 ], [ -60.998, -65.917 ], [ -60.611, -65.942 ], [ -60.932, -66.256 ], [ -61.149, -66.335 ], [ -61.427, -66.107 ], [ -61.707, -66.255 ], [ -61.732, -66.471 ], [ -61.92, -66.192 ], [ -62.861, -66.229 ], [ -62.425, -66.439 ], [ -62.699, -66.549 ], [ -62.418, -66.644 ], [ -62.617, -66.741 ], [ -63.563, -66.158 ], [ -63.794, -66.323 ], [ -63.585, -66.377 ], [ -63.917, -66.388 ], [ -63.757, -66.438 ], [ -63.974, -66.474 ], [ -63.814, -66.592 ], [ -64.102, -66.573 ], [ -64.184, -66.769 ], [ -63.723, -66.884 ], [ -64.869, -66.957 ], [ -64.964, -67.036 ], [ -64.734, -67.083 ], [ -65.021, -67.191 ], [ -65.038, -67.34 ], [ -65.533, -67.355 ], [ -65.625, -67.492 ], [ -65.381, -67.656 ], [ -65.744, -67.886 ], [ -65.337, -67.976 ], [ -65.721, -68.136 ], [ -64.786, -68.11 ], [ -65.529, -68.322 ], [ -64.982, -68.404 ], [ -65.351, -68.512 ], [ -65.181, -68.65 ], [ -64.148, -68.792 ], [ -64.014, -68.754 ], [ -64.25, -68.589 ], [ -64.038, -68.634 ], [ -63.793, -68.459 ], [ -62.941, -68.471 ], [ -63.881, -68.674 ], [ -63.224, -68.831 ], [ -63.824, -69.026 ], [ -63.343, -69.043 ], [ -63.581, -69.2 ], [ -63.226, -69.163 ], [ -63.023, -69.375 ], [ -62.428, -69.507 ], [ -62.421, -69.741 ], [ -62.674, -69.814 ], [ -61.886, -70.19 ], [ -62.464, -70.372 ], [ -62.41, -70.465 ], [ -61.421, -70.511 ], [ -62.101, -70.916 ], [ -61.363, -70.838 ], [ -61.446, -71.047 ], [ -60.939, -71.188 ], [ -61.401, -71.233 ], [ -60.995, -71.362 ], [ -61.568, -71.469 ], [ -60.782, -71.766 ], [ -61.957, -71.967 ], [ -61.517, -72.095 ], [ -60.645, -72.021 ], [ -61.061, -72.169 ], [ -60.685, -72.274 ], [ -61.038, -72.367 ], [ -60.687, -72.425 ], [ -61.571, -72.51 ], [ -61.361, -72.615 ], [ -61.56, -72.677 ], [ -60.526, -72.694 ], [ -60.51, -72.87 ], [ -60.956, -73.067 ], [ -59.788, -72.924 ], [ -59.903, -73.266 ], [ -60.57, -73.188 ], [ -60.786, -73.547 ], [ -60.681, -73.735 ], [ -61.043, -73.945 ], [ -60.75, -74.1 ], [ -61.681, -74.308 ], [ -60.669, -74.297 ], [ -60.746, -74.377 ], [ -61.937, -74.584 ], [ -62.103, -74.664 ], [ -61.972, -74.862 ], [ -62.765, -75.119 ], [ -64.468, -75.313 ], [ -63.144, -75.341 ], [ -64.045, -75.625 ], [ -69.88, -76.433 ], [ -67.638, -76.886 ], [ -67.642, -77.628 ], [ -69.059, -78.086 ], [ -71.524, -78.067 ], [ -74.11, -77.771 ], [ -75.787, -77.132 ], [ -75.757, -76.645 ], [ -80.993, -76.965 ], [ -80.855, -77.17 ], [ -81.36, -77.47 ], [ -81.955, -77.084 ], [ -83.216, -77.151 ], [ -82.719, -77.266 ], [ -81.99, -77.896 ], [ -81.936, -78.034 ], [ -82.388, -78.127 ], [ -81.873, -78.194 ], [ -82.042, -78.385 ], [ -81.075, -78.655 ], [ -81.422, -78.876 ], [ -81.032, -79.075 ], [ -81.557, -79.182 ], [ -81.146, -79.451 ], [ -80.336, -79.745 ], [ -79.994, -79.571 ], [ -80.351, -79.301 ], [ -79.452, -79.312 ], [ -77.33, -79.984 ], [ -80.027, -79.976 ], [ -76.929, -80.172 ], [ -77.001, -80.275 ], [ -76.228, -80.464 ], [ -74.501, -80.696 ], [ -69.626, -80.717 ], [ -60.03, -80.175 ], [ -59.039, -79.639 ], [ -54.203, -79.23 ], [ -53.148, -78.664 ], [ -48.868, -77.71 ], [ -46.403, -77.953 ], [ -44.888, -78.519 ], [ -48.159, -78.778 ], [ -48.448, -78.919 ], [ -44.5, -78.797 ], [ -44.228, -78.846 ], [ -44.063, -79.067 ], [ -46.517, -79.3 ], [ -45.997, -79.483 ], [ -44.059, -79.34 ], [ -42.877, -79.448 ], [ -43.132, -79.709 ], [ -42.971, -79.906 ], [ -44.907, -79.879 ], [ -44.929, -79.992 ], [ -44.261, -80.157 ], [ -45.878, -80.523 ], [ -48.872, -80.725 ], [ -51.452, -80.706 ], [ -54.792, -79.979 ], [ -58.435, -80.454 ], [ -60.772, -81.033 ], [ -70.589, -81.296 ], [ -71.725, -81.44 ], [ -72.051, -81.66 ], [ -71.041, -82.03 ], [ -67.833, -82.41 ], [ -60.184, -82.422 ], [ -59.004, -82.646 ], [ -59.277, -82.981 ], [ -58.43, -83.01 ], [ -55.705, -82.355 ], [ -51.645, -81.839 ], [ -42.938, -81.534 ], [ -34.582, -80.207 ], [ -31.98, -80.087 ], [ -31.848, -80.139 ], [ -32.058, -80.398 ], [ -30.667, -80.426 ], [ -30.811, -80.324 ], [ -30.08, -80.041 ], [ -30.769, -79.537 ], [ -29.889, -79.363 ], [ -29.961, -79.281 ], [ -33.855, -79.166 ], [ -35.948, -78.934 ], [ -36.526, -78.655 ], [ -36.379, -78.347 ], [ -35.611, -78.104 ], [ -35.401, -77.824 ], [ -31.459, -77.219 ], [ -31.773, -77.085 ], [ -31.362, -77.159 ], [ -31.464, -77.027 ], [ -31.037, -77.087 ], [ -28.431, -76.429 ], [ -28.856, -76.322 ], [ -24.767, -75.758 ], [ -23.453, -75.225 ], [ -22.721, -74.627 ], [ -18.407, -73.536 ], [ -15.109, -72.903 ], [ -13.75, -72.9 ], [ -12.084, -72.579 ], [ -11.42, -72.304 ], [ -11.083, -71.905 ], [ -12.007, -71.665 ], [ -12.323, -71.358 ], [ -11.645, -71.268 ], [ -11.689, -71.434 ], [ -10.99, -71.728 ], [ -10.099, -71.12 ], [ -10.481, -70.977 ], [ -10.216, -70.922 ], [ -9.517, -70.931 ], [ -9.69, -71.03 ], [ -9.013, -71.202 ], [ -8.78, -71.412 ], [ -8.728, -71.729 ], [ -8.451, -71.823 ], [ -7.396, -71.69 ], [ -7.769, -71.444 ], [ -7.296, -71.085 ], [ -7.683, -70.862 ], [ -6.963, -70.693 ], [ -5.819, -70.712 ], [ -5.688, -70.972 ], [ -6.211, -71.338 ], [ -5.956, -71.423 ], [ -3.037, -71.273 ], [ -3.735, -71.106 ], [ -3.384, -70.868 ], [ -3.546, -70.665 ], [ -3.428, -70.424 ], [ -2.988, -70.297 ], [ -2.692, -70.425 ], [ -3.175, -70.658 ], [ -2.001, -70.827 ], [ -2.568, -70.998 ], [ -2.208, -71.473 ], [ -1.02, -71.297 ], [ -0.836, -71.399 ], [ -0.969, -71.591 ], [ -0.457, -71.678 ], [ 0.53, -71.258 ], [ 2.306, -70.898 ], [ 3.015, -70.498 ], [ 4.437, -70.251 ], [ 5.671, -70.461 ], [ 7.833, -70.18 ], [ 9.494, -70.196 ], [ 11.78, -70.627 ], [ 12.395, -70.313 ], [ 16.212, -70.19 ], [ 24.296, -70.477 ], [ 31.729, -69.628 ], [ 33.277, -69.665 ], [ 33.517, -69.587 ], [ 33.373, -69.294 ], [ 33.595, -69.166 ], [ 33.216, -69.045 ], [ 33.262, -68.756 ], [ 34.04, -68.595 ], [ 35.421, -69.066 ], [ 35.8, -69.358 ], [ 36.902, -69.566 ], [ 37.158, -69.844 ], [ 37.81, -69.667 ], [ 38.329, -69.796 ], [ 38.659, -70.073 ], [ 38.563, -69.97 ], [ 38.908, -70.023 ], [ 39.238, -69.871 ], [ 39.232, -69.742 ], [ 39.808, -69.637 ], [ 39.623, -69.453 ], [ 39.953, -69.409 ], [ 39.75, -69.254 ], [ 39.91, -69.191 ], [ 39.811, -68.976 ], [ 41.047, -68.566 ], [ 42.282, -68.346 ], [ 42.819, -68.079 ], [ 46.321, -67.666 ], [ 46.285, -67.361 ], [ 46.492, -67.299 ], [ 47.482, -67.412 ], [ 47.275, -67.489 ], [ 47.379, -67.673 ], [ 48.223, -67.646 ], [ 49.457, -67.295 ], [ 49.242, -67.155 ], [ 48.69, -67.252 ], [ 48.346, -67.107 ], [ 48.437, -66.969 ], [ 49.299, -66.812 ], [ 50.003, -67.084 ], [ 49.802, -67.27 ], [ 50.157, -67.125 ], [ 50.917, -67.186 ], [ 51.063, -67.103 ], [ 50.517, -67.073 ], [ 50.514, -66.936 ], [ 50.859, -66.784 ], [ 50.309, -66.737 ], [ 50.396, -66.43 ], [ 52.127, -65.963 ], [ 53.843, -65.843 ], [ 55.715, -66.002 ], [ 56.378, -66.384 ], [ 57.398, -66.607 ], [ 56.324, -66.839 ], [ 56.671, -66.812 ], [ 56.485, -66.851 ], [ 56.777, -66.853 ], [ 56.657, -66.966 ], [ 56.985, -67.076 ], [ 57.607, -66.998 ], [ 58.908, -67.182 ], [ 59.133, -67.306 ], [ 58.643, -67.33 ], [ 59.171, -67.45 ], [ 60.602, -67.35 ], [ 62.767, -67.658 ], [ 63.661, -67.506 ], [ 68.459, -67.919 ], [ 69.858, -67.773 ], [ 69.857, -68.097 ], [ 70.151, -68.343 ], [ 69.983, -68.534 ], [ 70.136, -68.692 ], [ 69.151, -68.954 ], [ 70.054, -68.92 ], [ 69.073, -69.117 ], [ 69.88, -69.25 ], [ 68.692, -69.297 ], [ 68.969, -69.413 ], [ 68.451, -69.62 ], [ 69.235, -69.845 ], [ 68.361, -69.896 ], [ 68.086, -70.266 ], [ 68.373, -70.41 ], [ 69.158, -70.333 ], [ 69.284, -70.792 ], [ 71.459, -71.442 ], [ 72.363, -70.914 ], [ 72.5, -70.653 ], [ 73.282, -70.442 ], [ 72.869, -70.081 ], [ 74.263, -69.73 ], [ 75.933, -69.719 ], [ 76.361, -69.399 ], [ 78.113, -69.116 ], [ 78.306, -68.78 ], [ 78.089, -68.705 ], [ 78.461, -68.598 ], [ 78.17, -68.603 ], [ 78.804, -68.503 ], [ 78.319, -68.489 ], [ 79.488, -68.119 ], [ 82.974, -67.609 ], [ 84.6, -67.068 ], [ 85.96, -67.194 ], [ 88.105, -66.693 ], [ 89.894, -66.813 ], [ 91.875, -66.471 ], [ 93.713, -66.638 ], [ 95.535, -66.453 ], [ 96.556, -66.622 ], [ 97.091, -66.494 ], [ 97.721, -66.599 ], [ 98.651, -66.378 ], [ 98.825, -66.477 ], [ 98.992, -66.404 ], [ 98.729, -66.368 ], [ 99.038, -66.329 ], [ 99.056, -66.15 ], [ 98.736, -65.747 ], [ 99.531, -65.88 ], [ 99.542, -65.709 ], [ 100.215, -65.666 ], [ 100.742, -65.383 ], [ 101.209, -65.529 ], [ 100.265, -65.666 ], [ 100.15, -66.106 ], [ 100.357, -66.189 ], [ 100.84, -65.971 ], [ 100.667, -66.122 ], [ 100.975, -66.095 ], [ 101.051, -66.116 ], [ 100.681, -66.199 ], [ 101.012, -66.247 ], [ 101.547, -66.019 ], [ 101.26, -66.021 ], [ 101.369, -65.942 ], [ 102.982, -65.838 ], [ 106.582, -66.307 ], [ 108.176, -66.608 ], [ 108.9, -66.922 ], [ 109.309, -66.872 ], [ 109.274, -66.706 ], [ 109.475, -66.6 ], [ 110.3, -66.619 ], [ 110.204, -66.56 ], [ 110.659, -66.38 ], [ 110.521, -66.241 ], [ 110.93, -66.038 ], [ 113.201, -65.7 ], [ 114.531, -66.183 ], [ 114.519, -66.446 ], [ 116.103, -66.367 ], [ 117.173, -66.877 ], [ 118.212, -67.023 ], [ 121.101, -66.781 ], [ 121.126, -67.104 ], [ 124.684, -66.657 ], [ 126.148, -66.27 ], [ 127.432, -66.598 ], [ 127.919, -67.02 ], [ 129.402, -67.015 ], [ 129.682, -66.841 ], [ 129.624, -66.579 ], [ 130.006, -66.236 ], [ 129.495, -65.945 ], [ 131.664, -66.211 ], [ 133.406, -66.097 ], [ 134.138, -66.212 ], [ 134.672, -65.975 ], [ 134.552, -65.9 ], [ 134.762, -65.794 ], [ 134.463, -65.563 ], [ 134.546, -65.326 ], [ 134.867, -65.275 ], [ 135.479, -65.652 ], [ 135.146, -66.003 ], [ 136.065, -66.136 ], [ 136.009, -66.229 ], [ 136.437, -66.394 ], [ 137.036, -66.329 ], [ 140.092, -66.735 ], [ 141.889, -66.794 ], [ 142.523, -67.034 ], [ 143.385, -66.863 ], [ 143.78, -66.942 ], [ 143.851, -67.095 ], [ 144.404, -67.017 ], [ 144.577, -67.175 ], [ 145.272, -66.9 ], [ 145.365, -67.019 ], [ 145.548, -66.822 ], [ 146.459, -66.85 ], [ 146.811, -67.1 ], [ 145.243, -67.606 ], [ 146.025, -67.605 ], [ 147.057, -67.927 ], [ 148.488, -67.846 ], [ 148.605, -68.284 ], [ 147.761, -68.327 ], [ 147.867, -68.407 ], [ 149.114, -68.335 ], [ 149.802, -68.468 ], [ 151.003, -68.31 ], [ 151.053, -68.644 ], [ 151.375, -68.74 ], [ 152.042, -68.704 ], [ 152.641, -68.424 ], [ 153.821, -68.34 ], [ 154.693, -68.585 ], [ 154.77, -68.673 ], [ 154.424, -68.64 ], [ 154.635, -68.738 ], [ 154.451, -68.811 ], [ 154.866, -69.035 ], [ 155.436, -68.918 ], [ 156.782, -69.226 ], [ 157.104, -69.201 ], [ 157.079, -69.002 ], [ 157.378, -69.239 ], [ 158.895, -69.339 ], [ 159.73, -69.781 ], [ 160.488, -69.914 ], [ 160.559, -70.01 ], [ 160.297, -70.062 ], [ 160.978, -70.336 ], [ 161.537, -70.25 ], [ 161.728, -70.458 ], [ 161.9, -70.255 ], [ 161.895, -70.466 ], [ 162.589, -70.318 ], [ 163.086, -70.655 ], [ 163.506, -70.715 ], [ 163.699, -70.662 ], [ 163.498, -70.517 ], [ 165.784, -70.737 ], [ 166.653, -70.655 ], [ 166.838, -70.735 ], [ 166.332, -70.734 ], [ 167.697, -70.826 ], [ 167.891, -70.931 ], [ 167.754, -71.033 ], [ 168.068, -71.188 ], [ 170.137, -71.708 ], [ 170.286, -71.543 ], [ 170.133, -71.335 ], [ 170.321, -71.399 ], [ 170.924, -71.874 ], [ 169.975, -72.079 ], [ 169.759, -72.26 ], [ 169.971, -72.331 ], [ 169.81, -72.419 ], [ 170.244, -72.351 ], [ 170.248, -72.621 ], [ 169.827, -72.711 ], [ 169.613, -73.099 ], [ 168.994, -73.2 ], [ 169.16, -73.303 ], [ 168.937, -73.306 ], [ 169.014, -73.474 ], [ 168.591, -73.444 ], [ 168.38, -73.615 ], [ 167.997, -73.561 ], [ 167.942, -73.42 ], [ 166.748, -73.61 ], [ 166.864, -73.695 ], [ 166.465, -73.627 ], [ 166.677, -73.737 ], [ 165.587, -73.957 ], [ 166.229, -74.131 ], [ 164.745, -74.158 ], [ 165.399, -74.555 ], [ 165.333, -74.694 ], [ 164.254, -74.574 ], [ 163.812, -74.947 ], [ 163.622, -74.775 ], [ 163.943, -74.645 ], [ 163.397, -74.524 ], [ 163.085, -74.654 ], [ 163.214, -74.737 ], [ 162.584, -74.8 ], [ 162.824, -74.975 ], [ 162.414, -74.945 ], [ 162.738, -75.04 ], [ 162.41, -75.155 ], [ 162.559, -75.258 ], [ 164.203, -75.25 ], [ 164.286, -75.439 ], [ 164.668, -75.433 ], [ 164.586, -75.581 ], [ 162.692, -75.479 ], [ 162.851, -75.594 ], [ 162.497, -75.718 ], [ 162.967, -75.781 ], [ 162.653, -75.938 ], [ 162.979, -75.973 ], [ 162.232, -76.161 ], [ 162.688, -76.294 ], [ 162.609, -76.4 ], [ 162.773, -76.481 ], [ 162.612, -76.6 ], [ 162.771, -76.627 ], [ 162.524, -76.695 ], [ 162.876, -76.768 ], [ 162.271, -77.069 ], [ 163.052, -77.086 ], [ 163.442, -77.419 ], [ 163.723, -77.456 ], [ 163.383, -77.607 ], [ 163.587, -77.665 ], [ 163.432, -77.746 ], [ 164.423, -77.793 ], [ 164.461, -77.987 ], [ 164.27, -78.14 ], [ 163.299, -78.328 ], [ 164.575, -78.375 ], [ 165.337, -78.058 ], [ 165.482, -78.173 ], [ 165.227, -78.245 ], [ 165.64, -78.462 ], [ 166.937, -78.556 ], [ 167.133, -78.708 ], [ 166.109, -78.584 ], [ 164.119, -78.644 ], [ 162.616, -78.883 ], [ 162.727, -78.94 ], [ 162.494, -79.114 ], [ 160.887, -79.109 ], [ 160.267, -79.247 ], [ 160.491, -79.372 ], [ 159.995, -79.735 ], [ 160.389, -80.017 ], [ 159.987, -80.185 ], [ 160.775, -80.548 ], [ 159.663, -80.689 ], [ 160.968, -80.708 ], [ 160.075, -80.905 ], [ 160.658, -80.976 ], [ 160.33, -81.026 ], [ 160.597, -81.147 ], [ 160.43, -81.253 ], [ 160.785, -81.277 ], [ 160.453, -81.41 ], [ 161.275, -81.5 ], [ 160.901, -81.568 ], [ 162.179, -81.747 ], [ 162.294, -81.905 ], [ 162.692, -81.892 ], [ 163.753, -82.245 ], [ 161.216, -82.401 ], [ 161.665, -82.55 ], [ 163.178, -82.685 ], [ 163.066, -82.639 ], [ 163.348, -82.583 ], [ 163.154, -82.488 ], [ 164.699, -82.42 ], [ 165.337, -82.52 ], [ 164.789, -82.689 ], [ 166.312, -82.747 ], [ 167.148, -82.923 ], [ 166.552, -82.96 ], [ 168.569, -83.209 ], [ 167.755, -83.321 ], [ 167.572, -83.455 ], [ 167.699, -83.507 ], [ 169.091, -83.401 ], [ 171.62, -83.566 ], [ 171.935, -83.633 ], [ 171.27, -83.847 ], [ 172.776, -83.751 ], [ 173.492, -83.828 ], [ 172.919, -83.937 ], [ 174.843, -83.901 ], [ 180.0, -84.426 ], [ 180.0, -89.9 ], [ -180.0, -89.9 ], [ -180.0, -84.429 ], [ -178.296, -84.351 ], [ -179.067, -84.253 ], [ -167.043, -84.792 ], [ -165.933, -85.029 ], [ -162.941, -85.166 ], [ -161.812, -85.45 ], [ -160.496, -85.394 ], [ -161.026, -85.495 ], [ -158.228, -85.53 ], [ -158.61, -85.417 ], [ -158.393, -85.408 ], [ -151.476, -85.583 ], [ -151.454, -85.465 ], [ -150.269, -85.526 ], [ -148.274, -85.153 ], [ -139.348, -85.29 ], [ -137.446, -85.068 ], [ -146.075, -84.884 ], [ -151.127, -84.454 ], [ -152.978, -84.005 ], [ -153.216, -83.862 ], [ -152.845, -83.717 ], [ -152.865, -83.355 ], [ -154.162, -82.755 ], [ -154.154, -82.224 ], [ -154.852, -81.942 ], [ -155.03, -81.776 ], [ -154.941, -81.64 ], [ -153.393, -81.21 ], [ -145.933, -80.86 ], [ -145.203, -80.704 ], [ -147.872, -80.293 ], [ -151.146, -80.256 ], [ -152.038, -79.859 ], [ -153.207, -79.762 ], [ -153.975, -79.408 ], [ -157.572, -78.769 ], [ -157.719, -78.568 ], [ -156.806, -78.42 ], [ -157.008, -78.27 ], [ -156.767, -78.147 ], [ -157.872, -78.063 ], [ -158.342, -78.175 ], [ -157.875, -78.298 ], [ -158.471, -78.185 ], [ -158.024, -78.025 ], [ -158.209, -77.908 ], [ -157.692, -77.52 ], [ -157.986, -77.375 ], [ -157.874, -77.132 ], [ -156.695, -77.413 ], [ -155.854, -77.115 ], [ -153.064, -77.405 ], [ -153.726, -77.461 ], [ -153.477, -77.493 ], [ -152.42, -77.519 ], [ -152.062, -77.341 ], [ -149.372, -77.818 ], [ -148.987, -77.738 ], [ -149.584, -77.655 ], [ -148.713, -77.694 ], [ -148.54, -77.646 ], [ -148.6, -77.557 ], [ -147.702, -77.509 ], [ -147.462, -77.436 ], [ -147.486, -77.329 ], [ -146.865, -77.258 ], [ -146.017, -77.416 ], [ -145.827, -77.322 ], [ -146.191, -77.197 ], [ -145.937, -77.232 ], [ -145.987, -77.113 ], [ -146.353, -77.033 ], [ -145.33, -77.084 ], [ -146.195, -76.886 ], [ -145.531, -76.78 ], [ -146.886, -76.516 ], [ -148.655, -76.533 ], [ -149.505, -76.452 ], [ -149.439, -76.334 ], [ -148.464, -76.268 ], [ -148.661, -76.221 ], [ -148.281, -76.123 ], [ -145.628, -76.492 ], [ -145.435, -76.38 ], [ -146.4, -76.086 ], [ -145.987, -75.934 ], [ -144.14, -75.86 ], [ -144.247, -75.682 ], [ -142.719, -75.657 ], [ -142.583, -75.52 ], [ -141.839, -75.706 ], [ -141.518, -75.568 ], [ -140.546, -75.557 ], [ -139.863, -75.192 ], [ -137.389, -75.144 ], [ -136.718, -74.958 ], [ -137.16, -74.723 ], [ -136.043, -74.666 ], [ -135.531, -74.49 ], [ -134.287, -74.53 ], [ -134.401, -74.604 ], [ -134.155, -74.702 ], [ -134.244, -74.829 ], [ -134.02, -74.859 ], [ -132.739, -74.731 ], [ -129.729, -74.868 ], [ -126.852, -74.642 ], [ -126.09, -74.769 ], [ -118.681, -74.521 ], [ -117.81, -74.226 ], [ -117.041, -74.517 ], [ -115.75, -74.374 ], [ -115.55, -74.497 ], [ -114.682, -74.488 ], [ -114.621, -74.359 ], [ -114.888, -74.079 ], [ -113.95, -73.843 ], [ -113.605, -73.93 ], [ -114.209, -74.179 ], [ -113.222, -74.025 ], [ -113.108, -74.119 ], [ -113.606, -74.375 ], [ -112.987, -74.415 ], [ -112.816, -74.528 ], [ -112.953, -74.665 ], [ -112.653, -74.674 ], [ -112.759, -74.879 ], [ -111.225, -74.716 ], [ -111.74, -74.575 ], [ -111.348, -74.45 ], [ -111.642, -74.243 ], [ -111.332, -74.194 ], [ -110.256, -74.253 ], [ -109.925, -74.618 ], [ -109.224, -74.593 ], [ -109.043, -74.666 ], [ -109.308, -74.727 ], [ -108.762, -74.809 ], [ -108.26, -74.769 ], [ -108.223, -74.597 ], [ -107.33, -74.564 ], [ -107.192, -74.75 ], [ -106.558, -74.802 ], [ -106.856, -75.253 ], [ -106.739, -75.282 ], [ -105.278, -75.151 ], [ -105.303, -74.948 ], [ -104.954, -74.687 ], [ -103.058, -74.76 ], [ -103.31, -74.806 ], [ -102.073, -75.037 ], [ -101.993, -75.262 ], [ -100.403, -75.111 ], [ -101.718, -74.487 ], [ -100.926, -74.26 ], [ -100.528, -74.322 ], [ -100.496, -74.13 ], [ -101.002, -73.87 ], [ -102.025, -73.847 ], [ -102.285, -73.565 ], [ -100.386, -73.605 ], [ -100.015, -73.51 ], [ -99.99, -73.331 ], [ -100.972, -73.112 ], [ -102.661, -73.383 ], [ -103.189, -73.227 ], [ -103.506, -72.954 ], [ -103.102, -72.788 ], [ -102.219, -72.829 ], [ -102.058, -72.93 ], [ -102.171, -73.026 ], [ -101.769, -73.078 ], [ -100.711, -72.989 ], [ -99.974, -73.179 ], [ -97.97, -72.911 ], [ -97.512, -73.132 ], [ -95.966, -73.347 ], [ -94.422, -73.15 ], [ -94.43, -72.898 ], [ -93.666, -73.221 ], [ -90.94, -73.298 ], [ -89.452, -73.067 ], [ -89.31, -72.782 ], [ -89.599, -72.636 ], [ -89.142, -72.599 ], [ -88.118, -72.772 ], [ -88.6, -73.059 ], [ -86.763, -73.328 ], [ -86.062, -73.211 ], [ -85.799, -72.995 ], [ -85.389, -73.422 ], [ -83.373, -73.528 ], [ -81.981, -73.937 ], [ -80.811, -73.759 ], [ -81.094, -73.494 ], [ -81.027, -73.281 ], [ -80.089, -73.385 ], [ -80.348, -73.136 ], [ -80.242, -73.006 ], [ -78.606, -73.379 ], [ -78.572, -73.644 ], [ -76.591, -73.592 ], [ -77.128, -73.831 ], [ -76.993, -73.883 ], [ -75.213, -73.654 ], [ -73.982, -73.719 ], [ -73.153, -73.487 ], [ -69.335, -73.182 ], [ -67.601, -72.85 ], [ -66.863, -72.412 ], [ -66.996, -72.218 ], [ -66.916, -71.883 ], [ -67.663, -71.414 ], [ -67.404, -71.003 ], [ -67.984, -70.273 ], [ -68.435, -70.119 ], [ -68.36, -69.674 ], [ -68.865, -69.415 ], [ -68.284, -69.277 ], [ -67.35, -69.347 ], [ -66.769, -69.044 ], [ -67.513, -68.827 ], [ -66.938, -68.778 ], [ -67.203, -68.526 ], [ -66.972, -68.339 ], [ -67.189, -68.285 ], [ -66.634, -68.224 ], [ -66.946, -68.228 ], [ -67.336, -67.962 ], [ -66.876, -67.908 ], [ -66.818, -67.776 ], [ -67.138, -67.762 ], [ -66.779, -67.718 ], [ -66.99, -67.676 ], [ -66.525, -67.495 ], [ -67.606, -67.554 ], [ -67.51, -67.049 ], [ -66.931, -66.93 ], [ -66.875, -67.186 ], [ -66.488, -67.307 ], [ -66.597, -66.646 ], [ -65.779, -66.685 ], [ -65.613, -66.396 ], [ -65.898, -66.327 ], [ -65.72, -66.138 ], [ -65.162, -66.174 ], [ -65.344, -65.984 ], [ -64.999, -65.921 ], [ -64.538, -65.998 ], [ -64.698, -65.73 ], [ -64.396, -65.79 ], [ -64.459, -65.619 ], [ -64.119, -65.696 ], [ -64.24, -65.537 ], [ -63.666, -65.501 ], [ -64.09, -65.406 ], [ -63.984, -65.318 ], [ -64.081, -65.148 ], [ -63.848, -65.028 ], [ -63.108, -65.148 ], [ -63.013, -65.024 ], [ -63.266, -64.948 ], [ -62.832, -64.79 ], [ -62.641, -64.92 ], [ -62.392, -64.868 ], [ -62.709, -64.76 ], [ -62.553, -64.588 ], [ -62.296, -64.767 ], [ -61.802, -64.484 ], [ -61.565, -64.637 ], [ -61.488, -64.354 ], [ -60.938, -64.292 ], [ -60.845, -64.143 ], [ -60.975, -64.043 ], [ -60.014, -63.952 ], [ -59.92, -63.78 ], [ -59.499, -63.903 ], [ -59.414, -63.716 ], [ -59.095, -63.714 ], [ -58.969, -63.548 ], [ -57.265, -63.227 ] ] ], [ [ [ -55.483, -63.147 ], [ -55.021, -63.309 ], [ -56.577, -63.364 ], [ -56.13, -63.149 ], [ -55.483, -63.147 ] ] ], [ [ [ -56.423, -62.99 ], [ -56.146, -62.996 ], [ -56.016, -63.038 ], [ -56.332, -63.184 ], [ -56.631, -63.05 ], [ -56.423, -62.99 ] ] ], [ [ [ -60.101, -62.544 ], [ -59.822, -62.607 ], [ -60.299, -62.757 ], [ -60.451, -62.713 ], [ -60.379, -62.613 ], [ -61.167, -62.682 ], [ -61.243, -62.591 ], [ -60.886, -62.594 ], [ -60.809, -62.464 ], [ -60.101, -62.544 ] ] ], [ [ [ -57.962, -61.93 ], [ -57.605, -62.023 ], [ -58.256, -62.182 ], [ -58.436, -62.057 ], [ -58.628, -62.171 ], [ -58.459, -62.161 ], [ -58.543, -62.244 ], [ -59.017, -62.203 ], [ -58.441, -61.937 ], [ -57.962, -61.93 ] ] ], [ [ [ -55.221, -61.014 ], [ -54.909, -61.056 ], [ -54.594, -61.057 ], [ -55.155, -61.224 ], [ -55.399, -61.069 ], [ -55.221, -61.014 ] ] ], [ [ [ -45.664, -60.528 ], [ -45.453, -60.54 ], [ -45.131, -60.68 ], [ -46.036, -60.609 ], [ -45.664, -60.528 ] ] ] ] } },
{ "type": "Feature", "properties": { }, "geometry": { "type": "Polygon", "coordinates": [ [ [ 58.703, 42.727 ], [ 59.419, 42.277 ], [ 60.029, 42.205 ], [ 59.949, 41.974 ], [ 60.319, 41.768 ], [ 60.084, 41.809 ], [ 60.094, 41.432 ], [ 60.399, 41.253 ], [ 61.3, 41.145 ], [ 61.443, 41.292 ], [ 61.88, 41.109 ], [ 62.128, 40.574 ], [ 62.349, 40.438 ], [ 62.488, 39.951 ], [ 65.439, 38.338 ], [ 66.62, 38.014 ], [ 66.533, 37.605 ], [ 66.64, 37.44 ], [ 66.316, 37.321 ], [ 65.761, 37.551 ], [ 65.531, 37.238 ], [ 64.756, 37.113 ], [ 64.526, 36.305 ], [ 64.069, 35.997 ], [ 63.121, 35.863 ], [ 63.248, 35.681 ], [ 63.095, 35.618 ], [ 63.099, 35.418 ], [ 62.305, 35.129 ], [ 62.064, 35.434 ], [ 61.588, 35.437 ], [ 61.226, 35.65 ], [ 61.149, 36.64 ], [ 60.352, 36.628 ], [ 60.045, 37.02 ], [ 59.555, 37.132 ], [ 59.356, 37.531 ], [ 57.486, 37.918 ], [ 57.238, 38.275 ], [ 56.46, 38.264 ], [ 56.319, 38.074 ], [ 55.47, 38.094 ], [ 54.866, 37.768 ], [ 54.668, 37.435 ], [ 53.527, 37.323 ], [ 52.655, 37.778 ], [ 51.972, 37.928 ], [ 51.293, 38.715 ], [ 51.295, 38.954 ], [ 51.653, 39.408 ], [ 51.676, 40.331 ], [ 51.534, 40.925 ], [ 51.25, 41.231 ], [ 53.033, 42.139 ], [ 54.166, 42.344 ], [ 54.836, 42.022 ], [ 55.517, 41.253 ], [ 57.03, 41.258 ], [ 57.159, 41.369 ], [ 57.032, 41.446 ], [ 57.004, 41.898 ], [ 57.367, 42.158 ], [ 57.854, 42.175 ], [ 58.016, 42.5 ], [ 58.502, 42.289 ], [ 58.152, 42.633 ], [ 58.703, 42.727 ] ] ] } },
{ "type": "Feature", "properties": { }, "geometry": { "type": "Polygon", "coordinates": [ [ [ 62.019, 43.487 ], [ 63.381, 43.673 ], [ 64.514, 43.6 ], [ 65.132, 43.77 ], [ 65.651, 43.304 ], [ 65.827, 42.868 ], [ 66.099, 42.962 ], [ 66.009, 41.944 ], [ 66.531, 41.896 ], [ 66.606, 41.251 ], [ 67.935, 41.196 ], [ 68.154, 41.036 ], [ 68.016, 40.814 ], [ 68.455, 40.598 ], [ 68.649, 40.622 ], [ 68.594, 40.92 ], [ 69.185, 41.446 ], [ 70.039, 41.763 ], [ 70.411, 42.13 ], [ 70.623, 41.999 ], [ 71.06, 42.288 ], [ 71.251, 42.161 ], [ 70.186, 41.519 ], [ 70.712, 41.464 ], [ 70.794, 41.178 ], [ 71.401, 41.105 ], [ 71.726, 41.554 ], [ 71.934, 41.312 ], [ 71.864, 41.197 ], [ 72.193, 41.155 ], [ 72.186, 41.009 ], [ 73.132, 40.835 ], [ 72.637, 40.519 ], [ 72.361, 40.616 ], [ 72.421, 40.405 ], [ 72.184, 40.498 ], [ 71.721, 40.148 ], [ 71.2, 40.332 ], [ 70.628, 40.171 ], [ 70.332, 40.459 ], [ 70.79, 40.725 ], [ 70.464, 41.04 ], [ 69.717, 40.629 ], [ 69.401, 40.782 ], [ 69.229, 40.541 ], [ 69.316, 40.202 ], [ 68.538, 40.141 ], [ 69.014, 40.08 ], [ 68.792, 40.072 ], [ 68.91, 39.88 ], [ 68.785, 39.983 ], [ 68.515, 39.534 ], [ 67.705, 39.657 ], [ 67.434, 39.532 ], [ 67.524, 39.325 ], [ 67.395, 39.265 ], [ 67.701, 39.005 ], [ 68.199, 38.926 ], [ 68.068, 38.541 ], [ 68.402, 38.182 ], [ 67.854, 37.53 ], [ 67.805, 37.193 ], [ 67.267, 37.182 ], [ 67.048, 37.379 ], [ 66.521, 37.369 ], [ 66.646, 37.452 ], [ 66.533, 37.605 ], [ 66.62, 38.014 ], [ 65.439, 38.338 ], [ 62.462, 39.97 ], [ 62.349, 40.438 ], [ 61.813, 41.154 ], [ 61.443, 41.292 ], [ 61.3, 41.145 ], [ 60.399, 41.253 ], [ 60.094, 41.432 ], [ 60.084, 41.809 ], [ 60.319, 41.768 ], [ 59.949, 41.974 ], [ 60.029, 42.205 ], [ 59.419, 42.277 ], [ 58.626, 42.796 ], [ 58.578, 42.653 ], [ 58.148, 42.622 ], [ 58.51, 42.294 ], [ 58.016, 42.5 ], [ 57.854, 42.175 ], [ 57.367, 42.158 ], [ 57.004, 41.898 ], [ 57.032, 41.446 ], [ 57.159, 41.369 ], [ 57.042, 41.263 ], [ 56.001, 41.318 ], [ 56.0, 45.0 ], [ 58.597, 45.591 ], [ 61.131, 44.26 ], [ 62.019, 43.487 ] ], [ [ 70.658, 40.941 ], [ 70.658, 40.983 ], [ 70.575, 41.029 ], [ 70.582, 41.003 ], [ 70.658, 40.941 ] ] ] } },
{ "type": "Feature", "properties": { }, "geometry": { "type": "Polygon", "coordinates": [ [ [ 70.637, 40.883 ], [ 70.788, 40.72 ], [ 70.333, 40.449 ], [ 70.637, 40.166 ], [ 70.968, 40.229 ], [ 70.971, 40.165 ], [ 70.482, 39.925 ], [ 70.558, 40.033 ], [ 70.04, 40.239 ], [ 69.526, 40.09 ], [ 69.533, 39.933 ], [ 69.359, 40.014 ], [ 69.28, 39.803 ], [ 69.343, 39.536 ], [ 70.51, 39.618 ], [ 70.892, 39.382 ], [ 71.499, 39.614 ], [ 71.562, 39.455 ], [ 71.786, 39.443 ], [ 71.791, 39.278 ], [ 72.036, 39.366 ], [ 72.245, 39.173 ], [ 72.496, 39.376 ], [ 73.658, 39.465 ], [ 73.559, 39.251 ], [ 73.845, 38.977 ], [ 73.702, 38.867 ], [ 73.781, 38.612 ], [ 74.07, 38.531 ], [ 74.124, 38.665 ], [ 74.366, 38.655 ], [ 74.867, 38.498 ], [ 74.786, 38.186 ], [ 74.996, 37.767 ], [ 74.897, 37.658 ], [ 75.124, 37.327 ], [ 74.89, 37.234 ], [ 74.689, 37.406 ], [ 74.242, 37.415 ], [ 73.76, 37.222 ], [ 73.617, 37.271 ], [ 73.776, 37.439 ], [ 73.313, 37.465 ], [ 72.678, 37.022 ], [ 71.676, 36.672 ], [ 71.429, 37.072 ], [ 71.59, 37.922 ], [ 71.257, 37.923 ], [ 71.374, 38.256 ], [ 70.99, 38.491 ], [ 70.676, 38.407 ], [ 70.182, 37.945 ], [ 70.304, 37.694 ], [ 70.172, 37.53 ], [ 69.529, 37.588 ], [ 69.323, 37.118 ], [ 68.906, 37.335 ], [ 68.022, 36.923 ], [ 67.797, 37.081 ], [ 67.854, 37.53 ], [ 68.403, 38.195 ], [ 68.068, 38.541 ], [ 68.199, 38.926 ], [ 67.701, 39.005 ], [ 67.395, 39.265 ], [ 67.524, 39.325 ], [ 67.434, 39.532 ], [ 67.705, 39.657 ], [ 68.515, 39.534 ], [ 68.785, 39.983 ], [ 68.91, 39.88 ], [ 68.792, 40.072 ], [ 69.014, 40.08 ], [ 68.538, 40.141 ], [ 69.316, 40.202 ], [ 69.229, 40.541 ], [ 69.401, 40.782 ], [ 69.717, 40.629 ], [ 70.441, 41.041 ], [ 70.637, 40.883 ] ] ] } },
{ "type": "Feature", "properties": { }, "geometry": { "type": "Polygon", "coordinates": [ [ [ 80.246, 42.221 ], [ 80.283, 42.06 ], [ 79.863, 42.031 ], [ 79.67, 41.79 ], [ 79.411, 41.841 ], [ 78.392, 41.41 ], [ 78.181, 41.073 ], [ 76.864, 41.021 ], [ 76.332, 40.36 ], [ 76.293, 40.461 ], [ 75.7, 40.277 ], [ 75.593, 40.659 ], [ 75.219, 40.441 ], [ 74.828, 40.525 ], [ 74.899, 40.337 ], [ 73.945, 40.023 ], [ 73.821, 39.459 ], [ 72.496, 39.376 ], [ 72.245, 39.173 ], [ 72.036, 39.366 ], [ 71.791, 39.278 ], [ 71.786, 39.443 ], [ 71.562, 39.455 ], [ 71.499, 39.614 ], [ 70.788, 39.389 ], [ 70.51, 39.618 ], [ 69.365, 39.517 ], [ 69.277, 39.791 ], [ 69.359, 40.014 ], [ 69.467, 39.896 ], [ 69.526, 40.09 ], [ 70.003, 40.235 ], [ 70.558, 40.033 ], [ 70.482, 39.925 ], [ 71.131, 40.323 ], [ 71.729, 40.149 ], [ 72.184, 40.498 ], [ 72.421, 40.405 ], [ 72.361, 40.616 ], [ 72.637, 40.519 ], [ 73.123, 40.806 ], [ 72.186, 41.009 ], [ 72.193, 41.155 ], [ 71.864, 41.197 ], [ 71.934, 41.312 ], [ 71.726, 41.554 ], [ 71.401, 41.105 ], [ 70.794, 41.178 ], [ 70.712, 41.464 ], [ 70.186, 41.519 ], [ 71.251, 42.161 ], [ 70.872, 42.32 ], [ 71.277, 42.78 ], [ 71.864, 42.833 ], [ 73.491, 42.409 ], [ 73.558, 43.023 ], [ 74.294, 43.238 ], [ 75.157, 42.85 ], [ 75.711, 42.797 ], [ 75.927, 42.954 ], [ 78.492, 42.904 ], [ 79.177, 42.784 ], [ 79.509, 42.456 ], [ 79.939, 42.436 ], [ 80.246, 42.221 ] ], [ [ 71.052, 40.182 ], [ 71.056, 39.895 ], [ 71.18, 39.876 ], [ 71.221, 39.957 ], [ 71.052, 40.182 ] ], [ [ 71.745, 39.962 ], [ 71.775, 39.903 ], [ 71.818, 39.988 ], [ 71.791, 39.994 ], [ 71.745, 39.962 ] ], [ [ 70.739, 39.876 ], [ 70.717, 39.903 ], [ 70.504, 39.883 ], [ 70.648, 39.797 ], [ 70.739, 39.876 ] ] ] } },
{ "type": "Feature", "properties": { }, "geometry": { "type": "Polygon", "coordinates": [ [ [ 69.16, 55.373 ], [ 70.15, 55.134 ], [ 70.82, 55.298 ], [ 71.058, 54.774 ], [ 71.302, 54.657 ], [ 71.203, 54.323 ], [ 71.015, 54.34 ], [ 71.162, 54.115 ], [ 71.656, 54.103 ], [ 71.767, 54.249 ], [ 72.172, 54.133 ], [ 72.138, 54.364 ], [ 72.492, 54.139 ], [ 72.363, 54.088 ], [ 72.48, 53.91 ], [ 72.722, 53.949 ], [ 72.521, 54.047 ], [ 72.601, 54.134 ], [ 73.289, 53.953 ], [ 73.75, 54.054 ], [ 73.691, 53.862 ], [ 73.465, 53.882 ], [ 73.259, 53.681 ], [ 73.449, 53.445 ], [ 73.903, 53.648 ], [ 74.404, 53.461 ], [ 74.472, 53.684 ], [ 75.473, 53.979 ], [ 75.397, 54.082 ], [ 76.928, 54.458 ], [ 76.749, 54.16 ], [ 76.431, 54.132 ], [ 77.933, 53.259 ], [ 80.079, 50.757 ], [ 80.469, 50.974 ], [ 80.441, 51.206 ], [ 80.671, 51.308 ], [ 81.137, 51.207 ], [ 81.074, 50.945 ], [ 81.404, 50.982 ], [ 81.479, 50.758 ], [ 82.55, 50.756 ], [ 82.739, 50.934 ], [ 83.439, 51.016 ], [ 83.964, 50.78 ], [ 84.324, 50.225 ], [ 84.998, 50.056 ], [ 85.278, 49.59 ], [ 86.169, 49.461 ], [ 86.803, 49.803 ], [ 86.634, 49.582 ], [ 87.313, 49.1 ], [ 86.855, 49.108 ], [ 86.589, 48.543 ], [ 85.731, 48.366 ], [ 85.542, 47.939 ], [ 85.697, 47.231 ], [ 85.53, 47.059 ], [ 84.806, 46.827 ], [ 84.686, 47.005 ], [ 84.038, 46.965 ], [ 83.031, 47.212 ], [ 82.272, 45.571 ], [ 82.604, 45.432 ], [ 82.486, 45.121 ], [ 81.955, 45.157 ], [ 81.69, 45.367 ], [ 79.845, 44.9 ], [ 80.482, 44.733 ], [ 80.343, 44.481 ], [ 80.8, 43.18 ], [ 80.389, 43.039 ], [ 80.588, 42.891 ], [ 80.258, 42.828 ], [ 80.279, 42.235 ], [ 79.509, 42.456 ], [ 79.177, 42.784 ], [ 78.492, 42.904 ], [ 75.927, 42.954 ], [ 75.711, 42.797 ], [ 75.157, 42.85 ], [ 74.169, 43.238 ], [ 73.558, 43.023 ], [ 73.491, 42.409 ], [ 71.864, 42.833 ], [ 71.277, 42.78 ], [ 70.627, 42.001 ], [ 70.411, 42.13 ], [ 70.039, 41.763 ], [ 69.033, 41.342 ], [ 68.594, 40.92 ], [ 68.649, 40.622 ], [ 68.484, 40.591 ], [ 68.016, 40.814 ], [ 68.154, 41.036 ], [ 67.935, 41.196 ], [ 66.606, 41.251 ], [ 66.531, 41.896 ], [ 66.009, 41.944 ], [ 66.099, 42.962 ], [ 65.827, 42.868 ], [ 65.651, 43.304 ], [ 65.132, 43.77 ], [ 64.514, 43.6 ], [ 63.381, 43.673 ], [ 62.011, 43.488 ], [ 61.131, 44.26 ], [ 58.597, 45.591 ], [ 56.0, 45.0 ], [ 56.001, 41.318 ], [ 55.466, 41.276 ], [ 54.836, 42.022 ], [ 54.076, 42.342 ], [ 53.01, 42.13 ], [ 51.25, 41.231 ], [ 49.322, 43.3 ], [ 48.686, 44.754 ], [ 49.448, 45.53 ], [ 50.039, 45.858 ], [ 49.325, 46.087 ], [ 49.214, 46.333 ], [ 48.481, 46.658 ], [ 49.005, 46.767 ], [ 48.608, 47.414 ], [ 48.381, 47.434 ], [ 48.052, 47.763 ], [ 47.197, 47.749 ], [ 47.018, 48.0 ], [ 47.207, 48.074 ], [ 47.107, 48.202 ], [ 46.492, 48.443 ], [ 47.039, 49.119 ], [ 46.783, 49.333 ], [ 46.82, 49.557 ], [ 46.907, 49.861 ], [ 47.333, 50.094 ], [ 47.32, 50.332 ], [ 47.624, 50.438 ], [ 48.395, 49.815 ], [ 48.735, 49.927 ], [ 48.878, 50.023 ], [ 48.558, 50.648 ], [ 48.825, 50.6 ], [ 49.411, 50.858 ], [ 49.421, 51.13 ], [ 50.368, 51.34 ], [ 50.568, 51.642 ], [ 50.777, 51.592 ], [ 50.754, 51.767 ], [ 51.359, 51.653 ], [ 51.314, 51.49 ], [ 51.67, 51.474 ], [ 51.857, 51.683 ], [ 52.328, 51.766 ], [ 52.551, 51.465 ], [ 53.379, 51.514 ], [ 54.513, 50.848 ], [ 54.52, 50.539 ], [ 54.726, 50.629 ], [ 54.706, 50.894 ], [ 55.052, 50.932 ], [ 55.693, 50.568 ], [ 56.497, 51.088 ], [ 56.732, 50.972 ], [ 56.729, 51.078 ], [ 57.184, 51.095 ], [ 57.51, 50.878 ], [ 57.724, 50.923 ], [ 57.754, 51.13 ], [ 58.292, 51.161 ], [ 58.565, 51.061 ], [ 58.599, 50.827 ], [ 59.478, 50.66 ], [ 59.524, 50.515 ], [ 59.833, 50.584 ], [ 60.069, 50.866 ], [ 60.476, 50.67 ], [ 61.427, 50.794 ], [ 61.676, 51.265 ], [ 61.503, 51.421 ], [ 60.509, 51.632 ], [ 60.391, 51.698 ], [ 60.519, 51.799 ], [ 60.054, 51.932 ], [ 61.072, 52.338 ], [ 60.715, 52.654 ], [ 61.025, 52.98 ], [ 62.137, 53.006 ], [ 61.183, 53.296 ], [ 61.258, 53.503 ], [ 61.588, 53.525 ], [ 60.916, 53.617 ], [ 61.218, 53.797 ], [ 61.028, 53.952 ], [ 61.256, 53.917 ], [ 61.395, 54.089 ], [ 61.613, 53.954 ], [ 62.421, 54.056 ], [ 62.551, 53.9 ], [ 63.215, 54.203 ], [ 65.222, 54.342 ], [ 65.201, 54.525 ], [ 65.491, 54.65 ], [ 68.201, 54.958 ], [ 68.178, 55.187 ], [ 69.16, 55.373 ] ], [ [ 49.305, 46.182 ], [ 49.317, 46.171 ], [ 49.312, 46.203 ], [ 49.307, 46.197 ], [ 49.305, 46.182 ] ] ] } },
{ "type": "Feature", "properties": { }, "geometry": { "type": "Polygon", "coordinates": [ [ [ 113.566, 22.189 ], [ 113.53, 22.18 ], [ 113.533, 22.213 ], [ 113.551, 22.215 ], [ 113.566, 22.189 ] ] ] } },
{ "type": "Feature", "properties": { }, "geometry": { "type": "Polygon", "coordinates": [ [ [ 100.0, 51.753 ], [ 102.083, 51.393 ], [ 102.213, 51.323 ], [ 102.302, 50.6 ], [ 103.32, 50.202 ], [ 104.061, 50.154 ], [ 105.357, 50.48 ], [ 106.725, 50.327 ], [ 107.146, 50.02 ], [ 107.976, 49.92 ], [ 107.946, 49.677 ], [ 108.543, 49.337 ], [ 109.843, 49.191 ], [ 110.766, 49.145 ], [ 111.38, 49.373 ], [ 112.755, 49.492 ], [ 113.493, 49.975 ], [ 114.34, 50.282 ], [ 114.964, 50.193 ], [ 115.401, 49.902 ], [ 116.205, 50.032 ], [ 116.607, 49.94 ], [ 116.721, 49.85 ], [ 115.784, 48.515 ], [ 115.813, 48.257 ], [ 115.529, 48.138 ], [ 115.56, 47.926 ], [ 115.942, 47.685 ], [ 116.247, 47.885 ], [ 116.844, 47.903 ], [ 117.366, 47.655 ], [ 117.79, 48.023 ], [ 118.561, 47.995 ], [ 119.709, 47.184 ], [ 119.932, 46.717 ], [ 119.678, 46.594 ], [ 118.871, 46.779 ], [ 117.436, 46.587 ], [ 117.326, 46.361 ], [ 116.596, 46.306 ], [ 116.181, 45.699 ], [ 115.339, 45.39 ], [ 114.567, 45.402 ], [ 113.617, 44.743 ], [ 111.96, 45.083 ], [ 111.411, 44.347 ], [ 111.971, 43.739 ], [ 110.967, 43.291 ], [ 110.433, 42.778 ], [ 109.309, 42.435 ], [ 107.446, 42.455 ], [ 104.985, 41.586 ], [ 104.518, 41.668 ], [ 104.517, 41.88 ], [ 103.415, 41.881 ], [ 102.07, 42.233 ], [ 101.798, 42.507 ], [ 100.842, 42.674 ], [ 99.505, 42.566 ], [ 97.189, 42.797 ], [ 96.399, 42.735 ], [ 96.382, 42.905 ], [ 95.921, 43.249 ], [ 95.537, 44.002 ], [ 95.326, 44.045 ], [ 95.413, 44.305 ], [ 94.739, 44.348 ], [ 93.556, 44.968 ], [ 90.893, 45.201 ], [ 90.671, 45.506 ], [ 91.032, 46.012 ], [ 90.898, 46.29 ], [ 91.081, 46.559 ], [ 90.345, 47.648 ], [ 89.982, 47.892 ], [ 89.747, 47.823 ], [ 89.557, 48.026 ], [ 89.07, 47.974 ], [ 88.625, 48.171 ], [ 88.595, 48.337 ], [ 87.982, 48.574 ], [ 88.088, 48.722 ], [ 87.747, 48.896 ], [ 87.91, 48.997 ], [ 87.825, 49.183 ], [ 88.192, 49.283 ], [ 88.097, 49.374 ], [ 88.205, 49.483 ], [ 89.128, 49.507 ], [ 89.7, 49.722 ], [ 89.652, 49.941 ], [ 90.95, 50.439 ], [ 91.437, 50.46 ], [ 91.757, 50.72 ], [ 92.196, 50.685 ], [ 92.34, 50.893 ], [ 92.616, 50.705 ], [ 93.009, 50.784 ], [ 93.104, 50.567 ], [ 94.276, 50.575 ], [ 94.619, 50.034 ], [ 96.634, 49.982 ], [ 97.316, 49.757 ], [ 98.254, 50.255 ], [ 98.323, 50.547 ], [ 98.049, 50.653 ], [ 97.828, 51.012 ], [ 98.023, 51.42 ], [ 98.234, 51.462 ], [ 98.315, 51.718 ], [ 98.711, 51.83 ], [ 98.88, 52.14 ], [ 100.0, 51.753 ] ] ] } },
{ "type": "Feature", "properties": { }, "geometry": { "type": "Polygon", "coordinates": [ [ [ 121.579, 25.293 ], [ 122.0, 25.01 ], [ 121.828, 24.859 ], [ 121.867, 24.537 ], [ 121.609, 24.08 ], [ 121.408, 23.123 ], [ 120.971, 22.553 ], [ 120.857, 21.903 ], [ 120.725, 21.92 ], [ 120.636, 22.301 ], [ 120.258, 22.607 ], [ 120.048, 23.048 ], [ 120.121, 23.606 ], [ 121.028, 25.022 ], [ 121.579, 25.293 ] ] ] } },
{ "type": "Feature", "properties": { }, "geometry": { "type": "MultiPolygon", "coordinates": [ [ [ [ 126.773, 33.564 ], [ 126.948, 33.454 ], [ 126.835, 33.303 ], [ 126.164, 33.284 ], [ 126.316, 33.465 ], [ 126.773, 33.564 ] ] ], [ [ [ 128.361, 38.615 ], [ 129.427, 37.059 ], [ 129.379, 36.021 ], [ 129.585, 36.016 ], [ 129.446, 35.489 ], [ 129.355, 35.541 ], [ 129.126, 35.09 ], [ 128.589, 35.209 ], [ 128.632, 35.064 ], [ 128.538, 35.114 ], [ 128.363, 35.04 ], [ 128.499, 35.013 ], [ 128.411, 34.991 ], [ 128.475, 34.886 ], [ 128.409, 34.829 ], [ 128.044, 34.932 ], [ 128.056, 35.081 ], [ 127.588, 34.945 ], [ 127.772, 34.854 ], [ 127.645, 34.622 ], [ 127.512, 34.89 ], [ 127.348, 34.835 ], [ 127.513, 34.584 ], [ 127.338, 34.439 ], [ 127.101, 34.506 ], [ 127.344, 34.707 ], [ 127.238, 34.772 ], [ 126.887, 34.42 ], [ 126.766, 34.612 ], [ 126.519, 34.286 ], [ 126.539, 34.577 ], [ 126.383, 34.529 ], [ 126.262, 34.693 ], [ 126.618, 34.623 ], [ 126.363, 34.741 ], [ 126.598, 34.76 ], [ 126.644, 34.813 ], [ 126.521, 34.908 ], [ 126.368, 34.78 ], [ 126.442, 34.973 ], [ 126.311, 34.924 ], [ 126.385, 35.03 ], [ 126.245, 35.111 ], [ 126.461, 35.068 ], [ 126.297, 35.23 ], [ 126.481, 35.517 ], [ 126.675, 35.532 ], [ 126.457, 35.635 ], [ 126.9, 35.909 ], [ 126.609, 35.886 ], [ 126.712, 36.0 ], [ 126.49, 36.133 ], [ 126.488, 36.419 ], [ 126.599, 36.467 ], [ 126.619, 36.484 ], [ 126.491, 36.442 ], [ 126.487, 36.728 ], [ 126.285, 36.585 ], [ 126.116, 36.769 ], [ 126.299, 36.976 ], [ 126.266, 36.802 ], [ 126.35, 36.796 ], [ 126.352, 37.007 ], [ 126.565, 36.886 ], [ 126.496, 37.059 ], [ 126.837, 36.821 ], [ 127.059, 36.991 ], [ 126.907, 36.913 ], [ 126.789, 36.998 ], [ 126.911, 37.034 ], [ 126.884, 37.077 ], [ 126.743, 37.041 ], [ 126.846, 37.163 ], [ 126.683, 37.108 ], [ 126.676, 37.257 ], [ 126.869, 37.263 ], [ 126.593, 37.447 ], [ 126.692, 37.467 ], [ 126.519, 37.762 ], [ 126.766, 37.618 ], [ 126.673, 37.954 ], [ 127.134, 38.31 ], [ 128.081, 38.311 ], [ 128.361, 38.615 ] ] ] ] } },
{ "type": "Feature", "properties": { }, "geometry": { "type": "Polygon", "coordinates": [ [ [ 112.337, 16.841 ], [ 112.349, 16.836 ], [ 112.336, 16.824 ], [ 112.329, 16.828 ], [ 112.333, 16.831 ], [ 112.329, 16.833 ], [ 112.327, 16.834 ], [ 112.326, 16.836 ], [ 112.326, 16.837 ], [ 112.337, 16.841 ] ] ] } },
{ "type": "Feature", "properties": { }, "geometry": { "type": "Polygon", "coordinates": [ [ [ 123.476, 25.752 ], [ 123.493, 25.743 ], [ 123.459, 25.735 ], [ 123.46, 25.744 ], [ 123.476, 25.752 ] ] ] } },
{ "type": "Feature", "properties": { }, "geometry": { "type": "Polygon", "coordinates": [ [ [ 129.957, 43.008 ], [ 130.261, 42.904 ], [ 130.251, 42.71 ], [ 130.514, 42.615 ], [ 130.675, 42.284 ], [ 130.386, 42.328 ], [ 129.762, 41.76 ], [ 129.65, 41.549 ], [ 129.809, 41.375 ], [ 129.734, 40.855 ], [ 129.221, 40.699 ], [ 128.317, 39.996 ], [ 127.564, 39.839 ], [ 127.566, 39.307 ], [ 127.502, 39.427 ], [ 127.332, 39.403 ], [ 127.466, 39.354 ], [ 127.444, 39.152 ], [ 127.745, 39.127 ], [ 128.359, 38.676 ], [ 128.216, 38.368 ], [ 127.134, 38.31 ], [ 126.585, 37.768 ], [ 126.409, 37.91 ], [ 126.132, 37.74 ], [ 126.057, 37.872 ], [ 125.586, 38.04 ], [ 125.728, 37.912 ], [ 125.341, 37.673 ], [ 125.509, 37.892 ], [ 125.283, 37.796 ], [ 125.239, 37.943 ], [ 124.976, 37.927 ], [ 125.26, 38.081 ], [ 124.654, 38.125 ], [ 124.997, 38.219 ], [ 124.857, 38.34 ], [ 125.119, 38.666 ], [ 125.562, 38.697 ], [ 125.282, 38.688 ], [ 125.125, 38.868 ], [ 125.432, 39.254 ], [ 125.426, 39.582 ], [ 125.274, 39.519 ], [ 124.763, 39.773 ], [ 124.745, 39.636 ], [ 124.607, 39.585 ], [ 124.567, 39.827 ], [ 124.316, 39.898 ], [ 124.404, 40.134 ], [ 125.708, 40.867 ], [ 126.022, 40.899 ], [ 126.53, 41.354 ], [ 126.692, 41.75 ], [ 126.941, 41.808 ], [ 127.254, 41.477 ], [ 128.113, 41.362 ], [ 128.312, 41.586 ], [ 128.08, 41.993 ], [ 128.916, 42.01 ], [ 129.345, 42.451 ], [ 129.703, 42.427 ], [ 129.957, 43.008 ] ] ] } },
{ "type": "Feature", "properties": { }, "geometry": { "type": "Polygon", "coordinates": [ [ [ 117.766, 15.205 ], [ 117.844, 15.147 ], [ 117.848, 15.125 ], [ 117.727, 15.131 ], [ 117.835, 15.107 ], [ 117.728, 15.118 ], [ 117.713, 15.216 ], [ 117.766, 15.205 ] ] ] } },
{ "type": "Feature", "properties": { }, "geometry": { "type": "MultiPolygon", "coordinates": [ [ [ [ 128.296, 26.839 ], [ 128.276, 26.668 ], [ 127.839, 26.428 ], [ 127.922, 26.29 ], [ 127.663, 26.079 ], [ 127.716, 26.433 ], [ 127.986, 26.577 ], [ 127.886, 26.702 ], [ 128.056, 26.633 ], [ 128.296, 26.839 ] ] ], [ [ [ 129.722, 28.451 ], [ 129.382, 28.108 ], [ 129.141, 28.247 ], [ 129.688, 28.519 ], [ 129.722, 28.451 ] ] ], [ [ [ 130.194, 32.543 ], [ 130.219, 32.332 ], [ 130.011, 32.185 ], [ 130.017, 32.524 ], [ 130.194, 32.543 ] ] ], [ [ [ 130.827, 33.923 ], [ 130.755, 33.87 ], [ 130.871, 33.942 ], [ 130.897, 33.883 ], [ 131.028, 33.954 ], [ 131.11, 33.613 ], [ 131.67, 33.663 ], [ 131.741, 33.467 ], [ 131.513, 33.269 ], [ 131.909, 33.26 ], [ 131.807, 33.121 ], [ 132.025, 33.053 ], [ 131.9, 32.929 ], [ 131.934, 32.955 ], [ 132.09, 32.925 ], [ 131.698, 32.607 ], [ 131.347, 31.356 ], [ 131.097, 31.458 ], [ 130.986, 31.349 ], [ 131.132, 31.268 ], [ 130.662, 30.989 ], [ 130.803, 31.326 ], [ 130.592, 31.575 ], [ 130.799, 31.689 ], [ 130.649, 31.713 ], [ 130.532, 31.519 ], [ 130.591, 31.152 ], [ 130.107, 31.408 ], [ 130.336, 31.543 ], [ 130.181, 32.09 ], [ 130.494, 32.29 ], [ 130.665, 32.628 ], [ 130.456, 32.619 ], [ 130.63, 32.77 ], [ 130.431, 33.098 ], [ 130.211, 33.191 ], [ 130.235, 32.962 ], [ 130.082, 32.843 ], [ 130.313, 32.873 ], [ 130.359, 32.676 ], [ 130.177, 32.584 ], [ 130.189, 32.783 ], [ 129.959, 32.76 ], [ 129.901, 32.653 ], [ 129.744, 32.563 ], [ 129.875, 32.737 ], [ 129.639, 32.927 ], [ 129.677, 33.088 ], [ 129.794, 32.86 ], [ 129.852, 32.825 ], [ 130.015, 32.838 ], [ 129.565, 33.324 ], [ 129.87, 33.274 ], [ 129.851, 33.551 ], [ 129.995, 33.426 ], [ 130.21, 33.662 ], [ 130.404, 33.593 ], [ 130.529, 33.884 ], [ 130.827, 33.923 ] ] ], [ [ [ 134.163, 34.358 ], [ 134.621, 34.248 ], [ 134.563, 34.042 ], [ 134.75, 33.84 ], [ 134.316, 33.571 ], [ 134.184, 33.24 ], [ 133.749, 33.532 ], [ 133.298, 33.401 ], [ 132.981, 32.946 ], [ 133.01, 32.714 ], [ 132.634, 32.756 ], [ 132.725, 32.92 ], [ 132.381, 33.017 ], [ 132.506, 33.118 ], [ 132.398, 33.202 ], [ 132.558, 33.215 ], [ 132.376, 33.315 ], [ 132.427, 33.458 ], [ 132.027, 33.341 ], [ 132.657, 33.696 ], [ 132.899, 34.119 ], [ 133.137, 33.913 ], [ 133.521, 33.967 ], [ 133.651, 34.113 ], [ 133.566, 34.262 ], [ 134.163, 34.358 ] ] ], [ [ [ 134.959, 34.481 ], [ 134.959, 34.267 ], [ 134.664, 34.238 ], [ 135.01, 34.605 ], [ 134.959, 34.481 ] ] ], [ [ [ 138.524, 38.322 ], [ 138.509, 37.926 ], [ 138.219, 37.809 ], [ 138.345, 37.969 ], [ 138.243, 38.083 ], [ 138.524, 38.322 ] ] ], [ [ [ 141.019, 41.483 ], [ 141.287, 41.35 ], [ 141.474, 41.43 ], [ 141.451, 40.64 ], [ 141.778, 40.342 ], [ 141.951, 39.591 ], [ 142.074, 39.552 ], [ 141.924, 39.105 ], [ 141.624, 39.004 ], [ 141.679, 38.86 ], [ 141.45, 38.666 ], [ 141.525, 38.269 ], [ 141.086, 38.388 ], [ 140.895, 38.04 ], [ 140.985, 37.002 ], [ 140.807, 36.91 ], [ 140.565, 36.27 ], [ 140.881, 35.722 ], [ 140.479, 35.555 ], [ 140.328, 35.137 ], [ 139.937, 34.91 ], [ 139.765, 34.958 ], [ 139.868, 35.004 ], [ 139.784, 35.312 ], [ 140.132, 35.57 ], [ 139.963, 35.687 ], [ 139.638, 35.468 ], [ 139.683, 35.14 ], [ 139.546, 35.304 ], [ 139.154, 35.232 ], [ 139.147, 34.891 ], [ 138.848, 34.601 ], [ 138.768, 34.965 ], [ 138.914, 35.046 ], [ 138.757, 35.128 ], [ 138.368, 34.913 ], [ 138.236, 34.595 ], [ 137.592, 34.691 ], [ 137.019, 34.578 ], [ 137.353, 34.78 ], [ 137.03, 34.786 ], [ 136.979, 34.913 ], [ 136.921, 34.703 ], [ 136.901, 35.099 ], [ 136.717, 35.063 ], [ 136.531, 34.612 ], [ 136.927, 34.446 ], [ 136.907, 34.277 ], [ 136.351, 34.209 ], [ 135.763, 33.429 ], [ 135.065, 33.882 ], [ 135.203, 34.145 ], [ 135.076, 34.294 ], [ 135.477, 34.604 ], [ 135.344, 34.728 ], [ 135.048, 34.627 ], [ 134.661, 34.791 ], [ 134.194, 34.741 ], [ 133.938, 34.449 ], [ 133.491, 34.513 ], [ 132.658, 34.2 ], [ 132.426, 34.385 ], [ 132.228, 34.238 ], [ 132.146, 33.829 ], [ 131.749, 34.065 ], [ 131.23, 33.912 ], [ 131.044, 34.056 ], [ 130.925, 33.906 ], [ 130.878, 33.941 ], [ 130.978, 34.44 ], [ 131.418, 34.424 ], [ 132.634, 35.285 ], [ 132.632, 35.431 ], [ 133.085, 35.601 ], [ 133.411, 35.452 ], [ 135.229, 35.779 ], [ 135.316, 35.449 ], [ 135.466, 35.603 ], [ 135.72, 35.483 ], [ 136.022, 35.764 ], [ 136.03, 35.684 ], [ 136.083, 35.667 ], [ 135.962, 35.985 ], [ 136.69, 36.722 ], [ 136.761, 37.363 ], [ 137.357, 37.501 ], [ 136.866, 37.107 ], [ 137.064, 37.108 ], [ 136.988, 36.873 ], [ 137.227, 36.736 ], [ 138.551, 37.369 ], [ 138.83, 37.8 ], [ 139.419, 38.149 ], [ 139.835, 38.911 ], [ 140.07, 39.683 ], [ 139.965, 39.893 ], [ 139.704, 39.941 ], [ 140.02, 40.244 ], [ 139.863, 40.61 ], [ 140.253, 40.793 ], [ 140.343, 41.257 ], [ 140.644, 41.18 ], [ 140.735, 40.831 ], [ 140.873, 41.013 ], [ 141.167, 40.887 ], [ 141.19, 41.279 ], [ 140.77, 41.144 ], [ 140.915, 41.544 ], [ 141.019, 41.483 ] ] ], [ [ [ 141.94, 45.523 ], [ 143.015, 44.545 ], [ 144.344, 43.964 ], [ 144.794, 43.933 ], [ 145.344, 44.338 ], [ 145.064, 43.803 ], [ 145.354, 43.573 ], [ 145.192, 43.621 ], [ 145.394, 43.295 ], [ 145.288, 43.349 ], [ 145.228, 43.331 ], [ 145.511, 43.224 ], [ 145.653, 43.388 ], [ 145.821, 43.38 ], [ 145.516, 43.156 ], [ 144.967, 42.979 ], [ 144.861, 43.086 ], [ 144.78, 42.931 ], [ 144.266, 42.999 ], [ 143.92, 42.87 ], [ 143.413, 42.439 ], [ 143.248, 41.921 ], [ 141.816, 42.608 ], [ 141.432, 42.576 ], [ 141.003, 42.296 ], [ 140.707, 42.58 ], [ 140.476, 42.582 ], [ 140.293, 42.247 ], [ 141.194, 41.801 ], [ 140.65, 41.817 ], [ 140.416, 41.516 ], [ 140.082, 41.418 ], [ 139.984, 41.605 ], [ 140.145, 41.926 ], [ 139.776, 42.258 ], [ 139.826, 42.611 ], [ 140.522, 42.987 ], [ 140.345, 43.33 ], [ 141.169, 43.143 ], [ 141.425, 43.325 ], [ 141.331, 43.727 ], [ 141.644, 43.948 ], [ 141.793, 44.614 ], [ 141.568, 45.206 ], [ 141.649, 45.45 ], [ 141.94, 45.523 ] ] ] ] } },
{ "type": "Feature", "properties": { }, "geometry": { "type": "Polygon", "coordinates": [ [ [ 114.225, 22.556 ], [ 114.335, 22.503 ], [ 114.161, 22.449 ], [ 114.189, 22.372 ], [ 114.398, 22.433 ], [ 114.296, 22.253 ], [ 113.901, 22.403 ], [ 114.225, 22.556 ] ] ] } },
{ "type": "Feature", "properties": { }, "geometry": { "type": "MultiPolygon", "coordinates": [ [ [ [ 110.702, 20.12 ], [ 110.932, 20.01 ], [ 111.038, 19.643 ], [ 110.792, 19.614 ], [ 110.485, 19.17 ], [ 110.538, 18.781 ], [ 110.414, 18.665 ], [ 110.052, 18.382 ], [ 109.751, 18.406 ], [ 109.573, 18.161 ], [ 108.692, 18.507 ], [ 108.634, 19.271 ], [ 109.303, 19.717 ], [ 109.165, 19.713 ], [ 109.268, 19.904 ], [ 109.537, 19.84 ], [ 109.694, 20.008 ], [ 109.999, 19.899 ], [ 110.381, 20.088 ], [ 110.614, 19.919 ], [ 110.571, 20.09 ], [ 110.702, 20.12 ] ] ], [ [ [ 121.375, 31.824 ], [ 121.886, 31.557 ], [ 121.865, 31.495 ], [ 121.154, 31.784 ], [ 121.375, 31.824 ] ] ], [ [ [ 123.389, 53.536 ], [ 124.87, 53.101 ], [ 125.155, 53.201 ], [ 125.598, 53.081 ], [ 125.733, 52.986 ], [ 125.659, 52.86 ], [ 126.103, 52.769 ], [ 125.965, 52.616 ], [ 126.428, 52.29 ], [ 126.301, 52.203 ], [ 126.55, 52.13 ], [ 126.451, 51.947 ], [ 126.904, 51.395 ], [ 126.813, 51.266 ], [ 126.966, 51.325 ], [ 126.91, 51.061 ], [ 127.295, 50.746 ], [ 127.321, 50.332 ], [ 127.597, 50.236 ], [ 127.541, 49.805 ], [ 127.819, 49.59 ], [ 128.76, 49.591 ], [ 129.095, 49.354 ], [ 129.512, 49.422 ], [ 130.229, 48.868 ], [ 130.671, 48.879 ], [ 130.529, 48.614 ], [ 130.839, 48.299 ], [ 130.659, 48.097 ], [ 130.986, 47.703 ], [ 132.551, 47.716 ], [ 132.664, 47.953 ], [ 133.068, 48.118 ], [ 134.526, 48.415 ], [ 134.732, 48.378 ], [ 134.548, 47.987 ], [ 134.779, 47.725 ], [ 134.176, 47.329 ], [ 134.226, 47.108 ], [ 133.839, 46.469 ], [ 133.906, 46.256 ], [ 133.682, 46.154 ], [ 133.458, 45.621 ], [ 133.178, 45.497 ], [ 133.125, 45.127 ], [ 132.937, 45.016 ], [ 131.875, 45.341 ], [ 131.49, 44.966 ], [ 130.958, 44.852 ], [ 131.299, 44.047 ], [ 131.185, 43.559 ], [ 131.308, 43.403 ], [ 131.118, 42.921 ], [ 130.396, 42.724 ], [ 130.591, 42.657 ], [ 130.634, 42.414 ], [ 130.252, 42.708 ], [ 130.26, 42.905 ], [ 129.909, 43.007 ], [ 129.704, 42.427 ], [ 129.345, 42.451 ], [ 128.916, 42.01 ], [ 128.08, 41.993 ], [ 128.312, 41.586 ], [ 128.112, 41.362 ], [ 127.254, 41.477 ], [ 126.941, 41.808 ], [ 126.691, 41.75 ], [ 126.53, 41.354 ], [ 126.022, 40.899 ], [ 124.896, 40.48 ], [ 124.153, 39.829 ], [ 123.655, 39.911 ], [ 123.429, 39.726 ], [ 123.287, 39.828 ], [ 123.274, 39.689 ], [ 122.219, 39.339 ], [ 122.064, 39.062 ], [ 121.828, 39.042 ], [ 121.88, 38.948 ], [ 121.706, 39.057 ], [ 121.583, 38.944 ], [ 121.7, 38.863 ], [ 121.19, 38.716 ], [ 121.097, 38.922 ], [ 121.652, 39.076 ], [ 121.59, 39.263 ], [ 121.937, 39.399 ], [ 121.252, 39.381 ], [ 121.552, 39.538 ], [ 121.473, 39.792 ], [ 121.888, 39.987 ], [ 122.28, 40.468 ], [ 121.804, 40.953 ], [ 121.746, 40.836 ], [ 121.189, 40.937 ], [ 120.971, 40.823 ], [ 121.025, 40.708 ], [ 120.589, 40.457 ], [ 120.444, 40.193 ], [ 119.394, 39.79 ], [ 119.282, 39.399 ], [ 118.988, 39.191 ], [ 118.318, 39.038 ], [ 118.033, 39.227 ], [ 117.723, 39.093 ], [ 117.522, 38.686 ], [ 117.662, 38.421 ], [ 118.037, 38.127 ], [ 118.52, 38.044 ], [ 118.841, 38.209 ], [ 119.077, 37.728 ], [ 118.89, 37.288 ], [ 119.117, 37.204 ], [ 119.709, 37.14 ], [ 119.881, 37.231 ], [ 119.843, 37.368 ], [ 120.3, 37.588 ], [ 120.221, 37.683 ], [ 120.735, 37.84 ], [ 121.571, 37.418 ], [ 122.117, 37.554 ], [ 122.157, 37.422 ], [ 122.704, 37.388 ], [ 122.384, 37.028 ], [ 122.571, 37.04 ], [ 122.514, 36.898 ], [ 122.178, 36.846 ], [ 122.195, 37.049 ], [ 121.636, 36.741 ], [ 121.444, 36.864 ], [ 121.375, 36.704 ], [ 120.773, 36.622 ], [ 120.974, 36.54 ], [ 120.883, 36.373 ], [ 120.7, 36.439 ], [ 120.711, 36.135 ], [ 120.282, 36.048 ], [ 120.324, 36.273 ], [ 120.115, 36.201 ], [ 120.293, 35.976 ], [ 119.858, 35.612 ], [ 119.619, 35.611 ], [ 119.175, 34.928 ], [ 119.206, 34.756 ], [ 119.474, 34.727 ], [ 119.783, 34.414 ], [ 120.288, 34.303 ], [ 120.248, 34.088 ], [ 120.479, 33.824 ], [ 120.391, 33.739 ], [ 120.834, 32.979 ], [ 120.831, 32.618 ], [ 121.353, 32.4 ], [ 121.31, 32.205 ], [ 121.705, 32.042 ], [ 121.878, 31.79 ], [ 121.84, 31.692 ], [ 121.288, 31.886 ], [ 120.95, 31.801 ], [ 120.819, 32.0 ], [ 120.522, 32.093 ], [ 120.263, 31.947 ], [ 120.728, 31.985 ], [ 120.721, 31.834 ], [ 121.677, 31.321 ], [ 121.896, 30.976 ], [ 121.004, 30.562 ], [ 120.905, 30.371 ], [ 120.263, 30.295 ], [ 120.505, 30.316 ], [ 120.593, 30.115 ], [ 120.678, 30.094 ], [ 121.28, 30.312 ], [ 121.678, 29.962 ], [ 122.131, 29.898 ], [ 121.423, 29.466 ], [ 121.488, 29.373 ], [ 121.997, 29.598 ], [ 121.968, 29.197 ], [ 121.801, 29.198 ], [ 121.809, 29.379 ], [ 121.741, 29.189 ], [ 121.669, 29.321 ], [ 121.396, 29.109 ], [ 121.706, 29.017 ], [ 121.496, 28.935 ], [ 121.68, 28.832 ], [ 121.625, 28.719 ], [ 121.442, 28.685 ], [ 121.667, 28.344 ], [ 121.406, 28.305 ], [ 121.358, 28.139 ], [ 121.171, 28.389 ], [ 120.958, 27.985 ], [ 120.643, 28.037 ], [ 120.847, 27.873 ], [ 120.597, 27.595 ], [ 120.684, 27.474 ], [ 120.517, 27.196 ], [ 120.027, 26.867 ], [ 120.137, 26.793 ], [ 120.115, 26.631 ], [ 119.837, 26.521 ], [ 120.081, 26.801 ], [ 119.864, 26.65 ], [ 119.847, 26.86 ], [ 119.724, 26.703 ], [ 119.574, 26.793 ], [ 119.554, 26.617 ], [ 119.831, 26.445 ], [ 119.571, 26.499 ], [ 119.581, 26.421 ], [ 119.958, 26.37 ], [ 119.585, 26.131 ], [ 119.712, 25.962 ], [ 119.463, 25.63 ], [ 119.595, 25.593 ], [ 119.655, 25.351 ], [ 119.483, 25.367 ], [ 119.465, 25.514 ], [ 119.366, 25.527 ], [ 119.369, 25.607 ], [ 119.315, 25.611 ], [ 119.108, 25.424 ], [ 119.372, 25.248 ], [ 119.129, 25.272 ], [ 119.107, 25.111 ], [ 118.976, 25.228 ], [ 118.995, 25.267 ], [ 119.046, 25.253 ], [ 119.071, 25.284 ], [ 118.879, 25.255 ], [ 118.966, 25.119 ], [ 118.832, 25.08 ], [ 119.029, 24.958 ], [ 118.714, 24.845 ], [ 118.747, 24.905 ], [ 118.659, 24.977 ], [ 118.632, 24.777 ], [ 118.782, 24.769 ], [ 118.653, 24.555 ], [ 118.438, 24.722 ], [ 118.234, 24.536 ], [ 118.165, 24.683 ], [ 117.972, 24.555 ], [ 118.04, 24.444 ], [ 117.874, 24.434 ], [ 118.143, 24.268 ], [ 117.767, 23.919 ], [ 117.777, 24.052 ], [ 117.646, 24.073 ], [ 117.702, 23.956 ], [ 117.585, 23.722 ], [ 117.592, 23.889 ], [ 117.412, 23.954 ], [ 117.489, 23.832 ], [ 117.242, 23.608 ], [ 116.921, 23.663 ], [ 116.77, 23.356 ], [ 116.533, 23.421 ], [ 116.801, 23.237 ], [ 116.573, 23.181 ], [ 116.5, 22.946 ], [ 115.816, 22.74 ], [ 115.623, 22.871 ], [ 115.568, 22.653 ], [ 115.223, 22.782 ], [ 115.324, 22.916 ], [ 114.878, 22.542 ], [ 114.741, 22.582 ], [ 114.822, 22.787 ], [ 114.776, 22.833 ], [ 114.514, 22.699 ], [ 114.62, 22.508 ], [ 114.506, 22.444 ], [ 114.392, 22.609 ], [ 113.888, 22.467 ], [ 113.784, 22.753 ], [ 113.662, 22.746 ], [ 113.531, 23.053 ], [ 113.517, 23.047 ], [ 113.476, 23.086 ], [ 113.433, 23.093 ], [ 113.616, 22.755 ], [ 113.343, 22.798 ], [ 113.568, 22.589 ], [ 113.446, 22.589 ], [ 113.567, 22.557 ], [ 113.587, 22.243 ], [ 113.448, 22.173 ], [ 113.278, 22.376 ], [ 113.266, 22.058 ], [ 113.115, 22.075 ], [ 113.08, 22.468 ], [ 112.963, 22.505 ], [ 113.087, 22.201 ], [ 112.953, 21.87 ], [ 112.895, 21.861 ], [ 112.838, 22.007 ], [ 112.83, 22.019 ], [ 112.803, 22.025 ], [ 112.562, 21.757 ], [ 112.392, 22.077 ], [ 112.344, 21.711 ], [ 112.205, 21.849 ], [ 111.912, 21.822 ], [ 112.049, 21.777 ], [ 111.871, 21.669 ], [ 111.675, 21.796 ], [ 111.786, 21.619 ], [ 111.64, 21.516 ], [ 111.421, 21.595 ], [ 111.446, 21.533 ], [ 111.257, 21.413 ], [ 111.033, 21.536 ], [ 110.859, 21.382 ], [ 110.781, 21.51 ], [ 110.629, 21.227 ], [ 110.431, 21.189 ], [ 110.459, 21.413 ], [ 110.419, 21.37 ], [ 110.402, 21.456 ], [ 110.326, 21.433 ], [ 110.402, 21.189 ], [ 110.226, 21.022 ], [ 110.208, 21.103 ], [ 110.16, 21.131 ], [ 110.161, 20.914 ], [ 110.381, 20.84 ], [ 110.305, 20.654 ], [ 110.534, 20.476 ], [ 110.286, 20.24 ], [ 109.926, 20.229 ], [ 109.866, 20.408 ], [ 110.011, 20.442 ], [ 109.823, 20.509 ], [ 109.664, 20.916 ], [ 109.764, 21.347 ], [ 109.953, 21.484 ], [ 109.675, 21.5 ], [ 109.569, 21.762 ], [ 109.536, 21.502 ], [ 109.156, 21.402 ], [ 109.076, 21.657 ], [ 108.909, 21.618 ], [ 108.908, 21.784 ], [ 108.868, 21.754 ], [ 108.871, 21.809 ], [ 108.781, 21.821 ], [ 108.864, 21.641 ], [ 108.739, 21.607 ], [ 108.477, 21.935 ], [ 108.47, 21.562 ], [ 108.358, 21.757 ], [ 108.225, 21.507 ], [ 108.227, 21.629 ], [ 107.362, 21.598 ], [ 107.048, 21.931 ], [ 106.686, 21.969 ], [ 106.563, 22.464 ], [ 106.827, 22.816 ], [ 106.127, 22.997 ], [ 105.876, 22.92 ], [ 105.323, 23.393 ], [ 104.821, 23.118 ], [ 104.732, 22.823 ], [ 104.373, 22.686 ], [ 104.115, 22.811 ], [ 103.975, 22.506 ], [ 103.659, 22.79 ], [ 103.53, 22.595 ], [ 103.323, 22.814 ], [ 103.083, 22.44 ], [ 102.481, 22.781 ], [ 102.261, 22.413 ], [ 101.692, 22.473 ], [ 101.535, 22.245 ], [ 101.835, 21.627 ], [ 101.817, 21.142 ], [ 101.251, 21.202 ], [ 101.119, 21.777 ], [ 100.579, 21.451 ], [ 100.131, 21.507 ], [ 99.972, 22.059 ], [ 99.156, 22.163 ], [ 99.382, 22.496 ], [ 99.315, 22.739 ], [ 99.566, 22.933 ], [ 99.51, 23.085 ], [ 98.885, 23.183 ], [ 98.891, 23.617 ], [ 98.672, 23.807 ], [ 98.878, 24.156 ], [ 98.111, 24.096 ], [ 97.648, 23.843 ], [ 97.529, 23.929 ], [ 97.754, 24.167 ], [ 97.67, 24.457 ], [ 97.529, 24.436 ], [ 97.553, 24.749 ], [ 97.798, 24.852 ], [ 97.721, 25.085 ], [ 98.138, 25.387 ], [ 98.168, 25.626 ], [ 98.316, 25.549 ], [ 98.709, 25.86 ], [ 98.574, 26.121 ], [ 98.717, 26.129 ], [ 98.783, 26.605 ], [ 98.708, 27.558 ], [ 98.443, 27.669 ], [ 98.317, 27.523 ], [ 98.141, 28.144 ], [ 97.664, 28.538 ], [ 97.347, 28.208 ], [ 97.136, 28.37 ], [ 96.271, 28.408 ], [ 96.623, 28.78 ], [ 96.515, 29.075 ], [ 96.173, 28.902 ], [ 96.124, 29.077 ], [ 96.397, 29.252 ], [ 96.098, 29.452 ], [ 95.261, 29.073 ], [ 94.691, 29.312 ], [ 94.424, 29.214 ], [ 93.941, 28.772 ], [ 93.294, 28.631 ], [ 93.224, 28.358 ], [ 92.69, 28.122 ], [ 92.703, 27.947 ], [ 91.999, 27.726 ], [ 91.642, 27.758 ], [ 91.335, 28.065 ], [ 91.033, 27.858 ], [ 90.7, 28.08 ], [ 89.793, 28.248 ], [ 89.237, 27.8 ], [ 89.094, 27.495 ], [ 89.181, 27.377 ], [ 88.982, 27.213 ], [ 88.781, 27.467 ], [ 88.841, 28.01 ], [ 88.643, 28.115 ], [ 88.109, 27.868 ], [ 87.831, 27.952 ], [ 87.725, 27.807 ], [ 87.172, 27.822 ], [ 86.708, 28.104 ], [ 86.413, 27.908 ], [ 86.174, 28.165 ], [ 86.042, 27.9 ], [ 85.715, 28.384 ], [ 85.603, 28.256 ], [ 85.123, 28.336 ], [ 85.178, 28.645 ], [ 84.855, 28.572 ], [ 84.419, 28.737 ], [ 84.103, 29.296 ], [ 83.582, 29.181 ], [ 83.264, 29.574 ], [ 82.175, 30.071 ], [ 82.102, 30.349 ], [ 81.416, 30.423 ], [ 81.391, 30.202 ], [ 81.13, 30.019 ], [ 81.014, 30.262 ], [ 80.218, 30.583 ], [ 80.189, 30.803 ], [ 79.425, 31.021 ], [ 79.072, 31.455 ], [ 78.784, 31.311 ], [ 78.779, 31.975 ], [ 78.474, 32.24 ], [ 78.393, 32.533 ], [ 78.74, 32.706 ], [ 78.969, 32.335 ], [ 79.545, 32.607 ], [ 79.352, 32.979 ], [ 79.41, 33.179 ], [ 78.96, 33.345 ], [ 78.899, 33.592 ], [ 79.087, 33.638 ], [ 78.904, 33.997 ], [ 79.408, 34.008 ], [ 79.516, 34.461 ], [ 79.725, 34.433 ], [ 80.059, 34.674 ], [ 80.332, 35.477 ], [ 80.199, 35.556 ], [ 80.036, 35.411 ], [ 79.415, 35.984 ], [ 78.704, 35.919 ], [ 77.688, 35.449 ], [ 76.759, 35.657 ], [ 76.574, 35.922 ], [ 76.157, 35.825 ], [ 75.947, 36.071 ], [ 76.062, 36.231 ], [ 75.858, 36.67 ], [ 75.455, 36.721 ], [ 75.41, 36.955 ], [ 74.9, 36.935 ], [ 74.461, 37.129 ], [ 75.124, 37.327 ], [ 74.897, 37.658 ], [ 74.996, 37.767 ], [ 74.786, 38.186 ], [ 74.867, 38.498 ], [ 74.366, 38.655 ], [ 73.79, 38.605 ], [ 73.702, 38.867 ], [ 73.845, 38.977 ], [ 73.559, 39.251 ], [ 73.938, 39.594 ], [ 73.831, 39.771 ], [ 73.945, 40.023 ], [ 74.899, 40.337 ], [ 74.828, 40.525 ], [ 75.219, 40.441 ], [ 75.593, 40.659 ], [ 75.7, 40.277 ], [ 76.293, 40.461 ], [ 76.332, 40.36 ], [ 76.864, 41.021 ], [ 78.059, 41.033 ], [ 78.392, 41.41 ], [ 79.411, 41.841 ], [ 79.67, 41.79 ], [ 79.882, 42.038 ], [ 80.283, 42.06 ], [ 80.172, 42.66 ], [ 80.258, 42.828 ], [ 80.591, 42.896 ], [ 80.395, 43.047 ], [ 80.8, 43.18 ], [ 80.343, 44.481 ], [ 80.482, 44.733 ], [ 79.845, 44.9 ], [ 81.69, 45.367 ], [ 81.955, 45.157 ], [ 82.486, 45.121 ], [ 82.604, 45.432 ], [ 82.272, 45.571 ], [ 83.031, 47.212 ], [ 84.038, 46.965 ], [ 84.686, 47.005 ], [ 84.806, 46.827 ], [ 85.53, 47.059 ], [ 85.704, 47.28 ], [ 85.542, 47.939 ], [ 85.702, 48.329 ], [ 86.589, 48.543 ], [ 86.811, 48.828 ], [ 86.73, 49.0 ], [ 87.135, 49.151 ], [ 87.825, 49.183 ], [ 87.91, 48.997 ], [ 87.747, 48.896 ], [ 88.092, 48.713 ], [ 87.965, 48.59 ], [ 88.509, 48.402 ], [ 88.625, 48.171 ], [ 89.07, 47.974 ], [ 89.557, 48.026 ], [ 89.747, 47.823 ], [ 89.982, 47.892 ], [ 90.345, 47.648 ], [ 91.081, 46.559 ], [ 90.898, 46.29 ], [ 91.032, 46.012 ], [ 90.671, 45.506 ], [ 90.893, 45.201 ], [ 93.556, 44.968 ], [ 94.739, 44.348 ], [ 95.413, 44.305 ], [ 95.326, 44.045 ], [ 95.537, 44.002 ], [ 95.921, 43.249 ], [ 96.382, 42.905 ], [ 96.399, 42.735 ], [ 97.189, 42.797 ], [ 99.505, 42.566 ], [ 100.842, 42.674 ], [ 101.798, 42.507 ], [ 102.07, 42.233 ], [ 103.415, 41.881 ], [ 104.517, 41.88 ], [ 104.518, 41.668 ], [ 104.985, 41.586 ], [ 107.446, 42.455 ], [ 109.53, 42.463 ], [ 110.433, 42.778 ], [ 110.967, 43.291 ], [ 111.923, 43.678 ], [ 111.905, 43.891 ], [ 111.411, 44.347 ], [ 111.96, 45.083 ], [ 113.617, 44.743 ], [ 114.567, 45.402 ], [ 115.339, 45.39 ], [ 116.181, 45.699 ], [ 116.596, 46.306 ], [ 117.326, 46.361 ], [ 117.436, 46.587 ], [ 118.871, 46.779 ], [ 119.306, 46.624 ], [ 119.908, 46.689 ], [ 119.709, 47.184 ], [ 118.561, 47.995 ], [ 117.79, 48.023 ], [ 117.366, 47.655 ], [ 116.844, 47.903 ], [ 116.247, 47.885 ], [ 115.942, 47.685 ], [ 115.56, 47.926 ], [ 115.529, 48.138 ], [ 115.813, 48.257 ], [ 115.784, 48.515 ], [ 116.721, 49.85 ], [ 117.803, 49.519 ], [ 119.342, 50.166 ], [ 119.356, 50.356 ], [ 119.121, 50.381 ], [ 119.279, 50.608 ], [ 120.086, 51.68 ], [ 120.658, 51.931 ], [ 120.779, 52.165 ], [ 120.616, 52.355 ], [ 120.733, 52.546 ], [ 120.06, 52.591 ], [ 120.028, 52.777 ], [ 120.88, 53.292 ], [ 123.389, 53.536 ] ] ] ] } },
{ "type": "Feature", "properties": { }, "geometry": { "type": "MultiPolygon", "coordinates": [ [ [ [ 79.227, 31.33 ], [ 79.421, 31.076 ], [ 79.321, 30.962 ], [ 79.008, 31.047 ], [ 78.888, 31.272 ], [ 79.072, 31.455 ], [ 79.227, 31.33 ] ] ], [ [ [ 79.212, 33.195 ], [ 79.41, 33.179 ], [ 79.352, 32.979 ], [ 79.564, 32.671 ], [ 79.312, 32.487 ], [ 79.212, 33.195 ] ] ] ] } },
{ "type": "Feature", "properties": { }, "geometry": { "type": "Polygon", "coordinates": [ [ [ 78.948, 33.379 ], [ 78.683, 33.657 ], [ 78.779, 33.738 ], [ 78.651, 34.053 ], [ 79.042, 34.331 ], [ 78.271, 34.632 ], [ 78.012, 35.238 ], [ 78.138, 35.495 ], [ 77.924, 35.494 ], [ 78.704, 35.919 ], [ 79.415, 35.984 ], [ 80.036, 35.411 ], [ 80.199, 35.556 ], [ 80.343, 35.44 ], [ 80.059, 34.674 ], [ 79.725, 34.433 ], [ 79.516, 34.461 ], [ 79.42, 34.019 ], [ 78.904, 33.997 ], [ 79.087, 33.638 ], [ 78.899, 33.592 ], [ 78.948, 33.379 ] ] ] } },
{ "type": "Feature", "properties": { }, "geometry": { "type": "Polygon", "coordinates": [ [ [ 94.683, 16.298 ], [ 94.705, 16.361 ], [ 94.737, 16.354 ], [ 94.755, 16.384 ], [ 94.786, 16.356 ], [ 94.813, 16.356 ], [ 94.825, 16.37 ], [ 94.752, 16.391 ], [ 94.712, 16.376 ], [ 94.8, 16.591 ], [ 94.69, 16.493 ], [ 94.742, 16.633 ], [ 94.722, 16.687 ], [ 94.745, 16.696 ], [ 94.689, 16.74 ], [ 94.653, 16.34 ], [ 94.244, 15.954 ], [ 94.262, 16.531 ], [ 94.611, 17.55 ], [ 94.141, 18.736 ], [ 94.174, 18.714 ], [ 94.28, 18.735 ], [ 94.031, 18.863 ], [ 94.044, 18.885 ], [ 94.074, 18.868 ], [ 94.135, 18.892 ], [ 94.031, 18.901 ], [ 94.076, 19.375 ], [ 93.909, 19.199 ], [ 93.932, 18.847 ], [ 93.472, 19.367 ], [ 93.809, 19.226 ], [ 93.956, 19.306 ], [ 94.011, 19.381 ], [ 93.775, 19.301 ], [ 93.652, 19.444 ], [ 93.687, 19.565 ], [ 93.858, 19.44 ], [ 93.976, 19.419 ], [ 93.997, 19.453 ], [ 93.722, 19.626 ], [ 93.819, 19.711 ], [ 93.706, 19.703 ], [ 93.791, 19.769 ], [ 93.801, 19.891 ], [ 93.793, 19.916 ], [ 93.416, 19.971 ], [ 93.325, 20.404 ], [ 93.246, 20.245 ], [ 93.117, 20.186 ], [ 93.217, 20.286 ], [ 93.251, 20.426 ], [ 93.124, 20.328 ], [ 93.174, 20.399 ], [ 93.094, 20.38 ], [ 93.105, 20.531 ], [ 93.07, 20.602 ], [ 93.022, 20.622 ], [ 93.028, 20.644 ], [ 93.018, 20.612 ], [ 93.081, 20.541 ], [ 93.004, 20.278 ], [ 92.897, 20.109 ], [ 92.769, 20.193 ], [ 92.945, 20.316 ], [ 92.933, 20.433 ], [ 92.752, 20.479 ], [ 92.732, 20.57 ], [ 92.749, 20.578 ], [ 92.752, 20.587 ], [ 92.747, 20.599 ], [ 92.549, 20.849 ], [ 92.728, 20.26 ], [ 92.377, 20.696 ], [ 92.201, 21.326 ], [ 92.381, 21.48 ], [ 92.681, 21.285 ], [ 92.694, 22.147 ], [ 92.906, 21.947 ], [ 93.196, 22.251 ], [ 93.131, 23.044 ], [ 93.388, 23.136 ], [ 93.438, 23.68 ], [ 93.331, 24.08 ], [ 94.161, 23.855 ], [ 94.74, 25.022 ], [ 94.579, 25.211 ], [ 94.631, 25.387 ], [ 95.183, 26.064 ], [ 95.144, 26.611 ], [ 96.094, 27.224 ], [ 96.608, 27.367 ], [ 97.144, 27.094 ], [ 96.888, 27.608 ], [ 97.383, 27.884 ], [ 97.35, 28.241 ], [ 97.652, 28.542 ], [ 98.141, 28.144 ], [ 98.317, 27.523 ], [ 98.443, 27.669 ], [ 98.706, 27.563 ], [ 98.783, 26.605 ], [ 98.717, 26.129 ], [ 98.574, 26.121 ], [ 98.709, 25.86 ], [ 98.316, 25.549 ], [ 98.168, 25.626 ], [ 98.138, 25.387 ], [ 97.72, 25.083 ], [ 97.798, 24.852 ], [ 97.551, 24.744 ], [ 97.529, 24.436 ], [ 97.769, 24.265 ], [ 97.529, 23.929 ], [ 97.648, 23.843 ], [ 98.111, 24.096 ], [ 98.878, 24.156 ], [ 98.672, 23.807 ], [ 98.891, 23.617 ], [ 98.885, 23.183 ], [ 99.51, 23.085 ], [ 99.566, 22.933 ], [ 99.315, 22.739 ], [ 99.382, 22.496 ], [ 99.168, 22.15 ], [ 99.972, 22.059 ], [ 99.944, 21.825 ], [ 100.168, 21.486 ], [ 100.587, 21.453 ], [ 101.088, 21.776 ], [ 101.17, 21.603 ], [ 100.723, 21.31 ], [ 100.51, 20.895 ], [ 100.648, 20.88 ], [ 100.254, 20.751 ], [ 100.085, 20.353 ], [ 99.961, 20.465 ], [ 99.682, 20.316 ], [ 99.459, 20.391 ], [ 99.537, 20.147 ], [ 99.073, 20.099 ], [ 98.93, 19.747 ], [ 98.249, 19.676 ], [ 98.034, 19.811 ], [ 97.668, 18.938 ], [ 97.769, 18.578 ], [ 97.344, 18.576 ], [ 97.501, 18.268 ], [ 97.639, 18.288 ], [ 97.794, 17.679 ], [ 98.509, 16.948 ], [ 98.673, 16.273 ], [ 98.929, 16.393 ], [ 98.856, 16.125 ], [ 98.562, 16.044 ], [ 98.565, 15.337 ], [ 98.298, 15.313 ], [ 98.183, 15.099 ], [ 98.593, 14.33 ], [ 99.105, 13.894 ], [ 99.215, 13.198 ], [ 99.099, 13.074 ], [ 99.43, 12.591 ], [ 99.663, 11.824 ], [ 98.783, 10.685 ], [ 98.555, 9.973 ], [ 98.455, 10.689 ], [ 98.782, 10.989 ], [ 98.655, 11.127 ], [ 98.841, 11.681 ], [ 98.544, 11.882 ], [ 98.74, 11.95 ], [ 98.522, 12.258 ], [ 98.72, 12.811 ], [ 98.245, 13.813 ], [ 98.17, 13.531 ], [ 98.071, 13.754 ], [ 98.095, 14.2 ], [ 97.827, 14.745 ], [ 97.718, 15.843 ], [ 97.558, 16.073 ], [ 97.597, 16.085 ], [ 97.614, 16.061 ], [ 97.628, 16.05 ], [ 97.648, 16.044 ], [ 97.665, 16.049 ], [ 97.677, 16.028 ], [ 97.697, 16.027 ], [ 97.625, 16.5 ], [ 97.662, 16.512 ], [ 97.662, 16.476 ], [ 97.682, 16.466 ], [ 97.703, 16.471 ], [ 97.704, 16.45 ], [ 97.723, 16.45 ], [ 97.72, 16.427 ], [ 97.754, 16.414 ], [ 97.735, 16.402 ], [ 97.733, 16.383 ], [ 97.778, 16.375 ], [ 97.787, 16.333 ], [ 97.835, 16.324 ], [ 97.852, 16.298 ], [ 97.888, 16.284 ], [ 97.844, 16.323 ], [ 97.792, 16.333 ], [ 97.79, 16.37 ], [ 97.761, 16.386 ], [ 97.737, 16.386 ], [ 97.758, 16.418 ], [ 97.702, 16.474 ], [ 97.664, 16.48 ], [ 97.746, 16.562 ], [ 97.621, 16.643 ], [ 97.621, 16.519 ], [ 97.363, 16.479 ], [ 97.424, 16.658 ], [ 97.169, 16.911 ], [ 97.265, 17.104 ], [ 97.114, 17.078 ], [ 96.786, 17.49 ], [ 96.649, 17.33 ], [ 96.911, 17.321 ], [ 96.913, 17.047 ], [ 96.771, 16.692 ], [ 96.384, 16.497 ], [ 96.287, 16.592 ], [ 96.47, 16.613 ], [ 96.331, 16.629 ], [ 96.287, 16.6 ], [ 96.278, 16.577 ], [ 96.223, 16.754 ], [ 96.316, 16.833 ], [ 96.346, 16.833 ], [ 96.394, 16.859 ], [ 96.408, 16.855 ], [ 96.486, 16.87 ], [ 96.512, 16.888 ], [ 96.116, 16.812 ], [ 96.246, 16.636 ], [ 96.163, 16.418 ], [ 95.912, 16.411 ], [ 95.779, 16.129 ], [ 95.74, 16.145 ], [ 95.727, 16.264 ], [ 95.71, 16.273 ], [ 95.693, 15.999 ], [ 95.426, 15.721 ], [ 95.27, 15.801 ], [ 95.279, 15.846 ], [ 95.34, 15.88 ], [ 95.34, 15.902 ], [ 95.348, 15.88 ], [ 95.381, 15.872 ], [ 95.399, 15.877 ], [ 95.413, 15.906 ], [ 95.339, 15.905 ], [ 95.298, 15.87 ], [ 95.391, 16.24 ], [ 95.177, 15.768 ], [ 95.126, 15.991 ], [ 95.267, 16.149 ], [ 95.141, 16.232 ], [ 94.939, 15.741 ], [ 94.832, 15.795 ], [ 94.889, 15.827 ], [ 94.871, 15.895 ], [ 94.951, 15.946 ], [ 94.864, 15.897 ], [ 94.873, 15.825 ], [ 94.824, 15.949 ], [ 94.914, 16.0 ], [ 94.956, 16.131 ], [ 95.023, 16.135 ], [ 95.101, 16.301 ], [ 94.686, 15.837 ], [ 94.601, 15.92 ], [ 94.718, 16.0 ], [ 94.853, 16.24 ], [ 94.57, 15.929 ], [ 94.683, 16.298 ] ] ] } },
{ "type": "Feature", "properties": { }, "geometry": { "type": "Polygon", "coordinates": [ [ [ 107.557, 14.625 ], [ 107.336, 14.107 ], [ 107.626, 13.509 ], [ 107.485, 12.949 ], [ 107.555, 12.378 ], [ 106.711, 11.969 ], [ 106.413, 11.973 ], [ 106.451, 11.671 ], [ 106.044, 11.78 ], [ 105.811, 11.62 ], [ 105.866, 11.283 ], [ 106.191, 11.05 ], [ 106.197, 10.779 ], [ 105.85, 10.862 ], [ 105.78, 11.032 ], [ 105.339, 10.859 ], [ 105.081, 10.957 ], [ 105.098, 10.723 ], [ 104.497, 10.405 ], [ 103.883, 10.659 ], [ 103.609, 10.503 ], [ 103.491, 10.623 ], [ 103.712, 10.872 ], [ 103.551, 11.167 ], [ 103.425, 10.892 ], [ 103.123, 10.87 ], [ 103.137, 11.347 ], [ 102.719, 12.154 ], [ 102.793, 12.437 ], [ 102.516, 12.668 ], [ 102.352, 13.298 ], [ 102.344, 13.552 ], [ 102.627, 13.606 ], [ 102.961, 14.201 ], [ 103.663, 14.44 ], [ 103.926, 14.327 ], [ 104.805, 14.434 ], [ 105.052, 14.214 ], [ 105.2, 14.343 ], [ 105.373, 14.102 ], [ 105.559, 14.16 ], [ 106.111, 13.914 ], [ 106.188, 14.062 ], [ 105.999, 14.381 ], [ 106.542, 14.592 ], [ 106.839, 14.296 ], [ 107.557, 14.625 ] ] ] } },
{ "type": "Feature", "properties": { }, "geometry": { "type": "Polygon", "coordinates": [ [ [ 105.331, 23.383 ], [ 105.876, 22.92 ], [ 106.127, 22.997 ], [ 106.827, 22.816 ], [ 106.563, 22.464 ], [ 106.69, 21.96 ], [ 107.048, 21.931 ], [ 107.362, 21.598 ], [ 107.857, 21.655 ], [ 108.071, 21.489 ], [ 107.783, 21.507 ], [ 107.371, 21.265 ], [ 107.372, 21.027 ], [ 107.201, 20.934 ], [ 107.007, 21.006 ], [ 106.857, 20.87 ], [ 106.749, 21.003 ], [ 106.809, 20.675 ], [ 106.583, 20.553 ], [ 106.568, 20.272 ], [ 105.955, 19.923 ], [ 105.621, 18.961 ], [ 105.912, 18.438 ], [ 106.435, 18.122 ], [ 106.663, 17.442 ], [ 107.816, 16.291 ], [ 108.023, 16.344 ], [ 108.161, 16.085 ], [ 108.324, 16.141 ], [ 108.293, 15.961 ], [ 108.941, 15.241 ], [ 109.464, 12.648 ], [ 109.339, 12.643 ], [ 109.346, 12.802 ], [ 109.191, 12.634 ], [ 109.342, 12.397 ], [ 109.295, 12.345 ], [ 109.181, 12.456 ], [ 109.143, 12.425 ], [ 109.282, 11.879 ], [ 109.119, 11.9 ], [ 109.234, 11.726 ], [ 109.028, 11.578 ], [ 109.02, 11.36 ], [ 107.258, 10.38 ], [ 106.756, 10.472 ], [ 106.791, 10.111 ], [ 106.579, 9.975 ], [ 106.689, 9.876 ], [ 106.527, 9.83 ], [ 106.529, 9.577 ], [ 106.284, 9.604 ], [ 106.156, 9.347 ], [ 105.532, 9.093 ], [ 105.109, 8.634 ], [ 104.835, 8.561 ], [ 104.713, 8.631 ], [ 104.905, 8.798 ], [ 104.781, 8.815 ], [ 104.858, 9.719 ], [ 105.109, 9.95 ], [ 104.769, 10.219 ], [ 104.601, 10.143 ], [ 104.439, 10.425 ], [ 104.867, 10.521 ], [ 105.098, 10.723 ], [ 105.081, 10.957 ], [ 105.339, 10.859 ], [ 105.78, 11.032 ], [ 105.85, 10.862 ], [ 106.197, 10.779 ], [ 106.191, 11.05 ], [ 105.866, 11.283 ], [ 105.811, 11.62 ], [ 106.044, 11.78 ], [ 106.451, 11.671 ], [ 106.413, 11.973 ], [ 107.546, 12.352 ], [ 107.485, 12.949 ], [ 107.626, 13.509 ], [ 107.337, 14.13 ], [ 107.558, 14.62 ], [ 107.471, 15.016 ], [ 107.706, 15.303 ], [ 107.215, 15.757 ], [ 107.422, 15.916 ], [ 107.432, 16.15 ], [ 107.186, 16.15 ], [ 106.864, 16.54 ], [ 106.687, 16.44 ], [ 106.549, 17.008 ], [ 105.75, 17.673 ], [ 105.487, 18.197 ], [ 105.186, 18.318 ], [ 105.181, 18.659 ], [ 103.876, 19.306 ], [ 104.123, 19.499 ], [ 104.039, 19.7 ], [ 104.644, 19.623 ], [ 104.978, 20.011 ], [ 104.669, 20.219 ], [ 104.759, 20.389 ], [ 104.461, 20.402 ], [ 104.6, 20.535 ], [ 104.482, 20.764 ], [ 104.102, 20.978 ], [ 103.789, 20.777 ], [ 103.12, 20.886 ], [ 102.807, 21.263 ], [ 102.996, 21.575 ], [ 102.941, 21.777 ], [ 102.619, 21.865 ], [ 102.141, 22.409 ], [ 102.481, 22.781 ], [ 103.021, 22.438 ], [ 103.323, 22.814 ], [ 103.53, 22.595 ], [ 103.659, 22.79 ], [ 103.975, 22.506 ], [ 104.115, 22.811 ], [ 104.373, 22.686 ], [ 104.732, 22.823 ], [ 104.821, 23.118 ], [ 105.331, 23.383 ] ] ] } },
{ "type": "Feature", "properties": { }, "geometry": { "type": "Polygon", "coordinates": [ [ [ 101.785, 22.498 ], [ 102.13, 22.433 ], [ 102.609, 21.874 ], [ 102.941, 21.777 ], [ 102.996, 21.575 ], [ 102.807, 21.263 ], [ 103.12, 20.886 ], [ 103.755, 20.775 ], [ 104.102, 20.978 ], [ 104.303, 20.908 ], [ 104.589, 20.576 ], [ 104.461, 20.402 ], [ 104.759, 20.389 ], [ 104.669, 20.219 ], [ 104.994, 20.096 ], [ 104.644, 19.623 ], [ 104.039, 19.7 ], [ 104.123, 19.499 ], [ 103.876, 19.306 ], [ 105.181, 18.659 ], [ 105.186, 18.318 ], [ 105.487, 18.197 ], [ 105.75, 17.673 ], [ 106.549, 17.008 ], [ 106.687, 16.44 ], [ 106.864, 16.54 ], [ 107.186, 16.15 ], [ 107.432, 16.15 ], [ 107.422, 15.916 ], [ 107.215, 15.757 ], [ 107.706, 15.303 ], [ 107.471, 15.016 ], [ 107.592, 14.868 ], [ 107.436, 14.525 ], [ 107.298, 14.587 ], [ 106.839, 14.296 ], [ 106.542, 14.592 ], [ 105.999, 14.381 ], [ 106.188, 14.062 ], [ 106.111, 13.914 ], [ 105.271, 14.184 ], [ 105.2, 14.343 ], [ 105.539, 14.554 ], [ 105.628, 14.978 ], [ 105.463, 15.349 ], [ 105.636, 15.657 ], [ 105.391, 15.804 ], [ 105.417, 16.013 ], [ 105.048, 16.102 ], [ 104.74, 16.53 ], [ 104.797, 17.397 ], [ 103.969, 18.338 ], [ 103.306, 18.433 ], [ 103.041, 17.981 ], [ 102.677, 17.804 ], [ 102.083, 18.215 ], [ 101.161, 17.467 ], [ 100.967, 17.572 ], [ 101.187, 18.067 ], [ 101.053, 18.445 ], [ 101.355, 19.05 ], [ 101.2, 19.368 ], [ 101.288, 19.569 ], [ 100.514, 19.525 ], [ 100.404, 19.754 ], [ 100.576, 20.171 ], [ 100.331, 20.399 ], [ 100.168, 20.245 ], [ 100.085, 20.356 ], [ 100.254, 20.751 ], [ 100.648, 20.88 ], [ 100.51, 20.895 ], [ 100.723, 21.31 ], [ 101.143, 21.564 ], [ 101.286, 21.175 ], [ 101.869, 21.188 ], [ 101.726, 21.356 ], [ 101.784, 21.825 ], [ 101.535, 22.245 ], [ 101.785, 22.498 ] ] ] } },
{ "type": "Feature", "properties": { }, "geometry": { "type": "MultiPolygon", "coordinates": [ [ [ [ 100.23, 6.694 ], [ 100.743, 6.508 ], [ 100.853, 6.232 ], [ 101.112, 6.251 ], [ 100.988, 5.801 ], [ 101.136, 5.615 ], [ 101.582, 5.933 ], [ 101.828, 5.732 ], [ 102.092, 6.244 ], [ 102.353, 6.163 ], [ 103.124, 5.377 ], [ 103.48, 4.528 ], [ 103.332, 3.752 ], [ 103.485, 3.506 ], [ 103.444, 2.911 ], [ 103.828, 2.582 ], [ 104.289, 1.368 ], [ 104.097, 1.366 ], [ 104.119, 1.4 ], [ 103.971, 1.621 ], [ 104.003, 1.437 ], [ 103.687, 1.463 ], [ 103.511, 1.263 ], [ 103.325, 1.571 ], [ 101.299, 2.843 ], [ 101.303, 3.249 ], [ 100.703, 3.894 ], [ 100.793, 4.009 ], [ 100.561, 4.307 ], [ 100.664, 4.684 ], [ 100.362, 5.086 ], [ 100.352, 5.972 ], [ 100.121, 6.422 ], [ 100.23, 6.694 ] ] ], [ [ [ 116.799, 6.983 ], [ 116.766, 6.571 ], [ 117.149, 7.008 ], [ 117.289, 6.615 ], [ 117.719, 6.447 ], [ 117.59, 5.906 ], [ 118.041, 6.034 ], [ 118.128, 5.847 ], [ 117.891, 5.793 ], [ 117.942, 5.656 ], [ 118.348, 5.823 ], [ 118.93, 5.419 ], [ 119.238, 5.391 ], [ 119.166, 5.11 ], [ 118.125, 4.879 ], [ 118.588, 4.508 ], [ 118.546, 4.352 ], [ 117.977, 4.222 ], [ 117.649, 4.416 ], [ 117.61, 4.16 ], [ 117.244, 4.374 ], [ 116.166, 4.389 ], [ 116.08, 4.278 ], [ 115.879, 4.392 ], [ 115.561, 3.917 ], [ 115.657, 3.44 ], [ 115.517, 3.057 ], [ 115.285, 3.048 ], [ 115.094, 2.824 ], [ 115.249, 2.509 ], [ 114.752, 2.191 ], [ 114.883, 1.914 ], [ 114.719, 1.856 ], [ 114.575, 1.439 ], [ 113.975, 1.449 ], [ 113.632, 1.219 ], [ 112.971, 1.412 ], [ 112.991, 1.58 ], [ 112.486, 1.58 ], [ 111.828, 0.988 ], [ 111.232, 1.086 ], [ 110.572, 0.855 ], [ 109.659, 1.62 ], [ 109.536, 1.921 ], [ 109.643, 2.076 ], [ 109.914, 1.692 ], [ 110.298, 1.653 ], [ 110.333, 1.808 ], [ 110.718, 1.551 ], [ 110.651, 1.429 ], [ 110.784, 1.581 ], [ 111.062, 1.402 ], [ 111.317, 1.325 ], [ 110.987, 1.569 ], [ 111.153, 1.662 ], [ 111.2, 2.097 ], [ 111.242, 2.132 ], [ 111.314, 2.101 ], [ 111.349, 2.131 ], [ 111.157, 2.156 ], [ 111.212, 2.423 ], [ 111.487, 2.348 ], [ 111.427, 2.703 ], [ 113.017, 3.174 ], [ 113.898, 4.223 ], [ 113.969, 4.596 ], [ 114.253, 4.507 ], [ 114.645, 4.005 ], [ 114.88, 4.371 ], [ 114.777, 4.73 ], [ 115.012, 4.892 ], [ 115.09, 4.389 ], [ 115.335, 4.301 ], [ 115.155, 4.913 ], [ 115.384, 4.912 ], [ 115.605, 5.228 ], [ 115.367, 5.39 ], [ 115.595, 5.631 ], [ 115.873, 5.581 ], [ 116.084, 6.111 ], [ 116.799, 6.983 ] ] ] ] } },
{ "type": "Feature", "properties": { }, "geometry": { "type": "Polygon", "coordinates": [ [ [ 99.967, 20.455 ], [ 100.108, 20.252 ], [ 100.314, 20.403 ], [ 100.576, 20.171 ], [ 100.404, 19.754 ], [ 100.514, 19.525 ], [ 101.288, 19.569 ], [ 101.2, 19.368 ], [ 101.355, 19.05 ], [ 101.053, 18.445 ], [ 101.187, 18.067 ], [ 100.967, 17.572 ], [ 101.161, 17.467 ], [ 102.083, 18.215 ], [ 102.677, 17.804 ], [ 103.041, 17.981 ], [ 103.306, 18.433 ], [ 103.969, 18.338 ], [ 104.797, 17.397 ], [ 104.74, 16.53 ], [ 105.048, 16.102 ], [ 105.417, 16.013 ], [ 105.391, 15.804 ], [ 105.636, 15.657 ], [ 105.463, 15.349 ], [ 105.628, 14.978 ], [ 105.539, 14.554 ], [ 105.135, 14.224 ], [ 104.805, 14.434 ], [ 103.559, 14.42 ], [ 102.961, 14.201 ], [ 102.627, 13.606 ], [ 102.344, 13.552 ], [ 102.516, 12.668 ], [ 102.793, 12.437 ], [ 102.716, 12.173 ], [ 102.912, 11.761 ], [ 102.911, 11.647 ], [ 102.644, 12.176 ], [ 102.584, 12.043 ], [ 102.291, 12.189 ], [ 101.768, 12.703 ], [ 100.851, 12.649 ], [ 100.975, 13.48 ], [ 100.268, 13.525 ], [ 99.955, 13.304 ], [ 100.108, 13.063 ], [ 99.964, 12.725 ], [ 100.02, 12.19 ], [ 99.56, 11.334 ], [ 99.285, 10.365 ], [ 99.147, 10.346 ], [ 99.247, 10.235 ], [ 99.146, 9.743 ], [ 99.263, 9.217 ], [ 99.843, 9.294 ], [ 99.96, 8.608 ], [ 100.211, 8.449 ], [ 100.47, 7.405 ], [ 100.746, 7.006 ], [ 101.004, 6.856 ], [ 101.526, 6.865 ], [ 102.089, 6.245 ], [ 101.828, 5.732 ], [ 101.582, 5.933 ], [ 101.148, 5.613 ], [ 100.988, 5.801 ], [ 101.112, 6.251 ], [ 100.853, 6.232 ], [ 100.743, 6.508 ], [ 100.366, 6.54 ], [ 100.291, 6.71 ], [ 100.12, 6.422 ], [ 99.697, 6.856 ], [ 99.74, 7.14 ], [ 99.577, 7.158 ], [ 99.587, 7.372 ], [ 99.395, 7.307 ], [ 99.263, 7.66 ], [ 99.04, 7.704 ], [ 99.078, 7.932 ], [ 98.765, 8.022 ], [ 98.711, 8.315 ], [ 98.487, 8.316 ], [ 98.427, 8.135 ], [ 98.282, 8.204 ], [ 98.247, 9.007 ], [ 98.359, 8.984 ], [ 98.318, 9.204 ], [ 98.551, 9.568 ], [ 98.78, 10.679 ], [ 99.663, 11.824 ], [ 99.43, 12.591 ], [ 99.099, 13.074 ], [ 99.215, 13.198 ], [ 99.105, 13.894 ], [ 98.593, 14.33 ], [ 98.183, 15.099 ], [ 98.298, 15.313 ], [ 98.565, 15.337 ], [ 98.562, 16.044 ], [ 98.856, 16.125 ], [ 98.929, 16.393 ], [ 98.673, 16.273 ], [ 98.509, 16.948 ], [ 97.794, 17.679 ], [ 97.639, 18.288 ], [ 97.501, 18.268 ], [ 97.344, 18.556 ], [ 97.769, 18.578 ], [ 97.668, 18.938 ], [ 98.034, 19.811 ], [ 98.249, 19.676 ], [ 98.93, 19.747 ], [ 99.073, 20.099 ], [ 99.537, 20.147 ], [ 99.459, 20.391 ], [ 99.682, 20.316 ], [ 99.967, 20.455 ] ] ] } },
{ "type": "Feature", "properties": { }, "geometry": { "type": "MultiPolygon", "coordinates": [ [ [ [ 115.155, 4.911 ], [ 115.261, 4.728 ], [ 115.324, 4.297 ], [ 115.09, 4.389 ], [ 115.022, 4.75 ], [ 115.155, 4.911 ] ] ], [ [ [ 115.062, 5.038 ], [ 114.777, 4.73 ], [ 114.857, 4.268 ], [ 114.612, 4.003 ], [ 114.071, 4.589 ], [ 115.062, 5.038 ] ] ] ] } },
{ "type": "Feature", "properties": { }, "geometry": { "type": "MultiPolygon", "coordinates": [ [ [ [ 120.208, 5.347 ], [ 120.224, 5.12 ], [ 120.119, 5.233 ], [ 119.822, 5.057 ], [ 120.208, 5.347 ] ] ], [ [ [ 121.125, 6.09 ], [ 121.214, 5.993 ], [ 121.428, 5.962 ], [ 120.877, 5.92 ], [ 121.125, 6.09 ] ] ], [ [ [ 122.074, 6.745 ], [ 122.325, 6.621 ], [ 121.959, 6.404 ], [ 121.792, 6.628 ], [ 122.074, 6.745 ] ] ], [ [ [ 125.471, 9.801 ], [ 125.96, 9.487 ], [ 126.036, 9.242 ], [ 126.211, 9.309 ], [ 126.16, 9.107 ], [ 126.337, 8.844 ], [ 126.087, 8.612 ], [ 126.4, 8.497 ], [ 126.358, 7.889 ], [ 126.572, 7.723 ], [ 126.602, 7.287 ], [ 126.281, 6.932 ], [ 126.348, 6.805 ], [ 126.152, 6.905 ], [ 126.256, 6.756 ], [ 126.189, 6.274 ], [ 125.854, 7.357 ], [ 125.651, 7.243 ], [ 125.37, 6.723 ], [ 125.713, 6.107 ], [ 125.406, 5.568 ], [ 125.171, 5.801 ], [ 125.259, 6.093 ], [ 124.924, 5.859 ], [ 124.054, 6.376 ], [ 123.956, 6.911 ], [ 124.256, 7.375 ], [ 123.674, 7.819 ], [ 123.427, 7.815 ], [ 123.41, 7.359 ], [ 123.117, 7.513 ], [ 123.122, 7.759 ], [ 123.012, 7.474 ], [ 122.814, 7.435 ], [ 122.851, 7.716 ], [ 122.611, 7.768 ], [ 122.155, 6.916 ], [ 121.928, 6.971 ], [ 122.227, 7.963 ], [ 122.918, 8.149 ], [ 123.027, 8.485 ], [ 123.308, 8.527 ], [ 123.386, 8.725 ], [ 123.822, 8.477 ], [ 123.749, 8.0 ], [ 124.23, 8.219 ], [ 124.383, 8.593 ], [ 124.751, 8.5 ], [ 124.804, 9.003 ], [ 125.097, 8.827 ], [ 125.206, 9.096 ], [ 125.518, 9.011 ], [ 125.471, 9.801 ] ] ], [ [ [ 124.306, 10.165 ], [ 124.568, 10.028 ], [ 124.58, 9.734 ], [ 123.859, 9.64 ], [ 123.87, 9.915 ], [ 124.306, 10.165 ] ] ], [ [ [ 125.647, 10.474 ], [ 125.707, 9.895 ], [ 125.611, 9.817 ], [ 125.481, 10.116 ], [ 125.647, 10.474 ] ] ], [ [ [ 123.222, 10.995 ], [ 123.568, 10.796 ], [ 123.136, 9.835 ], [ 123.297, 9.234 ], [ 123.019, 9.037 ], [ 122.381, 9.838 ], [ 122.864, 10.092 ], [ 122.796, 10.526 ], [ 122.953, 10.894 ], [ 123.222, 10.995 ] ] ], [ [ [ 124.063, 11.281 ], [ 124.02, 10.387 ], [ 123.644, 10.081 ], [ 123.304, 9.421 ], [ 123.374, 9.992 ], [ 124.063, 11.281 ] ] ], [ [ [ 119.476, 11.427 ], [ 119.566, 11.294 ], [ 119.486, 10.88 ], [ 119.594, 10.831 ], [ 119.704, 10.499 ], [ 119.321, 10.311 ], [ 119.198, 10.049 ], [ 118.75, 9.927 ], [ 118.759, 9.683 ], [ 118.489, 9.296 ], [ 117.176, 8.335 ], [ 117.633, 9.049 ], [ 118.123, 9.343 ], [ 118.757, 10.13 ], [ 118.807, 10.028 ], [ 118.989, 10.41 ], [ 119.252, 10.483 ], [ 119.343, 10.726 ], [ 119.21, 10.849 ], [ 119.223, 10.954 ], [ 119.458, 10.722 ], [ 119.301, 11.009 ], [ 119.476, 11.427 ] ] ], [ [ [ 125.13, 10.165 ], [ 124.984, 10.384 ], [ 125.033, 10.004 ], [ 124.762, 10.159 ], [ 124.792, 10.763 ], [ 124.595, 11.01 ], [ 124.514, 10.863 ], [ 124.379, 10.92 ], [ 124.315, 11.566 ], [ 124.489, 11.326 ], [ 124.48, 11.456 ], [ 124.639, 11.297 ], [ 124.984, 11.401 ], [ 124.966, 11.273 ], [ 125.042, 11.064 ], [ 125.017, 10.748 ], [ 125.265, 10.367 ], [ 125.13, 10.165 ] ] ], [ [ [ 121.987, 11.915 ], [ 122.593, 11.509 ], [ 122.827, 11.614 ], [ 122.884, 11.43 ], [ 123.151, 11.601 ], [ 123.168, 11.471 ], [ 123.127, 11.172 ], [ 122.782, 10.986 ], [ 122.732, 10.785 ], [ 121.963, 10.417 ], [ 122.1, 11.705 ], [ 121.849, 11.772 ], [ 121.987, 11.915 ] ] ], [ [ [ 119.928, 12.293 ], [ 120.173, 12.115 ], [ 120.216, 12.222 ], [ 120.336, 11.993 ], [ 119.98, 12.005 ], [ 119.846, 12.167 ], [ 119.928, 12.293 ] ] ], [ [ [ 124.966, 12.572 ], [ 125.183, 12.561 ], [ 125.518, 12.195 ], [ 125.445, 11.599 ], [ 125.634, 11.356 ], [ 125.533, 11.199 ], [ 125.658, 11.208 ], [ 125.755, 11.017 ], [ 125.661, 11.143 ], [ 125.235, 11.087 ], [ 124.979, 11.288 ], [ 124.996, 11.43 ], [ 124.823, 11.519 ], [ 125.043, 11.755 ], [ 124.419, 12.163 ], [ 124.263, 12.551 ], [ 124.966, 12.572 ] ] ], [ [ [ 123.272, 12.584 ], [ 123.902, 12.208 ], [ 124.07, 11.727 ], [ 123.535, 12.211 ], [ 123.16, 11.913 ], [ 123.272, 12.584 ] ] ], [ [ [ 122.162, 12.636 ], [ 122.123, 12.627 ], [ 122.016, 12.099 ], [ 121.929, 12.345 ], [ 122.002, 12.598 ], [ 122.109, 12.675 ], [ 122.162, 12.636 ] ] ], [ [ [ 120.447, 13.523 ], [ 120.987, 13.522 ], [ 121.558, 13.125 ], [ 121.396, 12.289 ], [ 121.093, 12.269 ], [ 120.689, 13.136 ], [ 120.307, 13.422 ], [ 120.447, 13.523 ] ] ], [ [ [ 121.882, 13.553 ], [ 122.122, 13.459 ], [ 122.031, 13.198 ], [ 121.822, 13.34 ], [ 121.882, 13.553 ] ] ], [ [ [ 124.229, 14.069 ], [ 124.422, 13.796 ], [ 124.206, 13.518 ], [ 124.024, 13.663 ], [ 124.229, 14.069 ] ] ], [ [ [ 121.969, 15.042 ], [ 122.047, 15.006 ], [ 122.057, 14.956 ], [ 121.938, 14.627 ], [ 121.801, 14.934 ], [ 121.969, 15.042 ] ] ], [ [ [ 120.852, 18.648 ], [ 121.899, 18.268 ], [ 122.223, 18.522 ], [ 122.338, 18.308 ], [ 122.139, 17.792 ], [ 122.249, 17.365 ], [ 122.519, 17.13 ], [ 122.461, 16.867 ], [ 122.242, 16.309 ], [ 122.051, 16.065 ], [ 122.141, 16.264 ], [ 121.552, 15.898 ], [ 121.639, 15.719 ], [ 121.372, 15.319 ], [ 121.734, 14.695 ], [ 121.604, 14.662 ], [ 121.738, 14.164 ], [ 122.231, 13.895 ], [ 122.321, 14.02 ], [ 122.197, 14.086 ], [ 122.164, 14.162 ], [ 122.268, 14.245 ], [ 122.34, 14.11 ], [ 122.414, 14.315 ], [ 122.682, 14.344 ], [ 123.043, 14.104 ], [ 123.113, 13.733 ], [ 123.313, 13.789 ], [ 123.227, 13.998 ], [ 123.338, 14.106 ], [ 123.425, 13.923 ], [ 123.939, 13.798 ], [ 123.594, 13.728 ], [ 123.531, 13.57 ], [ 123.865, 13.239 ], [ 123.756, 13.064 ], [ 124.19, 13.066 ], [ 124.082, 12.539 ], [ 123.793, 12.837 ], [ 124.029, 12.97 ], [ 123.736, 12.845 ], [ 123.318, 13.01 ], [ 123.191, 13.429 ], [ 122.534, 13.964 ], [ 122.409, 13.961 ], [ 122.676, 13.378 ], [ 122.596, 13.16 ], [ 122.397, 13.524 ], [ 121.756, 13.968 ], [ 121.288, 13.597 ], [ 121.036, 13.633 ], [ 121.007, 13.783 ], [ 120.887, 13.693 ], [ 120.876, 13.906 ], [ 120.72, 13.933 ], [ 120.658, 13.771 ], [ 120.586, 14.217 ], [ 120.988, 14.493 ], [ 120.94, 14.674 ], [ 120.599, 14.903 ], [ 120.492, 14.407 ], [ 120.247, 14.692 ], [ 120.298, 14.827 ], [ 120.084, 14.786 ], [ 119.776, 16.284 ], [ 119.924, 16.382 ], [ 119.9, 16.235 ], [ 120.172, 16.029 ], [ 120.422, 16.163 ], [ 120.28, 16.614 ], [ 120.475, 17.388 ], [ 120.348, 17.684 ], [ 120.567, 18.5 ], [ 120.852, 18.648 ] ] ] ] } },
{ "type": "Feature", "properties": { }, "geometry": { "type": "MultiPolygon", "coordinates": [ [ [ [ 123.39, -10.442 ], [ 123.403, -10.685 ], [ 122.824, -10.923 ], [ 122.81, -10.782 ], [ 123.39, -10.442 ] ] ], [ [ [ 120.035, -9.396 ], [ 120.777, -9.954 ], [ 120.733, -10.18 ], [ 120.453, -10.322 ], [ 120.166, -10.242 ], [ 119.665, -9.783 ], [ 119.189, -9.756 ], [ 118.934, -9.556 ], [ 119.298, -9.361 ], [ 119.94, -9.284 ], [ 120.035, -9.396 ] ] ], [ [ [ 124.949, -8.958 ], [ 125.185, -9.026 ], [ 125.179, -9.166 ], [ 124.99, -9.179 ], [ 125.088, -9.461 ], [ 124.751, -9.882 ], [ 124.401, -10.168 ], [ 123.457, -10.357 ], [ 123.771, -10.043 ], [ 123.579, -9.941 ], [ 123.795, -9.491 ], [ 124.043, -9.336 ], [ 124.352, -9.485 ], [ 124.476, -9.174 ], [ 124.949, -8.958 ] ] ], [ [ [ 116.381, -8.213 ], [ 116.726, -8.354 ], [ 116.489, -8.816 ], [ 116.602, -8.878 ], [ 115.841, -8.819 ], [ 116.064, -8.776 ], [ 116.052, -8.423 ], [ 116.381, -8.213 ] ] ], [ [ [ 124.272, -8.177 ], [ 124.134, -8.538 ], [ 123.91, -8.45 ], [ 124.046, -8.295 ], [ 124.101, -8.389 ], [ 124.272, -8.177 ] ] ], [ [ [ 123.839, -8.225 ], [ 123.539, -8.579 ], [ 123.195, -8.529 ], [ 123.456, -8.349 ], [ 123.395, -8.257 ], [ 123.546, -8.249 ], [ 123.542, -8.376 ], [ 123.598, -8.226 ], [ 123.839, -8.225 ] ] ], [ [ [ 138.871, -8.164 ], [ 138.927, -8.386 ], [ 138.594, -8.353 ], [ 138.719, -8.168 ], [ 138.871, -8.164 ] ] ], [ [ [ 124.526, -8.128 ], [ 125.077, -8.148 ], [ 125.132, -8.32 ], [ 124.344, -8.441 ], [ 124.526, -8.128 ] ] ], [ [ [ 117.956, -8.109 ], [ 118.278, -8.372 ], [ 118.645, -8.298 ], [ 118.646, -8.556 ], [ 118.764, -8.314 ], [ 118.989, -8.31 ], [ 119.176, -8.729 ], [ 118.753, -8.699 ], [ 118.944, -8.831 ], [ 118.46, -8.883 ], [ 118.394, -8.608 ], [ 117.887, -8.943 ], [ 117.031, -9.113 ], [ 116.734, -9.007 ], [ 116.828, -8.518 ], [ 117.12, -8.366 ], [ 117.611, -8.432 ], [ 117.808, -8.73 ], [ 118.275, -8.658 ], [ 117.693, -8.239 ], [ 117.956, -8.109 ] ] ], [ [ [ 122.87, -8.076 ], [ 123.012, -8.316 ], [ 122.778, -8.428 ], [ 122.819, -8.599 ], [ 121.786, -8.897 ], [ 121.384, -8.804 ], [ 120.995, -8.961 ], [ 120.823, -8.826 ], [ 119.806, -8.767 ], [ 119.862, -8.43 ], [ 120.433, -8.232 ], [ 121.5, -8.627 ], [ 122.003, -8.433 ], [ 122.224, -8.628 ], [ 122.457, -8.606 ], [ 122.88, -8.285 ], [ 122.926, -8.194 ], [ 122.719, -8.226 ], [ 122.87, -8.076 ] ] ], [ [ [ 115.287, -8.1 ], [ 115.718, -8.4 ], [ 115.164, -8.849 ], [ 115.032, -8.561 ], [ 114.589, -8.405 ], [ 114.431, -8.18 ], [ 115.287, -8.1 ] ] ], [ [ [ 129.776, -7.814 ], [ 129.861, -7.907 ], [ 129.716, -8.055 ], [ 129.587, -7.826 ], [ 129.776, -7.814 ] ] ], [ [ [ 126.638, -7.568 ], [ 126.843, -7.739 ], [ 126.472, -7.968 ], [ 126.067, -7.886 ], [ 125.779, -8.012 ], [ 125.944, -7.664 ], [ 126.638, -7.568 ] ] ], [ [ [ 138.79, -7.391 ], [ 138.951, -7.547 ], [ 139.109, -7.571 ], [ 138.928, -7.88 ], [ 138.928, -8.01 ], [ 138.953, -8.049 ], [ 138.862, -8.064 ], [ 138.827, -8.135 ], [ 138.708, -8.156 ], [ 138.507, -8.362 ], [ 137.624, -8.423 ], [ 137.952, -7.764 ], [ 138.026, -7.713 ], [ 138.047, -7.737 ], [ 138.076, -7.734 ], [ 138.088, -7.755 ], [ 138.11, -7.746 ], [ 138.058, -7.617 ], [ 138.79, -7.391 ] ] ], [ [ [ 131.658, -7.114 ], [ 131.627, -7.638 ], [ 131.293, -8.03 ], [ 131.293, -7.922 ], [ 131.109, -7.988 ], [ 131.109, -7.697 ], [ 131.282, -7.746 ], [ 131.163, -7.662 ], [ 131.246, -7.468 ], [ 131.658, -7.114 ] ] ], [ [ [ 113.987, -6.878 ], [ 114.122, -6.981 ], [ 113.53, -7.249 ], [ 112.721, -7.179 ], [ 112.674, -7.061 ], [ 112.863, -6.89 ], [ 113.987, -6.878 ] ] ], [ [ [ 134.167, -6.211 ], [ 134.526, -6.581 ], [ 134.197, -6.93 ], [ 134.049, -6.764 ], [ 134.114, -6.443 ], [ 134.144, -6.528 ], [ 134.196, -6.483 ], [ 134.202, -6.535 ], [ 134.227, -6.604 ], [ 134.275, -6.655 ], [ 134.291, -6.656 ], [ 134.208, -6.42 ], [ 134.111, -6.41 ], [ 134.167, -6.211 ] ] ], [ [ [ 134.584, -5.959 ], [ 134.776, -6.091 ], [ 134.615, -6.367 ], [ 134.263, -6.125 ], [ 134.584, -5.959 ] ] ], [ [ [ 112.581, -6.929 ], [ 112.657, -7.219 ], [ 112.825, -7.297 ], [ 112.744, -7.546 ], [ 112.948, -7.67 ], [ 113.293, -7.792 ], [ 114.043, -7.616 ], [ 114.438, -7.791 ], [ 114.351, -8.523 ], [ 114.59, -8.759 ], [ 113.237, -8.284 ], [ 112.659, -8.449 ], [ 110.711, -8.202 ], [ 110.248, -7.931 ], [ 109.017, -7.749 ], [ 108.872, -7.605 ], [ 108.441, -7.814 ], [ 107.844, -7.733 ], [ 107.398, -7.496 ], [ 106.408, -7.379 ], [ 106.519, -6.969 ], [ 106.013, -6.815 ], [ 105.537, -6.869 ], [ 105.201, -6.764 ], [ 105.361, -6.645 ], [ 105.459, -6.824 ], [ 105.648, -6.476 ], [ 105.796, -6.484 ], [ 106.036, -5.874 ], [ 106.172, -6.031 ], [ 106.265, -5.938 ], [ 106.954, -6.11 ], [ 107.022, -5.914 ], [ 107.336, -5.963 ], [ 107.65, -6.252 ], [ 108.295, -6.243 ], [ 108.703, -6.815 ], [ 110.165, -6.851 ], [ 110.371, -6.974 ], [ 110.665, -6.497 ], [ 110.912, -6.397 ], [ 111.171, -6.704 ], [ 111.491, -6.618 ], [ 112.077, -6.892 ], [ 112.581, -6.929 ] ] ], [ [ [ 120.507, -5.839 ], [ 120.568, -6.058 ], [ 120.478, -6.499 ], [ 120.484, -5.77 ], [ 120.507, -5.839 ] ] ], [ [ [ 134.475, -5.557 ], [ 134.736, -5.739 ], [ 134.737, -5.97 ], [ 134.52, -5.913 ], [ 134.298, -6.018 ], [ 134.401, -5.783 ], [ 134.205, -5.709 ], [ 134.475, -5.557 ] ] ], [ [ [ 121.906, -5.065 ], [ 122.075, -5.228 ], [ 121.951, -5.493 ], [ 121.79, -5.263 ], [ 121.906, -5.065 ] ] ], [ [ [ 122.699, -4.612 ], [ 122.641, -5.352 ], [ 122.524, -5.431 ], [ 122.541, -5.258 ], [ 122.283, -5.389 ], [ 122.424, -5.088 ], [ 122.315, -4.835 ], [ 122.699, -4.612 ] ] ], [ [ [ 123.079, -4.364 ], [ 123.215, -4.828 ], [ 123.032, -4.736 ], [ 122.925, -5.17 ], [ 123.222, -5.283 ], [ 122.655, -5.703 ], [ 122.562, -5.495 ], [ 122.814, -5.213 ], [ 122.865, -4.52 ], [ 123.079, -4.364 ] ] ], [ [ [ 123.081, -4.016 ], [ 123.262, -4.082 ], [ 123.121, -4.257 ], [ 122.941, -4.1 ], [ 123.081, -4.016 ] ] ], [ [ [ 128.282, -3.497 ], [ 128.246, -3.739 ], [ 128.083, -3.794 ], [ 128.214, -3.636 ], [ 127.929, -3.779 ], [ 128.282, -3.497 ] ] ], [ [ [ 116.276, -3.222 ], [ 116.307, -3.909 ], [ 116.092, -4.083 ], [ 116.01, -3.624 ], [ 116.276, -3.222 ] ] ], [ [ [ 126.699, -3.061 ], [ 127.26, -3.37 ], [ 127.219, -3.668 ], [ 126.693, -3.844 ], [ 126.196, -3.62 ], [ 126.002, -3.353 ], [ 126.092, -3.101 ], [ 126.699, -3.061 ] ] ], [ [ [ 100.235, -2.789 ], [ 100.471, -3.027 ], [ 100.367, -3.168 ], [ 100.464, -3.347 ], [ 100.181, -2.995 ], [ 100.235, -2.789 ] ] ], [ [ [ 129.536, -2.783 ], [ 130.564, -3.115 ], [ 130.829, -3.452 ], [ 130.845, -3.873 ], [ 129.907, -3.334 ], [ 129.519, -3.294 ], [ 129.519, -3.47 ], [ 128.93, -3.345 ], [ 128.877, -3.197 ], [ 128.456, -3.456 ], [ 128.172, -3.227 ], [ 128.184, -3.058 ], [ 127.912, -3.566 ], [ 127.834, -3.158 ], [ 128.102, -3.06 ], [ 128.166, -2.859 ], [ 129.043, -2.797 ], [ 129.127, -2.967 ], [ 129.536, -2.783 ] ] ], [ [ [ 107.814, -2.538 ], [ 108.288, -2.863 ], [ 107.979, -3.269 ], [ 107.859, -3.058 ], [ 107.584, -3.203 ], [ 107.625, -2.605 ], [ 107.814, -2.538 ] ] ], [ [ [ 99.992, -2.507 ], [ 100.221, -2.752 ], [ 100.136, -2.843 ], [ 99.972, -2.79 ], [ 99.992, -2.507 ] ] ], [ [ [ 99.577, -2.04 ], [ 99.691, -2.086 ], [ 99.851, -2.408 ], [ 99.592, -2.286 ], [ 99.577, -2.04 ] ] ], [ [ [ 125.407, -1.78 ], [ 125.635, -1.832 ], [ 126.35, -1.817 ], [ 125.419, -1.952 ], [ 125.407, -1.78 ] ] ], [ [ [ 130.33, -1.673 ], [ 130.387, -2.011 ], [ 129.713, -1.884 ], [ 129.955, -1.765 ], [ 130.33, -1.673 ] ] ], [ [ [ 124.522, -1.643 ], [ 125.265, -1.728 ], [ 125.322, -1.879 ], [ 124.402, -2.029 ], [ 124.357, -1.713 ], [ 124.522, -1.643 ] ] ], [ [ [ 135.488, -1.602 ], [ 136.209, -1.652 ], [ 136.907, -1.79 ], [ 136.232, -1.905 ], [ 135.488, -1.602 ] ] ], [ [ [ 105.899, -1.506 ], [ 106.287, -2.417 ], [ 106.845, -2.577 ], [ 106.591, -2.894 ], [ 106.737, -3.086 ], [ 105.945, -2.813 ], [ 105.757, -2.145 ], [ 105.128, -2.087 ], [ 105.385, -1.609 ], [ 105.591, -1.53 ], [ 105.792, -1.811 ], [ 105.692, -1.53 ], [ 105.899, -1.506 ] ] ], [ [ [ 127.645, -1.339 ], [ 128.108, -1.564 ], [ 128.146, -1.691 ], [ 127.39, -1.668 ], [ 127.408, -1.421 ], [ 127.645, -1.339 ] ] ], [ [ [ 123.169, -1.158 ], [ 123.239, -1.399 ], [ 123.373, -1.221 ], [ 123.552, -1.279 ], [ 123.508, -1.456 ], [ 123.292, -1.416 ], [ 123.156, -1.64 ], [ 123.146, -1.302 ], [ 122.876, -1.607 ], [ 122.828, -1.284 ], [ 123.169, -1.158 ] ] ], [ [ [ 109.519, -0.995 ], [ 109.585, -0.976 ], [ 109.668, -1.022 ], [ 109.756, -1.004 ], [ 109.78, -1.146 ], [ 109.504, -1.315 ], [ 109.406, -1.251 ], [ 109.519, -0.995 ] ] ], [ [ [ 98.897, -0.928 ], [ 99.288, -1.645 ], [ 99.229, -1.803 ], [ 98.862, -1.687 ], [ 98.591, -1.232 ], [ 98.65, -0.987 ], [ 98.897, -0.928 ] ] ], [ [ [ 130.895, -0.905 ], [ 131.078, -0.98 ], [ 130.967, -1.366 ], [ 130.638, -0.989 ], [ 130.895, -0.905 ] ] ], [ [ [ 135.429, -0.659 ], [ 135.88, -0.713 ], [ 136.386, -1.104 ], [ 135.875, -1.19 ], [ 135.743, -0.788 ], [ 135.654, -0.898 ], [ 135.484, -0.745 ], [ 135.555, -0.855 ], [ 135.549, -0.883 ], [ 135.429, -0.659 ] ] ], [ [ [ 104.476, -0.352 ], [ 104.592, -0.474 ], [ 104.359, -0.69 ], [ 104.242, -0.494 ], [ 104.476, -0.352 ] ] ], [ [ [ 132.477, -0.353 ], [ 134.151, -0.862 ], [ 134.026, -0.954 ], [ 134.291, -1.354 ], [ 134.09, -1.664 ], [ 134.169, -2.298 ], [ 134.473, -2.865 ], [ 134.473, -2.551 ], [ 134.641, -2.48 ], [ 134.696, -2.967 ], [ 134.863, -2.89 ], [ 134.811, -3.135 ], [ 135.114, -3.369 ], [ 135.482, -3.362 ], [ 135.921, -2.987 ], [ 136.41, -2.211 ], [ 137.286, -2.104 ], [ 137.176, -1.777 ], [ 137.8, -1.473 ], [ 139.751, -2.356 ], [ 140.156, -2.32 ], [ 140.722, -2.487 ], [ 140.695, -2.616 ], [ 140.732, -2.64 ], [ 141.0, -2.609 ], [ 141.0, -6.322 ], [ 140.842, -6.611 ], [ 141.019, -6.892 ], [ 141.019, -9.13 ], [ 140.369, -8.499 ], [ 140.398, -8.472 ], [ 140.386, -8.444 ], [ 140.429, -8.483 ], [ 140.462, -8.476 ], [ 140.463, -8.448 ], [ 140.488, -8.459 ], [ 140.473, -8.445 ], [ 139.963, -8.195 ], [ 140.065, -8.057 ], [ 140.056, -7.884 ], [ 140.126, -7.906 ], [ 140.148, -7.858 ], [ 140.055, -7.878 ], [ 139.943, -8.1 ], [ 139.361, -8.163 ], [ 139.25, -8.0 ], [ 138.948, -8.255 ], [ 138.868, -8.106 ], [ 138.967, -8.052 ], [ 139.13, -7.566 ], [ 138.675, -7.203 ], [ 139.422, -7.225 ], [ 139.439, -7.214 ], [ 139.439, -7.194 ], [ 139.358, -7.159 ], [ 139.409, -7.121 ], [ 139.467, -7.237 ], [ 139.543, -7.27 ], [ 139.577, -7.252 ], [ 139.595, -7.171 ], [ 139.644, -7.163 ], [ 139.637, -7.245 ], [ 139.669, -7.28 ], [ 139.652, -7.162 ], [ 139.597, -7.149 ], [ 139.542, -7.259 ], [ 139.479, -7.139 ], [ 139.386, -7.099 ], [ 139.341, -7.162 ], [ 139.43, -7.211 ], [ 139.05, -7.204 ], [ 138.549, -6.954 ], [ 138.89, -6.832 ], [ 139.212, -7.004 ], [ 139.225, -6.994 ], [ 138.405, -6.345 ], [ 138.245, -5.877 ], [ 138.396, -5.828 ], [ 138.405, -5.731 ], [ 138.413, -5.731 ], [ 138.427, -5.758 ], [ 138.448, -5.773 ], [ 138.458, -5.764 ], [ 138.382, -5.703 ], [ 138.281, -5.837 ], [ 138.213, -5.669 ], [ 138.061, -5.731 ], [ 138.177, -5.443 ], [ 138.122, -5.524 ], [ 138.073, -5.53 ], [ 137.875, -5.36 ], [ 137.994, -5.29 ], [ 138.002, -5.265 ], [ 137.782, -5.34 ], [ 137.835, -5.294 ], [ 137.857, -5.247 ], [ 137.764, -5.311 ], [ 137.825, -5.226 ], [ 137.811, -5.173 ], [ 137.84, -5.169 ], [ 137.862, -5.141 ], [ 137.862, -5.12 ], [ 137.806, -5.171 ], [ 137.82, -5.219 ], [ 137.754, -5.275 ], [ 137.69, -5.227 ], [ 137.754, -5.133 ], [ 137.72, -5.11 ], [ 137.556, -5.175 ], [ 137.673, -5.107 ], [ 137.553, -5.135 ], [ 137.696, -4.985 ], [ 137.638, -4.887 ], [ 137.505, -5.144 ], [ 137.551, -4.993 ], [ 137.434, -5.104 ], [ 137.492, -4.924 ], [ 137.455, -4.892 ], [ 137.405, -5.106 ], [ 137.438, -4.924 ], [ 137.34, -5.042 ], [ 137.295, -5.001 ], [ 137.369, -4.965 ], [ 137.402, -4.889 ], [ 137.298, -4.965 ], [ 137.289, -5.019 ], [ 137.253, -4.954 ], [ 137.346, -4.882 ], [ 137.197, -4.992 ], [ 137.058, -4.809 ], [ 137.063, -4.919 ], [ 136.929, -4.899 ], [ 137.002, -4.852 ], [ 136.99, -4.814 ], [ 136.957, -4.803 ], [ 136.827, -4.902 ], [ 136.877, -4.783 ], [ 136.742, -4.866 ], [ 135.936, -4.489 ], [ 135.206, -4.448 ], [ 134.63, -4.111 ], [ 134.947, -3.914 ], [ 134.517, -4.025 ], [ 134.344, -3.864 ], [ 134.319, -4.027 ], [ 134.125, -3.89 ], [ 134.155, -3.737 ], [ 133.981, -3.86 ], [ 133.847, -3.553 ], [ 133.826, -3.718 ], [ 133.632, -3.471 ], [ 133.71, -3.41 ], [ 133.702, -3.153 ], [ 133.852, -3.017 ], [ 133.929, -3.112 ], [ 133.861, -2.912 ], [ 133.661, -3.12 ], [ 133.662, -3.391 ], [ 133.42, -3.394 ], [ 133.59, -3.565 ], [ 133.421, -3.695 ], [ 133.447, -3.596 ], [ 133.441, -3.575 ], [ 133.468, -3.564 ], [ 133.474, -3.526 ], [ 133.349, -3.558 ], [ 133.458, -3.864 ], [ 133.28, -3.842 ], [ 133.407, -3.908 ], [ 133.25, -4.069 ], [ 132.9, -4.087 ], [ 132.724, -3.64 ], [ 132.93, -3.55 ], [ 132.837, -3.297 ], [ 132.657, -3.316 ], [ 132.344, -2.948 ], [ 131.973, -2.934 ], [ 132.056, -2.805 ], [ 131.943, -2.782 ], [ 132.187, -2.669 ], [ 132.722, -2.814 ], [ 133.237, -2.408 ], [ 133.396, -2.526 ], [ 133.277, -2.704 ], [ 133.446, -2.504 ], [ 133.448, -2.677 ], [ 133.481, -2.513 ], [ 133.554, -2.661 ], [ 133.681, -2.556 ], [ 133.644, -2.808 ], [ 133.709, -2.503 ], [ 133.752, -2.516 ], [ 133.806, -2.64 ], [ 133.837, -2.669 ], [ 133.86, -2.391 ], [ 134.029, -2.469 ], [ 134.051, -2.329 ], [ 133.865, -2.33 ], [ 134.022, -2.157 ], [ 133.966, -2.048 ], [ 133.644, -2.232 ], [ 132.304, -2.291 ], [ 132.041, -2.085 ], [ 132.227, -1.961 ], [ 132.017, -2.023 ], [ 131.919, -1.87 ], [ 132.129, -1.608 ], [ 131.907, -1.715 ], [ 131.88, -1.634 ], [ 131.983, -1.552 ], [ 131.986, -1.425 ], [ 131.801, -1.615 ], [ 131.698, -1.388 ], [ 131.527, -1.483 ], [ 131.558, -1.389 ], [ 131.54, -1.36 ], [ 131.582, -1.361 ], [ 131.586, -1.343 ], [ 131.53, -1.356 ], [ 131.448, -1.518 ], [ 131.431, -1.412 ], [ 131.299, -1.337 ], [ 131.21, -1.532 ], [ 130.931, -1.431 ], [ 131.228, -1.129 ], [ 131.228, -0.827 ], [ 131.832, -0.709 ], [ 132.477, -0.353 ] ] ], [ [ [ 127.543, -0.321 ], [ 127.693, -0.473 ], [ 127.652, -0.709 ], [ 127.898, -0.783 ], [ 127.82, -0.873 ], [ 127.469, -0.835 ], [ 127.294, -0.522 ], [ 127.317, -0.338 ], [ 127.543, -0.321 ] ] ], [ [ [ 130.805, -0.009 ], [ 131.148, -0.081 ], [ 131.336, -0.3 ], [ 130.953, -0.362 ], [ 130.69, -0.079 ], [ 130.612, -0.081 ], [ 130.939, -0.366 ], [ 130.724, -0.45 ], [ 130.674, -0.299 ], [ 130.546, -0.442 ], [ 130.51, -0.25 ], [ 130.428, -0.293 ], [ 130.21, -0.211 ], [ 130.805, -0.009 ] ] ], [ [ [ 104.604, -0.019 ], [ 104.749, -0.196 ], [ 104.994, -0.31 ], [ 104.425, -0.241 ], [ 104.604, -0.019 ] ] ], [ [ [ 102.52, 1.127 ], [ 102.626, 0.987 ], [ 103.043, 0.828 ], [ 103.035, 0.683 ], [ 102.924, 0.773 ], [ 102.442, 0.82 ], [ 102.412, 0.879 ], [ 102.507, 0.936 ], [ 102.52, 1.127 ] ] ], [ [ [ 103.021, 1.049 ], [ 103.145, 0.824 ], [ 102.627, 1.01 ], [ 102.759, 1.156 ], [ 103.021, 1.049 ] ] ], [ [ [ 104.587, 1.221 ], [ 104.666, 1.037 ], [ 104.594, 0.806 ], [ 104.416, 0.96 ], [ 104.473, 0.977 ], [ 104.514, 1.044 ], [ 104.222, 1.065 ], [ 104.587, 1.221 ] ] ], [ [ [ 102.293, 1.41 ], [ 102.491, 1.227 ], [ 102.42, 0.911 ], [ 102.25, 1.068 ], [ 102.293, 1.41 ] ] ], [ [ [ 97.384, 1.499 ], [ 97.906, 1.028 ], [ 97.817, 0.546 ], [ 97.059, 1.4 ], [ 97.384, 1.499 ] ] ], [ [ [ 102.208, 1.565 ], [ 102.469, 1.515 ], [ 102.511, 1.242 ], [ 102.296, 1.426 ], [ 102.103, 1.467 ], [ 101.994, 1.608 ], [ 102.208, 1.565 ] ] ], [ [ [ 125.0, 1.757 ], [ 125.229, 1.466 ], [ 124.466, 0.449 ], [ 123.628, 0.271 ], [ 123.266, 0.314 ], [ 123.068, 0.53 ], [ 121.792, 0.411 ], [ 121.523, 0.553 ], [ 121.062, 0.405 ], [ 120.542, 0.531 ], [ 120.144, 0.205 ], [ 120.0, -0.219 ], [ 120.06, -0.633 ], [ 120.295, -0.95 ], [ 120.508, -0.986 ], [ 120.679, -1.42 ], [ 121.096, -1.424 ], [ 121.628, -0.799 ], [ 121.94, -0.982 ], [ 122.201, -0.775 ], [ 122.958, -0.749 ], [ 122.718, -0.659 ], [ 123.054, -0.561 ], [ 123.456, -0.769 ], [ 123.324, -1.051 ], [ 123.097, -0.833 ], [ 122.798, -0.94 ], [ 122.387, -1.498 ], [ 121.856, -1.672 ], [ 121.661, -1.944 ], [ 121.336, -1.775 ], [ 121.286, -1.838 ], [ 122.478, -3.166 ], [ 122.194, -3.601 ], [ 122.666, -3.896 ], [ 122.531, -3.97 ], [ 122.68, -4.154 ], [ 122.846, -4.063 ], [ 122.891, -4.397 ], [ 122.671, -4.323 ], [ 122.745, -4.503 ], [ 122.592, -4.392 ], [ 122.09, -4.536 ], [ 122.007, -4.897 ], [ 121.538, -4.765 ], [ 121.603, -4.06 ], [ 120.881, -3.532 ], [ 121.087, -2.719 ], [ 120.68, -2.649 ], [ 120.191, -2.97 ], [ 120.413, -3.272 ], [ 120.33, -4.114 ], [ 120.454, -4.658 ], [ 120.261, -5.144 ], [ 120.466, -5.622 ], [ 120.325, -5.512 ], [ 119.773, -5.706 ], [ 119.431, -5.596 ], [ 119.35, -5.327 ], [ 119.63, -3.973 ], [ 119.419, -3.461 ], [ 118.931, -3.569 ], [ 118.774, -3.095 ], [ 118.884, -2.899 ], [ 118.753, -2.782 ], [ 119.144, -2.473 ], [ 119.143, -2.192 ], [ 119.348, -1.934 ], [ 119.333, -1.175 ], [ 119.737, -0.645 ], [ 119.871, -0.878 ], [ 119.812, -0.14 ], [ 119.612, -0.011 ], [ 119.842, -0.102 ], [ 119.776, 0.222 ], [ 119.901, 0.225 ], [ 120.046, 0.718 ], [ 120.283, 0.983 ], [ 120.591, 0.76 ], [ 120.911, 1.355 ], [ 121.459, 1.302 ], [ 121.561, 1.06 ], [ 122.437, 1.029 ], [ 122.847, 0.805 ], [ 122.973, 0.966 ], [ 123.942, 0.833 ], [ 124.584, 1.196 ], [ 124.535, 1.358 ], [ 124.822, 1.466 ], [ 125.0, 1.757 ] ] ], [ [ [ 101.683, 2.108 ], [ 101.742, 1.766 ], [ 101.461, 1.72 ], [ 101.403, 2.01 ], [ 101.683, 2.108 ] ] ], [ [ [ 127.98, 2.186 ], [ 127.841, 1.854 ], [ 128.019, 1.711 ], [ 128.016, 1.315 ], [ 127.653, 0.876 ], [ 127.876, 0.821 ], [ 127.979, 1.084 ], [ 128.191, 1.166 ], [ 128.097, 1.287 ], [ 128.411, 1.532 ], [ 128.693, 1.591 ], [ 128.752, 1.404 ], [ 128.703, 1.07 ], [ 128.189, 0.786 ], [ 128.68, 0.56 ], [ 128.67, 0.342 ], [ 128.824, 0.3 ], [ 128.909, 0.207 ], [ 128.066, 0.476 ], [ 127.863, 0.3 ], [ 128.047, -0.423 ], [ 128.436, -0.921 ], [ 128.017, -0.694 ], [ 127.688, -0.279 ], [ 127.728, 0.309 ], [ 127.527, 0.56 ], [ 127.632, 0.854 ], [ 127.391, 1.045 ], [ 127.57, 1.758 ], [ 127.98, 2.186 ] ] ], [ [ [ 128.605, 2.581 ], [ 128.569, 2.107 ], [ 128.257, 1.985 ], [ 128.19, 2.284 ], [ 128.605, 2.581 ] ] ], [ [ [ 95.798, 2.906 ], [ 96.113, 2.748 ], [ 96.497, 2.362 ], [ 95.791, 2.623 ], [ 95.69, 2.769 ], [ 95.798, 2.906 ] ] ], [ [ [ 108.27, 4.083 ], [ 108.408, 3.861 ], [ 108.298, 3.658 ], [ 108.155, 3.63 ], [ 108.121, 3.747 ], [ 108.193, 3.783 ], [ 108.272, 3.708 ], [ 108.281, 3.711 ], [ 107.968, 4.01 ], [ 108.216, 4.232 ], [ 108.27, 4.083 ] ] ], [ [ [ 117.524, -0.434 ], [ 117.634, -0.426 ], [ 117.465, -0.54 ], [ 117.575, -0.641 ], [ 117.445, -0.672 ], [ 117.61, -0.791 ], [ 117.451, -0.748 ], [ 117.341, -0.914 ], [ 117.288, -0.756 ], [ 116.901, -1.274 ], [ 116.731, -1.056 ], [ 116.76, -1.369 ], [ 116.206, -1.783 ], [ 116.449, -1.775 ], [ 116.454, -2.06 ], [ 116.313, -2.135 ], [ 116.593, -2.279 ], [ 116.513, -2.57 ], [ 116.298, -2.523 ], [ 116.399, -2.568 ], [ 116.27, -3.014 ], [ 116.146, -2.799 ], [ 116.101, -2.864 ], [ 116.273, -3.134 ], [ 115.976, -3.599 ], [ 114.627, -4.187 ], [ 114.539, -3.349 ], [ 114.472, -3.503 ], [ 114.098, -3.275 ], [ 113.632, -3.464 ], [ 113.613, -3.155 ], [ 113.345, -3.283 ], [ 113.027, -2.937 ], [ 113.032, -3.144 ], [ 112.631, -3.41 ], [ 112.236, -3.31 ], [ 111.881, -3.57 ], [ 111.785, -3.528 ], [ 111.827, -3.05 ], [ 111.7, -2.804 ], [ 111.541, -3.04 ], [ 111.414, -2.902 ], [ 110.657, -3.074 ], [ 110.539, -2.865 ], [ 110.278, -3.019 ], [ 110.125, -2.039 ], [ 109.896, -1.839 ], [ 110.081, -1.411 ], [ 109.907, -1.209 ], [ 109.989, -1.128 ], [ 109.724, -0.926 ], [ 109.283, -0.875 ], [ 109.254, -0.66 ], [ 109.458, -0.749 ], [ 109.571, -0.746 ], [ 109.115, -0.518 ], [ 109.171, -0.231 ], [ 109.051, -0.25 ], [ 109.2, 0.054 ], [ 108.912, 0.318 ], [ 108.839, 0.815 ], [ 109.051, 1.524 ], [ 109.331, 1.949 ], [ 109.636, 2.083 ], [ 109.536, 1.921 ], [ 109.659, 1.62 ], [ 110.572, 0.855 ], [ 111.232, 1.086 ], [ 111.828, 0.988 ], [ 112.486, 1.58 ], [ 112.991, 1.58 ], [ 112.971, 1.412 ], [ 113.632, 1.219 ], [ 113.975, 1.449 ], [ 114.583, 1.441 ], [ 114.719, 1.856 ], [ 114.883, 1.914 ], [ 114.752, 2.191 ], [ 115.249, 2.509 ], [ 115.094, 2.824 ], [ 115.285, 3.048 ], [ 115.517, 3.057 ], [ 115.657, 3.44 ], [ 115.561, 3.917 ], [ 115.879, 4.392 ], [ 116.08, 4.278 ], [ 116.166, 4.389 ], [ 117.244, 4.374 ], [ 117.841, 3.799 ], [ 117.763, 3.646 ], [ 117.521, 3.682 ], [ 117.498, 3.601 ], [ 117.155, 3.645 ], [ 117.019, 3.602 ], [ 117.18, 3.621 ], [ 117.625, 3.486 ], [ 117.227, 3.487 ], [ 117.441, 3.414 ], [ 117.517, 3.287 ], [ 117.349, 3.239 ], [ 117.316, 3.172 ], [ 117.603, 3.102 ], [ 117.742, 2.826 ], [ 117.63, 2.802 ], [ 118.094, 2.306 ], [ 117.762, 2.017 ], [ 117.839, 1.832 ], [ 118.996, 1.023 ], [ 118.794, 0.797 ], [ 118.358, 0.806 ], [ 117.885, 1.122 ], [ 118.031, 0.788 ], [ 117.757, 0.766 ], [ 117.55, 0.414 ], [ 117.421, -0.252 ], [ 117.524, -0.434 ] ] ], [ [ [ 126.794, 4.53 ], [ 126.921, 4.278 ], [ 126.694, 3.991 ], [ 126.801, 4.243 ], [ 126.694, 4.4 ], [ 126.794, 4.53 ] ] ], [ [ [ 98.531, 3.937 ], [ 99.76, 3.172 ], [ 100.129, 2.522 ], [ 100.215, 2.71 ], [ 100.436, 2.274 ], [ 100.913, 1.85 ], [ 100.77, 2.224 ], [ 101.047, 2.29 ], [ 101.403, 1.707 ], [ 101.762, 1.667 ], [ 102.158, 1.368 ], [ 102.227, 1.002 ], [ 102.405, 0.816 ], [ 102.922, 0.707 ], [ 103.11, 0.446 ], [ 102.698, 0.215 ], [ 103.334, 0.543 ], [ 103.739, 0.268 ], [ 103.811, 0.004 ], [ 103.437, -0.203 ], [ 103.771, -0.347 ], [ 103.416, -0.527 ], [ 103.378, -0.732 ], [ 103.748, -1.012 ], [ 104.372, -1.027 ], [ 104.458, -1.936 ], [ 104.55, -1.861 ], [ 104.867, -2.075 ], [ 104.634, -2.389 ], [ 104.721, -2.586 ], [ 104.852, -2.292 ], [ 105.611, -2.395 ], [ 105.804, -2.91 ], [ 106.052, -3.007 ], [ 106.084, -3.233 ], [ 105.815, -3.638 ], [ 105.957, -3.839 ], [ 105.809, -4.141 ], [ 105.913, -4.936 ], [ 105.726, -5.902 ], [ 105.288, -5.444 ], [ 105.166, -5.806 ], [ 104.527, -5.525 ], [ 104.729, -5.927 ], [ 104.571, -5.942 ], [ 103.723, -4.97 ], [ 102.285, -3.979 ], [ 102.216, -3.671 ], [ 101.608, -3.24 ], [ 100.887, -2.333 ], [ 100.849, -1.914 ], [ 100.393, -1.273 ], [ 100.334, -0.878 ], [ 99.733, -0.037 ], [ 99.139, 0.252 ], [ 98.717, 1.558 ], [ 98.799, 1.72 ], [ 97.76, 2.266 ], [ 97.604, 2.87 ], [ 96.873, 3.687 ], [ 96.497, 3.751 ], [ 95.539, 4.647 ], [ 95.19, 5.523 ], [ 95.613, 5.627 ], [ 96.388, 5.215 ], [ 97.501, 5.253 ], [ 97.904, 4.885 ], [ 97.961, 4.527 ], [ 98.289, 4.422 ], [ 98.146, 4.078 ], [ 98.531, 3.937 ] ] ] ] } },
{ "type": "Feature", "properties": { }, "geometry": { "type": "Polygon", "coordinates": [ [ [ 103.86, 1.443 ], [ 103.958, 1.308 ], [ 103.639, 1.326 ], [ 103.717, 1.448 ], [ 103.86, 1.443 ] ] ] } },
{ "type": "Feature", "properties": { }, "geometry": { "type": "Polygon", "coordinates": [ [ [ 114.288, 11.051 ], [ 114.286, 11.049 ], [ 114.278, 11.05 ], [ 114.285, 11.056 ], [ 114.288, 11.051 ] ] ] } },
{ "type": "Feature", "properties": { }, "geometry": { "type": "MultiPolygon", "coordinates": [ [ [ [ 124.447, -9.167 ], [ 124.352, -9.485 ], [ 124.045, -9.344 ], [ 124.186, -9.25 ], [ 124.447, -9.167 ] ] ], [ [ [ 127.002, -8.322 ], [ 127.301, -8.431 ], [ 126.48, -8.947 ], [ 125.09, -9.46 ], [ 124.995, -9.29 ], [ 125.179, -9.166 ], [ 125.12, -8.97 ], [ 124.932, -9.028 ], [ 125.123, -8.64 ], [ 127.002, -8.322 ] ] ] ] } },
{ "type": "Feature", "properties": { }, "geometry": { "type": "Polygon", "coordinates": [ [ [ 73.544, 1.943 ], [ 73.553, 1.928 ], [ 73.532, 1.866 ], [ 73.525, 1.875 ], [ 73.544, 1.943 ] ] ] } },
{ "type": "Feature", "properties": { }, "geometry": { "type": "Polygon", "coordinates": [ [ [ 81.708, 30.417 ], [ 82.102, 30.349 ], [ 82.175, 30.071 ], [ 83.264, 29.574 ], [ 83.582, 29.181 ], [ 83.915, 29.328 ], [ 84.2, 29.243 ], [ 84.225, 28.9 ], [ 84.419, 28.737 ], [ 84.855, 28.572 ], [ 85.183, 28.642 ], [ 85.123, 28.336 ], [ 85.603, 28.256 ], [ 85.715, 28.384 ], [ 85.988, 27.915 ], [ 86.123, 27.93 ], [ 86.174, 28.165 ], [ 86.413, 27.908 ], [ 86.698, 28.105 ], [ 87.172, 27.822 ], [ 87.725, 27.807 ], [ 87.831, 27.952 ], [ 88.196, 27.855 ], [ 87.993, 27.126 ], [ 88.189, 26.771 ], [ 88.093, 26.428 ], [ 87.337, 26.354 ], [ 87.069, 26.587 ], [ 86.734, 26.424 ], [ 86.346, 26.619 ], [ 85.853, 26.569 ], [ 85.638, 26.873 ], [ 85.21, 26.761 ], [ 84.645, 27.048 ], [ 84.624, 27.338 ], [ 84.154, 27.519 ], [ 83.866, 27.349 ], [ 83.39, 27.479 ], [ 83.341, 27.333 ], [ 82.761, 27.501 ], [ 82.711, 27.719 ], [ 81.887, 27.856 ], [ 81.318, 28.136 ], [ 81.203, 28.37 ], [ 80.078, 28.824 ], [ 80.367, 29.749 ], [ 80.904, 30.217 ], [ 81.239, 30.011 ], [ 81.416, 30.423 ], [ 81.708, 30.417 ] ] ] } },
{ "type": "Feature", "properties": { }, "geometry": { "type": "Polygon", "coordinates": [ [ [ 73.605, 36.906 ], [ 73.855, 36.714 ], [ 73.06, 36.691 ], [ 72.553, 36.231 ], [ 72.513, 35.9 ], [ 73.092, 35.86 ], [ 73.281, 35.614 ], [ 73.807, 35.504 ], [ 73.727, 35.221 ], [ 74.127, 35.125 ], [ 73.401, 34.405 ], [ 73.628, 33.095 ], [ 74.372, 32.771 ], [ 74.697, 32.84 ], [ 74.687, 32.493 ], [ 75.083, 32.48 ], [ 75.375, 32.224 ], [ 74.544, 31.822 ], [ 74.641, 31.465 ], [ 74.536, 31.154 ], [ 74.686, 31.061 ], [ 73.935, 30.463 ], [ 73.965, 30.191 ], [ 73.397, 29.939 ], [ 72.944, 29.034 ], [ 72.396, 28.775 ], [ 71.9, 27.964 ], [ 70.865, 27.705 ], [ 70.563, 28.02 ], [ 70.366, 28.008 ], [ 69.578, 27.165 ], [ 69.508, 26.748 ], [ 70.168, 26.551 ], [ 70.096, 25.944 ], [ 70.275, 25.711 ], [ 70.659, 25.702 ], [ 70.666, 25.396 ], [ 71.086, 24.693 ], [ 71.001, 24.449 ], [ 71.124, 24.409 ], [ 70.669, 24.219 ], [ 70.562, 24.353 ], [ 70.72, 24.467 ], [ 70.652, 24.483 ], [ 69.912, 24.164 ], [ 69.59, 24.287 ], [ 68.986, 24.226 ], [ 68.693, 24.394 ], [ 68.434, 24.123 ], [ 68.266, 24.082 ], [ 68.217, 24.24 ], [ 68.005, 24.113 ], [ 67.934, 24.192 ], [ 67.99, 24.213 ], [ 67.967, 24.24 ], [ 67.969, 24.245 ], [ 67.968, 24.248 ], [ 67.967, 24.248 ], [ 67.489, 24.041 ], [ 67.619, 24.353 ], [ 67.392, 24.562 ], [ 67.47, 24.539 ], [ 67.594, 24.741 ], [ 66.665, 24.826 ], [ 66.746, 25.184 ], [ 66.552, 25.54 ], [ 66.375, 25.624 ], [ 66.177, 25.577 ], [ 66.091, 25.456 ], [ 66.349, 25.545 ], [ 66.52, 25.405 ], [ 64.779, 25.375 ], [ 64.588, 25.155 ], [ 63.998, 25.497 ], [ 63.915, 25.414 ], [ 64.061, 25.329 ], [ 63.891, 25.342 ], [ 63.726, 25.392 ], [ 63.773, 25.373 ], [ 63.693, 25.384 ], [ 63.691, 25.386 ], [ 63.682, 25.387 ], [ 63.681, 25.395 ], [ 63.676, 25.395 ], [ 63.447, 25.318 ], [ 63.496, 25.206 ], [ 62.844, 25.314 ], [ 61.731, 25.023 ], [ 61.806, 25.194 ], [ 61.604, 25.177 ], [ 61.848, 26.228 ], [ 62.283, 26.358 ], [ 62.435, 26.568 ], [ 63.169, 26.647 ], [ 63.317, 27.139 ], [ 62.783, 27.234 ], [ 62.792, 28.277 ], [ 61.804, 28.64 ], [ 60.873, 29.858 ], [ 62.469, 29.389 ], [ 63.577, 29.487 ], [ 64.115, 29.377 ], [ 64.555, 29.59 ], [ 65.065, 29.53 ], [ 66.267, 29.858 ], [ 66.392, 30.941 ], [ 66.731, 31.209 ], [ 67.773, 31.322 ], [ 67.568, 31.523 ], [ 68.171, 31.835 ], [ 68.544, 31.713 ], [ 68.433, 31.763 ], [ 68.576, 31.834 ], [ 68.907, 31.597 ], [ 69.33, 31.927 ], [ 69.238, 32.458 ], [ 69.454, 32.658 ], [ 69.496, 33.021 ], [ 70.327, 33.331 ], [ 69.904, 34.04 ], [ 70.495, 33.94 ], [ 71.083, 34.063 ], [ 71.176, 34.363 ], [ 71.011, 34.534 ], [ 71.681, 35.208 ], [ 71.543, 35.31 ], [ 71.657, 35.443 ], [ 71.553, 35.723 ], [ 71.251, 36.13 ], [ 72.247, 36.752 ], [ 73.605, 36.906 ] ] ] } },
{ "type": "Feature", "properties": { }, "geometry": { "type": "MultiPolygon", "coordinates": [ [ [ [ 93.843, 7.237 ], [ 93.948, 7.002 ], [ 93.827, 6.756 ], [ 93.656, 7.118 ], [ 93.843, 7.237 ] ] ], [ [ [ 92.517, 10.898 ], [ 92.568, 10.577 ], [ 92.385, 10.532 ], [ 92.378, 10.784 ], [ 92.517, 10.898 ] ] ], [ [ [ 93.028, 13.577 ], [ 93.034, 13.082 ], [ 92.854, 12.925 ], [ 92.974, 12.531 ], [ 92.824, 12.431 ], [ 92.711, 11.478 ], [ 92.515, 11.85 ], [ 92.771, 12.231 ], [ 92.722, 12.817 ], [ 92.843, 13.41 ], [ 93.028, 13.577 ] ] ], [ [ [ 72.849, 19.319 ], [ 73.003, 19.223 ], [ 72.982, 19.193 ], [ 72.959, 19.105 ], [ 72.957, 19.032 ], [ 72.8, 18.88 ], [ 72.849, 19.319 ] ] ], [ [ [ 69.786, 23.984 ], [ 69.978, 23.877 ], [ 69.922, 23.58 ], [ 70.197, 23.397 ], [ 70.673, 23.767 ], [ 70.626, 23.956 ], [ 70.917, 23.869 ], [ 70.925, 23.832 ], [ 70.824, 23.778 ], [ 70.828, 23.755 ], [ 71.153, 23.476 ], [ 70.792, 23.193 ], [ 70.785, 23.258 ], [ 70.309, 23.209 ], [ 70.12, 22.928 ], [ 69.801, 22.849 ], [ 69.683, 22.774 ], [ 69.72, 22.739 ], [ 69.715, 22.741 ], [ 69.716, 22.736 ], [ 69.706, 22.735 ], [ 69.705, 22.732 ], [ 69.697, 22.731 ], [ 69.191, 22.84 ], [ 68.758, 23.081 ], [ 68.73, 23.106 ], [ 68.658, 23.151 ], [ 68.627, 23.176 ], [ 68.633, 23.18 ], [ 68.656, 23.154 ], [ 68.696, 23.133 ], [ 68.73, 23.108 ], [ 68.753, 23.088 ], [ 68.485, 23.549 ], [ 68.657, 23.799 ], [ 69.307, 23.88 ], [ 69.658, 23.735 ], [ 69.786, 23.984 ] ] ], [ [ [ 69.613, 24.268 ], [ 70.086, 24.209 ], [ 69.991, 24.054 ], [ 69.496, 23.98 ], [ 68.933, 24.242 ], [ 69.613, 24.268 ] ] ], [ [ [ 76.517, 33.171 ], [ 77.33, 32.83 ], [ 77.772, 32.98 ], [ 78.005, 32.618 ], [ 78.388, 32.743 ], [ 78.283, 32.463 ], [ 78.424, 32.505 ], [ 78.452, 32.145 ], [ 78.767, 31.943 ], [ 78.753, 31.358 ], [ 79.008, 31.047 ], [ 79.88, 30.97 ], [ 80.207, 30.588 ], [ 81.032, 30.25 ], [ 80.367, 29.749 ], [ 80.078, 28.824 ], [ 81.203, 28.37 ], [ 81.318, 28.136 ], [ 81.887, 27.856 ], [ 82.711, 27.719 ], [ 82.761, 27.501 ], [ 83.341, 27.333 ], [ 83.39, 27.479 ], [ 83.866, 27.349 ], [ 84.154, 27.519 ], [ 84.624, 27.338 ], [ 84.645, 27.048 ], [ 85.21, 26.761 ], [ 85.638, 26.873 ], [ 85.853, 26.569 ], [ 86.346, 26.619 ], [ 86.734, 26.424 ], [ 87.069, 26.587 ], [ 87.33, 26.355 ], [ 87.89, 26.482 ], [ 88.03, 26.364 ], [ 88.189, 26.748 ], [ 87.992, 27.11 ], [ 88.119, 27.922 ], [ 88.643, 28.115 ], [ 88.88, 27.893 ], [ 88.768, 27.567 ], [ 88.923, 27.273 ], [ 88.76, 27.114 ], [ 88.877, 26.949 ], [ 89.647, 26.721 ], [ 90.368, 26.902 ], [ 91.335, 26.777 ], [ 93.567, 26.942 ], [ 93.829, 27.037 ], [ 94.276, 27.585 ], [ 94.885, 27.747 ], [ 95.874, 28.301 ], [ 97.044, 27.823 ], [ 96.901, 27.458 ], [ 97.167, 27.126 ], [ 96.715, 27.366 ], [ 96.232, 27.276 ], [ 95.144, 26.611 ], [ 95.183, 26.064 ], [ 94.631, 25.387 ], [ 94.579, 25.211 ], [ 94.74, 25.022 ], [ 94.161, 23.855 ], [ 93.331, 24.08 ], [ 93.388, 23.136 ], [ 93.131, 23.044 ], [ 93.199, 22.26 ], [ 92.906, 21.947 ], [ 92.707, 22.151 ], [ 92.607, 21.971 ], [ 92.274, 23.713 ], [ 91.954, 23.726 ], [ 91.828, 23.091 ], [ 91.62, 22.929 ], [ 91.428, 23.259 ], [ 91.35, 23.085 ], [ 91.151, 23.641 ], [ 91.388, 24.109 ], [ 91.751, 24.236 ], [ 91.902, 24.143 ], [ 91.964, 24.375 ], [ 92.132, 24.392 ], [ 92.26, 24.83 ], [ 92.49, 24.868 ], [ 92.413, 25.021 ], [ 92.055, 25.185 ], [ 90.443, 25.146 ], [ 89.858, 25.282 ], [ 89.88, 25.931 ], [ 89.675, 26.229 ], [ 89.569, 25.96 ], [ 89.357, 26.008 ], [ 89.1, 26.396 ], [ 88.901, 26.407 ], [ 89.056, 26.289 ], [ 89.003, 26.229 ], [ 88.673, 26.27 ], [ 88.745, 26.354 ], [ 88.395, 26.629 ], [ 88.332, 26.484 ], [ 88.526, 26.373 ], [ 88.18, 26.145 ], [ 88.115, 25.802 ], [ 88.536, 25.513 ], [ 88.804, 25.533 ], [ 89.011, 25.299 ], [ 88.922, 25.172 ], [ 88.442, 25.201 ], [ 88.34, 24.886 ], [ 88.141, 24.934 ], [ 88.028, 24.688 ], [ 88.14, 24.509 ], [ 88.725, 24.291 ], [ 88.776, 23.984 ], [ 88.571, 23.646 ], [ 88.803, 23.49 ], [ 88.728, 23.257 ], [ 88.997, 23.2 ], [ 88.866, 22.958 ], [ 89.068, 22.186 ], [ 88.721, 22.005 ], [ 88.605, 22.023 ], [ 88.607, 22.046 ], [ 88.596, 22.063 ], [ 88.601, 22.071 ], [ 88.602, 22.074 ], [ 88.601, 22.075 ], [ 88.598, 22.076 ], [ 88.591, 22.075 ], [ 88.591, 22.081 ], [ 88.589, 22.084 ], [ 88.586, 22.084 ], [ 88.475, 21.895 ], [ 88.465, 22.046 ], [ 88.267, 21.73 ], [ 88.207, 22.161 ], [ 88.049, 22.22 ], [ 88.189, 22.101 ], [ 87.829, 21.718 ], [ 86.889, 21.321 ], [ 86.776, 21.142 ], [ 86.964, 20.794 ], [ 86.831, 20.774 ], [ 86.753, 20.613 ], [ 87.054, 20.718 ], [ 86.739, 20.524 ], [ 86.79, 20.345 ], [ 86.376, 19.984 ], [ 86.288, 20.063 ], [ 86.221, 20.034 ], [ 86.341, 19.97 ], [ 86.238, 19.905 ], [ 85.174, 19.468 ], [ 84.124, 18.309 ], [ 82.373, 17.152 ], [ 82.296, 16.711 ], [ 82.017, 16.69 ], [ 82.315, 16.571 ], [ 81.717, 16.307 ], [ 81.561, 16.401 ], [ 81.263, 16.327 ], [ 81.394, 16.343 ], [ 80.828, 15.745 ], [ 80.773, 15.889 ], [ 80.496, 15.941 ], [ 80.319, 15.759 ], [ 80.0, 15.22 ], [ 80.357, 13.312 ], [ 79.761, 11.624 ], [ 79.883, 10.305 ], [ 79.274, 10.241 ], [ 78.898, 9.49 ], [ 79.191, 9.282 ], [ 78.378, 9.087 ], [ 78.187, 8.924 ], [ 78.068, 8.373 ], [ 77.551, 8.077 ], [ 76.987, 8.376 ], [ 76.547, 8.902 ], [ 76.664, 9.0 ], [ 76.536, 8.936 ], [ 76.325, 9.46 ], [ 76.239, 9.967 ], [ 76.345, 9.713 ], [ 76.406, 9.672 ], [ 76.39, 9.85 ], [ 76.274, 9.982 ], [ 76.224, 9.976 ], [ 75.715, 11.393 ], [ 75.2, 12.007 ], [ 74.824, 12.844 ], [ 74.75, 13.642 ], [ 74.505, 14.279 ], [ 73.783, 15.409 ], [ 73.999, 15.51 ], [ 73.768, 15.491 ], [ 73.455, 16.054 ], [ 73.367, 16.378 ], [ 73.505, 16.414 ], [ 73.317, 16.514 ], [ 73.374, 16.945 ], [ 72.932, 18.22 ], [ 73.098, 18.14 ], [ 73.118, 18.33 ], [ 72.918, 18.348 ], [ 73.001, 18.549 ], [ 72.856, 18.694 ], [ 72.883, 18.808 ], [ 73.034, 18.676 ], [ 73.079, 18.756 ], [ 72.906, 18.885 ], [ 73.042, 18.977 ], [ 73.042, 19.302 ], [ 72.775, 19.35 ], [ 72.883, 19.525 ], [ 72.719, 19.538 ], [ 72.65, 19.84 ], [ 72.951, 20.758 ], [ 72.831, 20.809 ], [ 72.792, 20.897 ], [ 72.787, 20.923 ], [ 72.802, 20.897 ], [ 73.06, 20.992 ], [ 72.765, 20.926 ], [ 72.724, 21.05 ], [ 72.754, 21.028 ], [ 72.783, 21.051 ], [ 72.816, 21.032 ], [ 72.827, 21.033 ], [ 72.835, 21.045 ], [ 72.839, 21.033 ], [ 72.843, 21.031 ], [ 72.883, 21.052 ], [ 72.706, 21.076 ], [ 72.71, 21.133 ], [ 72.744, 21.143 ], [ 72.816, 21.193 ], [ 72.819, 21.203 ], [ 72.806, 21.22 ], [ 72.666, 21.154 ], [ 72.657, 21.072 ], [ 72.617, 21.085 ], [ 72.629, 21.382 ], [ 72.703, 21.467 ], [ 72.731, 21.46 ], [ 72.74, 21.472 ], [ 72.751, 21.445 ], [ 72.76, 21.447 ], [ 72.763, 21.453 ], [ 72.765, 21.447 ], [ 72.769, 21.443 ], [ 72.775, 21.441 ], [ 72.783, 21.443 ], [ 72.785, 21.441 ], [ 72.783, 21.433 ], [ 72.783, 21.427 ], [ 72.786, 21.421 ], [ 72.797, 21.422 ], [ 72.801, 21.423 ], [ 72.803, 21.424 ], [ 72.804, 21.425 ], [ 72.812, 21.422 ], [ 72.815, 21.422 ], [ 72.819, 21.424 ], [ 72.61, 21.584 ], [ 72.814, 21.654 ], [ 72.534, 21.667 ], [ 72.726, 21.951 ], [ 72.638, 21.959 ], [ 72.583, 21.896 ], [ 72.553, 21.896 ], [ 72.556, 21.887 ], [ 72.547, 21.887 ], [ 72.554, 21.886 ], [ 72.548, 21.879 ], [ 72.544, 21.879 ], [ 72.508, 21.915 ], [ 72.507, 21.965 ], [ 72.588, 22.205 ], [ 72.883, 22.227 ], [ 72.493, 22.372 ], [ 72.199, 22.033 ], [ 72.14, 22.134 ], [ 72.204, 21.989 ], [ 72.06, 21.942 ], [ 72.22, 21.945 ], [ 72.261, 21.748 ], [ 72.248, 21.794 ], [ 72.201, 21.826 ], [ 72.186, 21.828 ], [ 72.154, 21.805 ], [ 72.126, 21.82 ], [ 72.306, 21.628 ], [ 72.111, 21.199 ], [ 70.828, 20.69 ], [ 70.159, 21.055 ], [ 68.936, 22.312 ], [ 69.068, 22.48 ], [ 69.19, 22.244 ], [ 70.147, 22.522 ], [ 70.728, 23.195 ], [ 70.832, 23.095 ], [ 71.109, 23.223 ], [ 71.225, 23.154 ], [ 71.519, 23.183 ], [ 71.543, 23.174 ], [ 71.598, 23.171 ], [ 71.7, 23.14 ], [ 71.71, 23.138 ], [ 71.716, 23.138 ], [ 71.464, 23.28 ], [ 71.413, 23.19 ], [ 71.212, 23.206 ], [ 71.394, 23.355 ], [ 71.243, 23.323 ], [ 71.313, 23.574 ], [ 71.069, 23.607 ], [ 71.04, 23.805 ], [ 71.245, 23.96 ], [ 71.27, 24.059 ], [ 70.865, 24.292 ], [ 71.124, 24.409 ], [ 70.994, 24.473 ], [ 71.086, 24.693 ], [ 70.666, 25.396 ], [ 70.659, 25.702 ], [ 70.275, 25.711 ], [ 70.096, 25.944 ], [ 70.168, 26.551 ], [ 69.508, 26.748 ], [ 69.587, 27.178 ], [ 70.366, 28.008 ], [ 70.563, 28.02 ], [ 70.865, 27.705 ], [ 71.9, 27.964 ], [ 72.396, 28.775 ], [ 72.944, 29.034 ], [ 73.397, 29.939 ], [ 73.965, 30.191 ], [ 73.935, 30.463 ], [ 74.686, 31.061 ], [ 74.536, 31.154 ], [ 74.641, 31.465 ], [ 74.544, 31.822 ], [ 75.239, 32.087 ], [ 75.334, 32.327 ], [ 75.524, 32.27 ], [ 75.928, 32.612 ], [ 75.857, 32.895 ], [ 76.517, 33.171 ] ] ] ] } },
{ "type": "Feature", "properties": { }, "geometry": { "type": "MultiPolygon", "coordinates": [ [ [ [ 56.163, 26.991 ], [ 56.273, 26.944 ], [ 55.947, 26.699 ], [ 55.27, 26.558 ], [ 55.765, 26.802 ], [ 55.731, 26.948 ], [ 56.163, 26.991 ] ] ], [ [ [ 44.822, 39.612 ], [ 45.448, 38.995 ], [ 46.174, 38.841 ], [ 46.534, 38.868 ], [ 47.989, 39.708 ], [ 48.37, 39.375 ], [ 48.135, 39.268 ], [ 48.341, 39.021 ], [ 48.024, 38.842 ], [ 48.641, 38.396 ], [ 49.715, 38.263 ], [ 51.293, 38.715 ], [ 51.972, 37.928 ], [ 52.655, 37.778 ], [ 53.527, 37.323 ], [ 54.668, 37.435 ], [ 54.866, 37.768 ], [ 55.47, 38.094 ], [ 56.319, 38.074 ], [ 56.415, 38.254 ], [ 57.213, 38.28 ], [ 57.486, 37.918 ], [ 59.356, 37.531 ], [ 59.555, 37.132 ], [ 60.045, 37.02 ], [ 60.352, 36.628 ], [ 61.149, 36.64 ], [ 61.231, 36.118 ], [ 61.117, 35.963 ], [ 61.282, 35.535 ], [ 61.001, 34.643 ], [ 60.739, 34.518 ], [ 60.918, 34.305 ], [ 60.686, 34.311 ], [ 60.476, 34.082 ], [ 60.663, 33.534 ], [ 60.948, 33.513 ], [ 60.583, 33.13 ], [ 60.883, 32.198 ], [ 60.856, 31.487 ], [ 61.707, 31.376 ], [ 61.839, 31.036 ], [ 61.804, 30.834 ], [ 60.873, 29.858 ], [ 61.804, 28.64 ], [ 62.792, 28.277 ], [ 62.783, 27.234 ], [ 63.317, 27.139 ], [ 63.169, 26.647 ], [ 62.435, 26.568 ], [ 62.283, 26.358 ], [ 61.848, 26.228 ], [ 61.656, 25.298 ], [ 61.415, 25.064 ], [ 60.606, 25.288 ], [ 60.532, 25.446 ], [ 60.459, 25.292 ], [ 59.209, 25.523 ], [ 59.023, 25.414 ], [ 58.559, 25.641 ], [ 58.121, 25.555 ], [ 57.939, 25.704 ], [ 57.759, 25.639 ], [ 57.3, 25.792 ], [ 56.965, 27.022 ], [ 56.78, 27.14 ], [ 56.114, 27.149 ], [ 54.787, 26.499 ], [ 54.282, 26.732 ], [ 53.718, 26.704 ], [ 53.46, 26.977 ], [ 52.702, 27.286 ], [ 52.447, 27.638 ], [ 51.404, 27.925 ], [ 51.034, 28.81 ], [ 50.814, 28.922 ], [ 50.925, 29.067 ], [ 50.663, 29.136 ], [ 50.638, 29.471 ], [ 50.147, 29.938 ], [ 50.084, 30.187 ], [ 49.56, 29.998 ], [ 48.927, 30.388 ], [ 49.217, 30.34 ], [ 49.228, 30.51 ], [ 48.902, 30.498 ], [ 49.033, 30.445 ], [ 49.019, 30.404 ], [ 48.934, 30.415 ], [ 48.869, 30.352 ], [ 48.922, 30.025 ], [ 48.459, 29.995 ], [ 48.416, 30.194 ], [ 48.024, 30.477 ], [ 48.032, 30.997 ], [ 47.682, 31.0 ], [ 47.866, 31.784 ], [ 47.466, 32.392 ], [ 46.098, 32.981 ], [ 46.191, 33.264 ], [ 45.407, 33.978 ], [ 45.582, 34.146 ], [ 45.441, 34.454 ], [ 45.529, 34.6 ], [ 45.741, 34.537 ], [ 45.688, 34.813 ], [ 45.922, 35.096 ], [ 46.191, 35.111 ], [ 46.009, 35.679 ], [ 46.346, 35.806 ], [ 45.766, 35.799 ], [ 45.556, 35.998 ], [ 45.351, 35.977 ], [ 45.272, 36.394 ], [ 45.082, 36.426 ], [ 45.032, 36.74 ], [ 44.837, 36.797 ], [ 44.904, 37.008 ], [ 44.748, 37.119 ], [ 44.823, 37.308 ], [ 44.601, 37.445 ], [ 44.635, 37.726 ], [ 44.239, 37.887 ], [ 44.51, 38.328 ], [ 44.318, 38.385 ], [ 44.316, 38.834 ], [ 44.047, 39.376 ], [ 44.424, 39.41 ], [ 44.615, 39.776 ], [ 44.822, 39.612 ] ] ] ] } },
{ "type": "Feature", "properties": { }, "geometry": { "type": "Polygon", "coordinates": [ [ [ 74.732, 37.032 ], [ 75.41, 36.955 ], [ 75.455, 36.721 ], [ 75.943, 36.601 ], [ 76.062, 36.231 ], [ 75.947, 36.071 ], [ 76.157, 35.825 ], [ 76.574, 35.922 ], [ 76.759, 35.657 ], [ 77.193, 35.52 ], [ 78.138, 35.495 ], [ 78.012, 35.238 ], [ 78.266, 34.637 ], [ 79.044, 34.327 ], [ 78.651, 34.038 ], [ 78.779, 33.738 ], [ 78.683, 33.657 ], [ 79.252, 32.944 ], [ 79.307, 32.601 ], [ 79.1, 32.372 ], [ 78.814, 32.433 ], [ 78.74, 32.706 ], [ 78.317, 32.437 ], [ 78.382, 32.747 ], [ 78.005, 32.618 ], [ 77.772, 32.98 ], [ 77.33, 32.83 ], [ 76.502, 33.172 ], [ 75.857, 32.895 ], [ 75.928, 32.612 ], [ 75.496, 32.259 ], [ 74.687, 32.493 ], [ 74.697, 32.84 ], [ 74.372, 32.771 ], [ 73.628, 33.095 ], [ 73.401, 34.405 ], [ 74.127, 35.125 ], [ 73.727, 35.221 ], [ 73.807, 35.504 ], [ 73.281, 35.614 ], [ 73.092, 35.86 ], [ 72.57, 35.849 ], [ 72.54, 36.202 ], [ 73.06, 36.691 ], [ 73.843, 36.706 ], [ 73.639, 36.903 ], [ 74.047, 36.826 ], [ 74.732, 37.032 ] ] ] } },
{ "type": "Feature", "properties": { }, "geometry": { "type": "Polygon", "coordinates": [ [ [ 80.212, 9.835 ], [ 80.811, 9.292 ], [ 81.226, 8.656 ], [ 81.127, 8.496 ], [ 81.353, 8.496 ], [ 81.866, 7.323 ], [ 81.693, 6.487 ], [ 80.591, 5.92 ], [ 80.243, 6.006 ], [ 80.125, 6.098 ], [ 80.088, 6.166 ], [ 80.067, 6.186 ], [ 80.062, 6.192 ], [ 80.061, 6.195 ], [ 79.698, 8.133 ], [ 79.692, 8.212 ], [ 79.721, 8.221 ], [ 79.759, 8.327 ], [ 79.785, 8.355 ], [ 79.737, 8.014 ], [ 79.825, 7.98 ], [ 79.892, 8.95 ], [ 80.186, 9.487 ], [ 80.052, 9.599 ], [ 80.396, 9.472 ], [ 79.906, 9.76 ], [ 80.212, 9.835 ] ] ] } },
{ "type": "Feature", "properties": { }, "geometry": { "type": "Polygon", "coordinates": [ [ [ 89.806, 28.245 ], [ 90.7, 28.08 ], [ 91.033, 27.858 ], [ 91.311, 28.064 ], [ 91.464, 28.006 ], [ 91.624, 27.873 ], [ 91.584, 27.544 ], [ 92.058, 27.405 ], [ 92.108, 26.858 ], [ 90.697, 26.772 ], [ 90.368, 26.902 ], [ 89.781, 26.71 ], [ 88.879, 26.947 ], [ 88.809, 27.205 ], [ 89.151, 27.322 ], [ 89.231, 27.793 ], [ 89.806, 28.245 ] ] ] } },
{ "type": "Feature", "properties": { }, "geometry": { "type": "MultiPolygon", "coordinates": [ [ [ [ 92.21, 23.653 ], [ 92.516, 22.716 ], [ 92.68, 21.297 ], [ 92.381, 21.48 ], [ 92.201, 21.326 ], [ 92.344, 20.746 ], [ 91.948, 21.457 ], [ 92.063, 21.477 ], [ 92.059, 21.754 ], [ 91.939, 21.748 ], [ 91.951, 21.76 ], [ 91.955, 21.788 ], [ 92.035, 21.786 ], [ 92.037, 21.788 ], [ 92.032, 21.795 ], [ 92.04, 21.803 ], [ 91.955, 21.79 ], [ 91.943, 21.754 ], [ 91.892, 21.772 ], [ 91.728, 22.46 ], [ 91.42, 22.808 ], [ 91.828, 23.091 ], [ 91.954, 23.726 ], [ 92.21, 23.653 ] ] ], [ [ [ 88.445, 26.546 ], [ 88.745, 26.354 ], [ 88.68, 26.268 ], [ 89.003, 26.229 ], [ 88.901, 26.407 ], [ 89.1, 26.396 ], [ 89.357, 26.008 ], [ 89.569, 25.96 ], [ 89.675, 26.229 ], [ 89.88, 25.931 ], [ 89.858, 25.282 ], [ 90.443, 25.146 ], [ 92.055, 25.185 ], [ 92.486, 24.936 ], [ 92.26, 24.83 ], [ 91.906, 24.145 ], [ 91.652, 24.227 ], [ 91.262, 23.959 ], [ 91.158, 23.61 ], [ 91.35, 23.085 ], [ 91.428, 23.259 ], [ 91.575, 22.963 ], [ 91.463, 22.923 ], [ 91.408, 22.809 ], [ 91.424, 22.755 ], [ 91.331, 22.881 ], [ 91.247, 22.553 ], [ 90.867, 22.435 ], [ 90.687, 22.005 ], [ 90.595, 22.27 ], [ 90.117, 21.814 ], [ 89.938, 21.956 ], [ 89.956, 22.168 ], [ 89.762, 22.346 ], [ 89.796, 22.075 ], [ 89.676, 22.436 ], [ 89.482, 22.505 ], [ 89.316, 22.464 ], [ 89.368, 22.455 ], [ 89.328, 22.2 ], [ 89.257, 22.403 ], [ 89.271, 22.287 ], [ 89.214, 22.41 ], [ 89.149, 22.42 ], [ 89.26, 22.283 ], [ 89.127, 22.184 ], [ 89.006, 22.283 ], [ 88.866, 22.958 ], [ 88.997, 23.2 ], [ 88.728, 23.257 ], [ 88.803, 23.49 ], [ 88.571, 23.646 ], [ 88.776, 23.984 ], [ 88.725, 24.291 ], [ 88.14, 24.509 ], [ 88.028, 24.688 ], [ 88.141, 24.934 ], [ 88.34, 24.886 ], [ 88.442, 25.201 ], [ 88.922, 25.172 ], [ 89.011, 25.299 ], [ 88.804, 25.533 ], [ 88.536, 25.513 ], [ 88.115, 25.802 ], [ 88.18, 26.145 ], [ 88.526, 26.373 ], [ 88.332, 26.484 ], [ 88.445, 26.546 ] ] ] ] } },
{ "type": "Feature", "properties": { }, "geometry": { "type": "Polygon", "coordinates": [ [ [ 96.142, 29.401 ], [ 96.397, 29.252 ], [ 96.124, 29.077 ], [ 96.173, 28.902 ], [ 96.515, 29.075 ], [ 96.623, 28.78 ], [ 96.271, 28.408 ], [ 97.136, 28.37 ], [ 97.361, 28.204 ], [ 97.379, 27.88 ], [ 97.058, 27.744 ], [ 96.27, 28.234 ], [ 95.739, 28.279 ], [ 94.885, 27.747 ], [ 94.276, 27.585 ], [ 93.816, 27.029 ], [ 93.088, 26.882 ], [ 92.108, 26.858 ], [ 92.018, 27.473 ], [ 91.565, 27.577 ], [ 91.642, 27.758 ], [ 92.556, 27.862 ], [ 92.69, 28.122 ], [ 93.224, 28.358 ], [ 93.321, 28.651 ], [ 93.941, 28.772 ], [ 94.043, 28.98 ], [ 94.623, 29.294 ], [ 95.261, 29.073 ], [ 96.142, 29.401 ] ] ] } },
{ "type": "Feature", "properties": { }, "geometry": { "type": "Polygon", "coordinates": [ [ [ 71.0, 38.479 ], [ 71.374, 38.256 ], [ 71.257, 37.923 ], [ 71.59, 37.922 ], [ 71.429, 37.072 ], [ 71.676, 36.672 ], [ 72.678, 37.022 ], [ 73.313, 37.465 ], [ 73.776, 37.439 ], [ 73.652, 37.237 ], [ 74.466, 37.426 ], [ 74.888, 37.223 ], [ 74.501, 37.239 ], [ 74.539, 36.96 ], [ 74.121, 36.838 ], [ 72.653, 36.852 ], [ 72.247, 36.752 ], [ 71.807, 36.399 ], [ 71.637, 36.477 ], [ 71.198, 36.053 ], [ 71.553, 35.723 ], [ 71.657, 35.443 ], [ 71.543, 35.31 ], [ 71.681, 35.208 ], [ 71.011, 34.534 ], [ 71.176, 34.363 ], [ 71.083, 34.063 ], [ 70.495, 33.94 ], [ 69.904, 34.04 ], [ 70.327, 33.331 ], [ 69.496, 33.021 ], [ 69.454, 32.658 ], [ 69.238, 32.458 ], [ 69.33, 31.927 ], [ 68.907, 31.597 ], [ 68.576, 31.834 ], [ 68.433, 31.763 ], [ 68.591, 31.753 ], [ 68.544, 31.713 ], [ 68.171, 31.835 ], [ 67.568, 31.523 ], [ 67.773, 31.322 ], [ 66.731, 31.209 ], [ 66.392, 30.941 ], [ 66.229, 30.069 ], [ 66.374, 29.971 ], [ 66.252, 29.849 ], [ 65.065, 29.53 ], [ 64.555, 29.59 ], [ 64.115, 29.377 ], [ 63.577, 29.487 ], [ 62.469, 29.389 ], [ 60.873, 29.858 ], [ 61.835, 30.978 ], [ 61.707, 31.376 ], [ 60.856, 31.487 ], [ 60.883, 32.198 ], [ 60.583, 33.13 ], [ 60.948, 33.513 ], [ 60.663, 33.534 ], [ 60.476, 34.082 ], [ 60.686, 34.311 ], [ 60.918, 34.305 ], [ 60.739, 34.518 ], [ 61.001, 34.643 ], [ 61.274, 35.605 ], [ 62.064, 35.434 ], [ 62.305, 35.129 ], [ 62.744, 35.252 ], [ 63.099, 35.418 ], [ 63.095, 35.618 ], [ 63.248, 35.681 ], [ 63.121, 35.863 ], [ 64.069, 35.997 ], [ 64.58, 36.352 ], [ 64.756, 37.113 ], [ 65.531, 37.238 ], [ 65.761, 37.551 ], [ 66.316, 37.321 ], [ 66.946, 37.398 ], [ 67.267, 37.182 ], [ 67.713, 37.224 ], [ 68.022, 36.923 ], [ 68.906, 37.335 ], [ 69.259, 37.094 ], [ 69.454, 37.233 ], [ 69.373, 37.406 ], [ 69.529, 37.588 ], [ 70.172, 37.53 ], [ 70.304, 37.694 ], [ 70.182, 37.945 ], [ 70.676, 38.407 ], [ 71.0, 38.479 ] ] ] } },
{ "type": "Feature", "properties": { }, "geometry": { "type": "MultiPolygon", "coordinates": [ [ [ [ 58.84, 20.43 ], [ 58.779, 20.274 ], [ 58.633, 20.166 ], [ 58.894, 20.696 ], [ 58.959, 20.512 ], [ 58.84, 20.43 ] ] ], [ [ [ 56.046, 24.968 ], [ 56.113, 24.738 ], [ 56.374, 24.98 ], [ 56.615, 24.49 ], [ 57.177, 23.935 ], [ 58.753, 23.518 ], [ 59.506, 22.549 ], [ 59.795, 22.531 ], [ 59.806, 22.223 ], [ 59.345, 21.431 ], [ 58.834, 21.038 ], [ 58.517, 20.413 ], [ 58.205, 20.394 ], [ 58.191, 20.612 ], [ 57.85, 20.244 ], [ 57.676, 19.713 ], [ 57.807, 18.973 ], [ 56.839, 18.779 ], [ 56.35, 17.919 ], [ 55.427, 17.819 ], [ 55.227, 17.533 ], [ 55.263, 17.238 ], [ 55.023, 17.006 ], [ 54.076, 16.995 ], [ 53.107, 16.654 ], [ 52.0, 19.0 ], [ 55.0, 20.0 ], [ 55.667, 22.0 ], [ 55.208, 22.708 ], [ 55.232, 23.11 ], [ 55.573, 23.63 ], [ 55.485, 23.944 ], [ 56.018, 24.066 ], [ 55.753, 24.235 ], [ 55.813, 24.911 ], [ 56.046, 24.968 ] ] ], [ [ [ 56.37, 26.368 ], [ 56.517, 26.318 ], [ 56.393, 26.284 ], [ 56.481, 26.128 ], [ 56.322, 26.154 ], [ 56.451, 25.941 ], [ 56.253, 25.602 ], [ 56.078, 26.051 ], [ 56.207, 26.257 ], [ 56.219, 26.202 ], [ 56.332, 26.181 ], [ 56.409, 26.205 ], [ 56.297, 26.208 ], [ 56.37, 26.368 ] ] ] ] } },
{ "type": "Feature", "properties": { }, "geometry": { "type": "MultiPolygon", "coordinates": [ [ [ [ 48.235, 29.937 ], [ 48.382, 29.752 ], [ 48.225, 29.577 ], [ 48.065, 29.784 ], [ 48.207, 29.913 ], [ 48.11, 29.971 ], [ 48.235, 29.937 ] ] ], [ [ [ 47.957, 29.993 ], [ 48.014, 29.983 ], [ 48.016, 29.848 ], [ 48.19, 29.543 ], [ 47.703, 29.373 ], [ 48.101, 29.348 ], [ 48.433, 28.531 ], [ 47.707, 28.521 ], [ 47.468, 28.997 ], [ 46.553, 29.101 ], [ 47.19, 30.028 ], [ 47.957, 29.993 ] ] ] ] } },
{ "type": "Feature", "properties": { }, "geometry": { "type": "Polygon", "coordinates": [ [ [ 34.986, 31.964 ], [ 35.041, 31.92 ], [ 35.043, 31.875 ], [ 34.972, 31.832 ], [ 35.053, 31.858 ], [ 35.203, 31.817 ], [ 35.224, 31.804 ], [ 35.242, 31.751 ], [ 34.964, 31.819 ], [ 34.986, 31.964 ] ] ] } },
{ "type": "Feature", "properties": { }, "geometry": { "type": "Polygon", "coordinates": [ [ [ 35.123, 31.711 ], [ 35.242, 31.757 ], [ 34.97, 31.834 ], [ 34.957, 32.189 ], [ 35.225, 32.552 ], [ 35.563, 32.384 ], [ 35.559, 31.762 ], [ 35.476, 31.491 ], [ 34.926, 31.344 ], [ 35.123, 31.711 ] ] ] } },
{ "type": "Feature", "properties": { }, "geometry": { "type": "Polygon", "coordinates": [ [ [ 36.332, 34.684 ], [ 36.625, 34.202 ], [ 36.288, 33.917 ], [ 36.39, 33.832 ], [ 36.069, 33.82 ], [ 35.931, 33.647 ], [ 36.062, 33.573 ], [ 35.565, 33.288 ], [ 35.504, 33.089 ], [ 35.115, 33.093 ], [ 35.647, 33.997 ], [ 35.68, 34.307 ], [ 35.983, 34.652 ], [ 36.332, 34.684 ] ] ] } },
{ "type": "Feature", "properties": { }, "geometry": { "type": "Polygon", "coordinates": [ [ [ 51.263, 26.155 ], [ 51.583, 25.908 ], [ 51.482, 25.503 ], [ 51.637, 25.014 ], [ 51.381, 24.578 ], [ 51.296, 24.671 ], [ 51.306, 24.506 ], [ 51.099, 24.471 ], [ 50.815, 24.739 ], [ 50.763, 25.499 ], [ 50.851, 25.645 ], [ 50.883, 25.478 ], [ 50.915, 25.473 ], [ 50.996, 25.978 ], [ 51.263, 26.155 ] ] ] } },
{ "type": "Feature", "properties": { }, "geometry": { "type": "Polygon", "coordinates": [ [ [ 39.203, 32.154 ], [ 40.413, 31.948 ], [ 42.086, 31.112 ], [ 44.722, 29.198 ], [ 47.468, 28.997 ], [ 47.707, 28.521 ], [ 48.501, 28.492 ], [ 48.889, 27.833 ], [ 48.851, 27.601 ], [ 49.259, 27.524 ], [ 49.313, 27.472 ], [ 49.324, 27.443 ], [ 49.316, 27.417 ], [ 49.305, 27.461 ], [ 49.283, 27.431 ], [ 49.19, 27.444 ], [ 49.137, 27.408 ], [ 49.38, 27.125 ], [ 49.586, 27.178 ], [ 49.685, 26.97 ], [ 50.001, 26.819 ], [ 50.172, 26.633 ], [ 49.997, 26.751 ], [ 50.237, 26.338 ], [ 50.166, 26.038 ], [ 50.038, 26.195 ], [ 50.005, 25.99 ], [ 50.498, 25.399 ], [ 50.779, 24.715 ], [ 51.099, 24.471 ], [ 51.492, 24.588 ], [ 51.306, 24.285 ], [ 51.591, 24.243 ], [ 52.581, 22.936 ], [ 55.208, 22.708 ], [ 55.667, 22.0 ], [ 55.0, 20.0 ], [ 52.0, 19.0 ], [ 49.117, 18.617 ], [ 48.183, 18.167 ], [ 47.467, 17.117 ], [ 47.183, 16.95 ], [ 47.0, 16.95 ], [ 46.75, 17.283 ], [ 45.217, 17.433 ], [ 43.832, 17.339 ], [ 43.355, 17.556 ], [ 43.23, 17.432 ], [ 43.337, 17.304 ], [ 43.152, 17.175 ], [ 43.235, 16.643 ], [ 42.765, 16.405 ], [ 42.71, 16.743 ], [ 42.368, 17.182 ], [ 42.368, 17.017 ], [ 42.312, 17.443 ], [ 41.767, 17.851 ], [ 41.255, 18.615 ], [ 40.79, 19.733 ], [ 39.678, 20.433 ], [ 39.196, 21.095 ], [ 39.138, 21.762 ], [ 39.081, 21.702 ], [ 38.946, 21.913 ], [ 39.023, 21.827 ], [ 39.044, 21.834 ], [ 39.137, 22.4 ], [ 38.446, 23.794 ], [ 37.947, 24.206 ], [ 37.427, 24.367 ], [ 37.152, 24.833 ], [ 37.266, 24.87 ], [ 37.23, 25.2 ], [ 36.716, 25.74 ], [ 36.704, 26.03 ], [ 36.498, 26.116 ], [ 35.22, 28.049 ], [ 34.574, 28.099 ], [ 34.957, 29.357 ], [ 36.067, 29.184 ], [ 36.75, 29.867 ], [ 37.5, 30.0 ], [ 37.667, 30.334 ], [ 38.0, 30.5 ], [ 37.0, 31.5 ], [ 39.203, 32.154 ] ] ] } },
{ "type": "Feature", "properties": { }, "geometry": { "type": "MultiPolygon", "coordinates": [ [ [ [ 35.0, 42.088 ], [ 35.222, 42.016 ], [ 35.092, 41.918 ], [ 35.294, 41.71 ], [ 36.039, 41.702 ], [ 36.403, 41.25 ], [ 36.812, 41.359 ], [ 37.53, 41.021 ], [ 37.687, 41.135 ], [ 38.355, 40.909 ], [ 39.426, 41.106 ], [ 40.183, 40.912 ], [ 41.547, 41.526 ], [ 42.52, 41.44 ], [ 42.829, 41.588 ], [ 43.676, 40.928 ], [ 43.75, 40.681 ], [ 43.546, 40.477 ], [ 43.655, 40.111 ], [ 44.319, 40.039 ], [ 44.813, 39.677 ], [ 44.607, 39.773 ], [ 44.424, 39.41 ], [ 44.047, 39.367 ], [ 44.316, 38.834 ], [ 44.318, 38.385 ], [ 44.51, 38.328 ], [ 44.239, 37.887 ], [ 44.635, 37.726 ], [ 44.601, 37.445 ], [ 44.823, 37.308 ], [ 44.807, 37.155 ], [ 44.313, 36.961 ], [ 44.128, 37.32 ], [ 43.834, 37.191 ], [ 42.794, 37.379 ], [ 42.578, 37.141 ], [ 42.354, 37.098 ], [ 42.225, 37.319 ], [ 41.558, 37.085 ], [ 40.782, 37.121 ], [ 39.227, 36.665 ], [ 38.253, 36.913 ], [ 37.091, 36.624 ], [ 36.676, 36.846 ], [ 36.553, 36.497 ], [ 36.705, 36.25 ], [ 36.398, 36.223 ], [ 36.169, 35.815 ], [ 35.922, 35.93 ], [ 35.79, 36.299 ], [ 36.216, 36.644 ], [ 36.02, 36.934 ], [ 35.349, 36.543 ], [ 34.656, 36.806 ], [ 33.959, 36.212 ], [ 33.879, 36.314 ], [ 33.694, 36.132 ], [ 32.808, 36.019 ], [ 32.388, 36.168 ], [ 32.026, 36.544 ], [ 30.679, 36.887 ], [ 30.417, 36.208 ], [ 30.187, 36.305 ], [ 29.681, 36.121 ], [ 29.119, 36.375 ], [ 29.096, 36.682 ], [ 28.929, 36.755 ], [ 28.848, 36.59 ], [ 28.461, 36.882 ], [ 28.034, 36.563 ], [ 28.12, 36.808 ], [ 27.677, 36.659 ], [ 27.367, 36.685 ], [ 28.034, 36.789 ], [ 28.025, 36.93 ], [ 28.331, 37.05 ], [ 27.265, 36.968 ], [ 27.254, 37.127 ], [ 27.47, 37.084 ], [ 27.613, 37.274 ], [ 27.459, 37.254 ], [ 27.416, 37.415 ], [ 27.191, 37.355 ], [ 27.217, 37.589 ], [ 27.007, 37.666 ], [ 27.24, 37.733 ], [ 27.272, 37.966 ], [ 26.234, 38.276 ], [ 26.512, 38.42 ], [ 26.393, 38.451 ], [ 26.416, 38.682 ], [ 26.678, 38.316 ], [ 26.711, 38.435 ], [ 26.813, 38.36 ], [ 27.168, 38.45 ], [ 26.723, 38.653 ], [ 27.065, 38.881 ], [ 26.82, 38.943 ], [ 26.888, 39.09 ], [ 26.611, 39.281 ], [ 26.937, 39.575 ], [ 26.063, 39.486 ], [ 26.183, 40.0 ], [ 26.332, 40.027 ], [ 26.715, 40.396 ], [ 27.288, 40.48 ], [ 27.769, 40.318 ], [ 27.883, 40.384 ], [ 27.695, 40.486 ], [ 27.781, 40.536 ], [ 28.037, 40.489 ], [ 27.96, 40.361 ], [ 29.06, 40.371 ], [ 29.155, 40.445 ], [ 28.786, 40.545 ], [ 29.946, 40.75 ], [ 29.266, 40.812 ], [ 29.015, 41.029 ], [ 29.101, 41.124 ], [ 29.086, 41.171 ], [ 29.172, 41.229 ], [ 31.233, 41.104 ], [ 31.405, 41.324 ], [ 32.584, 41.833 ], [ 33.339, 42.025 ], [ 34.717, 41.947 ], [ 35.0, 42.088 ] ] ], [ [ [ 27.279, 42.106 ], [ 27.563, 41.911 ], [ 28.031, 41.987 ], [ 28.154, 41.59 ], [ 29.113, 41.245 ], [ 29.049, 41.162 ], [ 29.064, 41.091 ], [ 28.823, 40.964 ], [ 28.554, 41.088 ], [ 27.521, 40.983 ], [ 27.318, 40.711 ], [ 26.71, 40.462 ], [ 26.176, 40.047 ], [ 26.219, 40.325 ], [ 26.843, 40.597 ], [ 26.072, 40.636 ], [ 26.358, 40.954 ], [ 26.332, 41.261 ], [ 26.637, 41.356 ], [ 26.596, 41.615 ], [ 26.345, 41.783 ], [ 27.279, 42.106 ] ] ] ] } },
{ "type": "Feature", "properties": { }, "geometry": { "type": "MultiPolygon", "coordinates": [ [ [ [ 53.562, 12.705 ], [ 53.823, 12.599 ], [ 54.104, 12.702 ], [ 54.531, 12.547 ], [ 53.669, 12.305 ], [ 53.303, 12.537 ], [ 53.562, 12.705 ] ] ], [ [ [ 52.905, 17.086 ], [ 53.107, 16.654 ], [ 52.278, 16.258 ], [ 52.199, 15.603 ], [ 49.31, 14.618 ], [ 48.686, 14.039 ], [ 47.968, 14.044 ], [ 47.384, 13.644 ], [ 46.697, 13.425 ], [ 45.669, 13.347 ], [ 45.036, 12.751 ], [ 44.578, 12.811 ], [ 43.968, 12.591 ], [ 43.461, 12.675 ], [ 42.938, 14.927 ], [ 42.842, 15.152 ], [ 42.596, 15.233 ], [ 42.697, 15.367 ], [ 42.807, 15.283 ], [ 42.684, 15.701 ], [ 42.834, 16.025 ], [ 42.765, 16.405 ], [ 43.235, 16.643 ], [ 43.152, 17.175 ], [ 43.337, 17.304 ], [ 43.23, 17.432 ], [ 43.355, 17.556 ], [ 43.832, 17.339 ], [ 45.217, 17.433 ], [ 46.75, 17.283 ], [ 47.0, 16.95 ], [ 47.183, 16.95 ], [ 47.467, 17.117 ], [ 48.183, 18.167 ], [ 49.117, 18.617 ], [ 52.0, 19.0 ], [ 52.905, 17.086 ] ] ] ] } },
{ "type": "Feature", "properties": { }, "geometry": { "type": "Polygon", "coordinates": [ [ [ 34.292, 31.241 ], [ 34.22, 31.322 ], [ 34.568, 31.542 ], [ 34.382, 31.392 ], [ 34.292, 31.241 ] ] ] } },
{ "type": "Feature", "properties": { }, "geometry": { "type": "Polygon", "coordinates": [ [ [ 42.829, 37.347 ], [ 43.834, 37.191 ], [ 44.128, 37.32 ], [ 44.271, 37.243 ], [ 44.189, 37.094 ], [ 44.313, 36.961 ], [ 44.772, 37.164 ], [ 44.904, 37.008 ], [ 44.845, 36.781 ], [ 45.065, 36.689 ], [ 45.007, 36.526 ], [ 45.272, 36.394 ], [ 45.351, 35.977 ], [ 45.556, 35.998 ], [ 45.766, 35.799 ], [ 46.34, 35.82 ], [ 46.009, 35.679 ], [ 46.191, 35.111 ], [ 45.922, 35.096 ], [ 45.688, 34.813 ], [ 45.741, 34.537 ], [ 45.529, 34.6 ], [ 45.441, 34.454 ], [ 45.582, 34.146 ], [ 45.407, 33.978 ], [ 46.191, 33.264 ], [ 46.098, 32.981 ], [ 47.466, 32.392 ], [ 47.866, 31.784 ], [ 47.682, 31.0 ], [ 48.032, 30.997 ], [ 48.024, 30.477 ], [ 48.567, 29.916 ], [ 47.339, 30.091 ], [ 46.426, 29.061 ], [ 44.722, 29.198 ], [ 42.086, 31.112 ], [ 40.413, 31.948 ], [ 39.201, 32.154 ], [ 39.257, 32.355 ], [ 39.044, 32.304 ], [ 38.793, 33.375 ], [ 41.012, 34.42 ], [ 41.238, 34.785 ], [ 41.394, 35.63 ], [ 41.295, 36.356 ], [ 42.829, 37.347 ] ] ] } },
{ "type": "Feature", "properties": { }, "geometry": { "type": "Polygon", "coordinates": [ [ [ 39.039, 32.318 ], [ 39.257, 32.355 ], [ 39.301, 32.23 ], [ 39.0, 32.0 ], [ 37.0, 31.5 ], [ 38.0, 30.5 ], [ 37.667, 30.334 ], [ 37.5, 30.0 ], [ 36.75, 29.867 ], [ 36.067, 29.184 ], [ 34.957, 29.357 ], [ 35.162, 30.441 ], [ 35.457, 31.107 ], [ 35.561, 32.646 ], [ 35.801, 32.76 ], [ 36.091, 32.518 ], [ 36.835, 32.316 ], [ 38.793, 33.375 ], [ 39.039, 32.318 ] ] ] } },
{ "type": "Feature", "properties": { }, "geometry": { "type": "Polygon", "coordinates": [ [ [ 42.226, 37.277 ], [ 42.385, 37.067 ], [ 41.295, 36.356 ], [ 41.394, 35.63 ], [ 41.238, 34.785 ], [ 41.012, 34.42 ], [ 36.835, 32.316 ], [ 36.091, 32.518 ], [ 35.937, 32.724 ], [ 35.636, 32.688 ], [ 35.621, 33.271 ], [ 36.061, 33.572 ], [ 35.931, 33.647 ], [ 36.071, 33.822 ], [ 36.39, 33.832 ], [ 36.288, 33.917 ], [ 36.625, 34.202 ], [ 36.332, 34.507 ], [ 36.463, 34.635 ], [ 35.981, 34.644 ], [ 35.972, 35.259 ], [ 35.727, 35.584 ], [ 35.808, 35.856 ], [ 36.009, 35.94 ], [ 36.169, 35.815 ], [ 36.398, 36.223 ], [ 36.701, 36.244 ], [ 36.553, 36.497 ], [ 36.671, 36.843 ], [ 37.091, 36.624 ], [ 38.253, 36.913 ], [ 39.227, 36.665 ], [ 40.782, 37.121 ], [ 41.558, 37.085 ], [ 42.226, 37.277 ] ] ] } },
{ "type": "Feature", "properties": { }, "geometry": { "type": "Polygon", "coordinates": [ [ [ 35.614, 33.247 ], [ 35.555, 32.389 ], [ 35.225, 32.552 ], [ 34.957, 32.189 ], [ 34.958, 31.827 ], [ 35.229, 31.772 ], [ 34.878, 31.378 ], [ 35.476, 31.458 ], [ 34.905, 29.493 ], [ 34.269, 31.221 ], [ 34.566, 31.534 ], [ 35.115, 33.093 ], [ 35.431, 33.066 ], [ 35.614, 33.247 ] ] ] } },
{ "type": "Feature", "properties": { }, "geometry": { "type": "Polygon", "coordinates": [ [ [ 40.28, 43.575 ], [ 41.631, 43.223 ], [ 42.893, 43.17 ], [ 43.791, 42.75 ], [ 43.77, 42.588 ], [ 44.506, 42.752 ], [ 44.778, 42.625 ], [ 44.892, 42.75 ], [ 45.167, 42.698 ], [ 45.768, 42.474 ], [ 45.613, 42.211 ], [ 46.382, 41.96 ], [ 46.269, 41.608 ], [ 46.721, 41.287 ], [ 46.5, 41.053 ], [ 45.307, 41.468 ], [ 44.809, 41.299 ], [ 44.865, 41.211 ], [ 43.745, 41.112 ], [ 43.227, 41.176 ], [ 42.829, 41.588 ], [ 42.52, 41.44 ], [ 41.646, 41.486 ], [ 41.547, 41.526 ], [ 41.758, 42.009 ], [ 41.466, 42.698 ], [ 40.01, 43.383 ], [ 40.28, 43.575 ] ] ] } },
{ "type": "Feature", "properties": { }, "geometry": { "type": "Polygon", "coordinates": [ [ [ 34.589, 35.695 ], [ 33.907, 35.258 ], [ 34.086, 34.956 ], [ 33.684, 34.974 ], [ 33.03, 34.563 ], [ 32.494, 34.703 ], [ 32.316, 34.899 ], [ 32.276, 35.1 ], [ 32.853, 35.148 ], [ 32.92, 35.404 ], [ 33.647, 35.357 ], [ 34.589, 35.695 ] ] ] } },
{ "type": "Feature", "properties": { }, "geometry": { "type": "Polygon", "coordinates": [ [ [ 50.602, 26.224 ], [ 50.643, 26.037 ], [ 50.573, 25.797 ], [ 50.455, 26.21 ], [ 50.602, 26.224 ] ] ] } },
{ "type": "Feature", "properties": { }, "geometry": { "type": "MultiPolygon", "coordinates": [ [ [ [ 45.19, 39.622 ], [ 45.464, 39.503 ], [ 45.784, 39.583 ], [ 46.141, 38.845 ], [ 45.448, 38.995 ], [ 44.772, 39.714 ], [ 45.082, 39.786 ], [ 45.19, 39.622 ] ] ], [ [ [ 50.821, 41.618 ], [ 51.638, 40.672 ], [ 51.653, 39.408 ], [ 51.295, 38.954 ], [ 51.293, 38.715 ], [ 49.715, 38.263 ], [ 48.641, 38.396 ], [ 48.05, 38.814 ], [ 48.341, 39.021 ], [ 48.135, 39.268 ], [ 48.369, 39.38 ], [ 47.989, 39.708 ], [ 46.546, 38.878 ], [ 46.44, 39.19 ], [ 46.63, 39.221 ], [ 46.387, 39.425 ], [ 46.563, 39.567 ], [ 46.179, 39.584 ], [ 45.621, 39.985 ], [ 45.881, 40.027 ], [ 45.955, 40.265 ], [ 45.436, 40.514 ], [ 45.357, 40.668 ], [ 45.592, 40.893 ], [ 45.095, 41.059 ], [ 45.207, 41.151 ], [ 45.004, 41.301 ], [ 45.307, 41.468 ], [ 45.944, 41.18 ], [ 46.636, 41.102 ], [ 46.721, 41.291 ], [ 46.248, 41.655 ], [ 46.418, 41.906 ], [ 46.755, 41.86 ], [ 47.299, 41.303 ], [ 47.879, 41.219 ], [ 48.045, 41.489 ], [ 48.402, 41.612 ], [ 48.515, 41.882 ], [ 49.761, 42.711 ], [ 50.821, 41.618 ] ], [ [ 45.482, 40.658 ], [ 45.475, 40.59 ], [ 45.545, 40.627 ], [ 45.527, 40.668 ], [ 45.482, 40.658 ] ] ] ] } },
{ "type": "Feature", "properties": { }, "geometry": { "type": "Polygon", "coordinates": [ [ [ 45.021, 41.275 ], [ 45.207, 41.151 ], [ 45.073, 41.108 ], [ 45.095, 41.059 ], [ 45.592, 40.893 ], [ 45.357, 40.668 ], [ 45.436, 40.514 ], [ 45.955, 40.265 ], [ 45.881, 40.027 ], [ 45.621, 39.985 ], [ 46.179, 39.584 ], [ 46.563, 39.567 ], [ 46.387, 39.425 ], [ 46.63, 39.221 ], [ 46.44, 39.19 ], [ 46.54, 38.871 ], [ 46.141, 38.845 ], [ 45.774, 39.588 ], [ 45.457, 39.504 ], [ 45.1, 39.78 ], [ 44.763, 39.715 ], [ 44.319, 40.039 ], [ 43.648, 40.12 ], [ 43.546, 40.477 ], [ 43.749, 40.736 ], [ 43.471, 41.13 ], [ 45.021, 41.275 ] ], [ [ 45.02, 41.031 ], [ 45.058, 41.058 ], [ 44.984, 41.082 ], [ 44.988, 41.051 ], [ 45.02, 41.031 ] ], [ [ 45.222, 40.97 ], [ 45.245, 40.983 ], [ 45.199, 41.002 ], [ 45.198, 40.987 ], [ 45.222, 40.97 ] ], [ [ 44.917, 39.803 ], [ 44.933, 39.782 ], [ 44.947, 39.814 ], [ 44.916, 39.819 ], [ 44.917, 39.803 ] ] ] } },
{ "type": "Feature", "properties": { }, "geometry": { "type": "Polygon", "coordinates": [ [ [ 56.164, 26.055 ], [ 56.18, 25.621 ], [ 56.371, 25.527 ], [ 56.375, 24.981 ], [ 56.113, 24.738 ], [ 56.007, 24.995 ], [ 55.813, 24.911 ], [ 55.753, 24.235 ], [ 56.018, 24.066 ], [ 55.485, 23.944 ], [ 55.573, 23.63 ], [ 55.232, 23.11 ], [ 55.137, 22.628 ], [ 52.581, 22.936 ], [ 51.591, 24.123 ], [ 51.598, 24.369 ], [ 51.635, 24.207 ], [ 51.775, 24.272 ], [ 51.81, 24.003 ], [ 52.094, 23.946 ], [ 52.599, 24.197 ], [ 53.812, 24.049 ], [ 53.854, 24.174 ], [ 53.623, 24.168 ], [ 53.865, 24.27 ], [ 53.927, 24.07 ], [ 54.171, 24.196 ], [ 54.055, 24.163 ], [ 54.016, 24.189 ], [ 54.145, 24.328 ], [ 54.211, 24.24 ], [ 54.259, 24.237 ], [ 54.165, 24.31 ], [ 54.214, 24.358 ], [ 54.263, 24.238 ], [ 54.526, 24.312 ], [ 54.467, 24.38 ], [ 54.635, 24.488 ], [ 54.641, 24.739 ], [ 54.754, 24.872 ], [ 54.749, 24.767 ], [ 55.347, 25.201 ], [ 55.557, 25.585 ], [ 55.967, 25.773 ], [ 56.164, 26.055 ] ], [ [ 56.248, 25.325 ], [ 56.224, 25.249 ], [ 56.345, 25.274 ], [ 56.307, 25.329 ], [ 56.248, 25.325 ] ] ] } },
{ "type": "Feature", "properties": { }, "geometry": { "type": "Polygon", "coordinates": [ [ [ 27.654, 48.446 ], [ 28.354, 48.248 ], [ 28.484, 48.067 ], [ 28.577, 48.172 ], [ 28.937, 47.956 ], [ 29.189, 47.994 ], [ 29.29, 47.801 ], [ 29.169, 47.467 ], [ 29.435, 47.3 ], [ 29.585, 47.373 ], [ 29.575, 46.953 ], [ 29.972, 46.829 ], [ 29.894, 46.544 ], [ 30.149, 46.406 ], [ 29.754, 46.475 ], [ 29.606, 46.362 ], [ 29.35, 46.506 ], [ 29.252, 46.383 ], [ 29.242, 46.563 ], [ 28.937, 46.462 ], [ 28.992, 46.027 ], [ 28.529, 45.722 ], [ 28.509, 45.5 ], [ 28.187, 45.475 ], [ 28.095, 46.082 ], [ 28.255, 46.619 ], [ 28.099, 46.992 ], [ 27.296, 47.668 ], [ 27.048, 48.128 ], [ 26.619, 48.265 ], [ 26.82, 48.293 ], [ 26.725, 48.41 ], [ 27.654, 48.446 ] ] ] } },
{ "type": "Feature", "properties": { }, "geometry": { "type": "Polygon", "coordinates": [ [ [ 21.498, 48.563 ], [ 21.785, 48.344 ], [ 22.278, 48.413 ], [ 22.906, 47.959 ], [ 22.037, 47.533 ], [ 21.066, 46.245 ], [ 19.568, 46.178 ], [ 18.441, 45.746 ], [ 17.869, 45.769 ], [ 17.344, 45.946 ], [ 16.526, 46.501 ], [ 16.339, 46.846 ], [ 16.112, 46.872 ], [ 16.516, 47.007 ], [ 16.449, 47.401 ], [ 16.713, 47.535 ], [ 16.45, 47.691 ], [ 17.091, 47.711 ], [ 17.024, 47.865 ], [ 17.163, 48.008 ], [ 17.785, 47.735 ], [ 18.68, 47.752 ], [ 18.87, 47.809 ], [ 18.832, 48.044 ], [ 19.477, 48.087 ], [ 19.637, 48.244 ], [ 19.932, 48.13 ], [ 20.328, 48.28 ], [ 20.511, 48.541 ], [ 21.498, 48.563 ] ] ] } },
{ "type": "Feature", "properties": { }, "geometry": { "type": "Polygon", "coordinates": [ [ [ 18.332, 54.836 ], [ 18.629, 54.73 ], [ 18.826, 54.617 ], [ 18.395, 54.744 ], [ 18.781, 54.354 ], [ 19.662, 54.455 ], [ 19.232, 54.339 ], [ 19.373, 54.223 ], [ 19.756, 54.435 ], [ 21.471, 54.321 ], [ 22.865, 54.426 ], [ 23.489, 54.152 ], [ 23.614, 53.601 ], [ 23.92, 53.158 ], [ 23.918, 52.673 ], [ 23.455, 52.574 ], [ 23.177, 52.283 ], [ 23.654, 52.079 ], [ 23.534, 51.731 ], [ 23.643, 51.314 ], [ 24.151, 50.864 ], [ 23.965, 50.801 ], [ 24.109, 50.636 ], [ 24.042, 50.446 ], [ 23.721, 50.387 ], [ 22.68, 49.567 ], [ 22.714, 49.177 ], [ 22.897, 49.009 ], [ 21.632, 49.447 ], [ 20.938, 49.296 ], [ 20.327, 49.403 ], [ 20.091, 49.179 ], [ 19.793, 49.193 ], [ 19.794, 49.402 ], [ 19.474, 49.6 ], [ 18.989, 49.396 ], [ 18.575, 49.921 ], [ 17.834, 49.985 ], [ 17.591, 50.158 ], [ 17.756, 50.205 ], [ 17.686, 50.326 ], [ 17.363, 50.259 ], [ 16.894, 50.444 ], [ 17.021, 50.231 ], [ 16.672, 50.099 ], [ 16.197, 50.434 ], [ 16.445, 50.573 ], [ 16.35, 50.658 ], [ 15.381, 50.78 ], [ 15.172, 51.02 ], [ 14.822, 50.875 ], [ 15.039, 51.271 ], [ 14.586, 51.824 ], [ 14.757, 52.069 ], [ 14.534, 52.391 ], [ 14.638, 52.577 ], [ 14.123, 52.841 ], [ 14.451, 53.264 ], [ 14.284, 53.741 ], [ 14.581, 53.582 ], [ 14.731, 54.025 ], [ 16.156, 54.287 ], [ 17.238, 54.731 ], [ 18.332, 54.836 ] ] ] } },
{ "type": "Feature", "properties": { }, "geometry": { "type": "Polygon", "coordinates": [ [ [ 26.723, 48.251 ], [ 27.048, 48.128 ], [ 27.296, 47.668 ], [ 28.099, 46.992 ], [ 28.255, 46.619 ], [ 28.095, 46.082 ], [ 28.187, 45.475 ], [ 28.719, 45.229 ], [ 29.337, 45.445 ], [ 29.674, 45.312 ], [ 29.609, 44.857 ], [ 29.097, 44.757 ], [ 28.635, 44.31 ], [ 28.584, 43.737 ], [ 27.137, 44.151 ], [ 26.137, 43.99 ], [ 25.388, 43.627 ], [ 22.887, 43.845 ], [ 23.041, 44.088 ], [ 22.455, 44.466 ], [ 22.747, 44.571 ], [ 22.44, 44.711 ], [ 22.127, 44.477 ], [ 21.395, 44.779 ], [ 21.56, 44.889 ], [ 21.359, 45.021 ], [ 21.514, 45.171 ], [ 20.771, 45.479 ], [ 20.822, 45.776 ], [ 20.265, 46.109 ], [ 21.18, 46.304 ], [ 22.037, 47.533 ], [ 23.17, 48.114 ], [ 23.872, 47.936 ], [ 24.585, 47.964 ], [ 24.91, 47.722 ], [ 26.723, 48.251 ] ] ] } },
{ "type": "Feature", "properties": { }, "geometry": { "type": "Polygon", "coordinates": [ [ [ 33.196, 52.375 ], [ 33.834, 52.359 ], [ 34.129, 52.14 ], [ 34.11, 51.998 ], [ 34.454, 51.761 ], [ 34.092, 51.663 ], [ 34.302, 51.505 ], [ 34.274, 51.256 ], [ 35.128, 51.222 ], [ 35.215, 51.051 ], [ 35.416, 51.06 ], [ 35.408, 50.591 ], [ 35.618, 50.378 ], [ 36.131, 50.451 ], [ 36.643, 50.233 ], [ 37.489, 50.441 ], [ 38.05, 49.922 ], [ 38.328, 50.086 ], [ 39.836, 49.564 ], [ 40.186, 49.58 ], [ 40.053, 49.485 ], [ 40.2, 49.243 ], [ 39.669, 49.045 ], [ 40.106, 48.901 ], [ 39.801, 48.84 ], [ 39.667, 48.619 ], [ 40.018, 48.251 ], [ 39.748, 47.83 ], [ 38.835, 47.862 ], [ 38.765, 47.684 ], [ 38.311, 47.562 ], [ 38.224, 47.313 ], [ 38.334, 47.253 ], [ 38.246, 47.228 ], [ 38.234, 47.115 ], [ 38.104, 47.026 ], [ 37.591, 47.096 ], [ 36.764, 46.626 ], [ 36.819, 46.72 ], [ 36.609, 46.773 ], [ 36.386, 46.71 ], [ 36.174, 46.499 ], [ 36.116, 46.486 ], [ 36.245, 46.64 ], [ 35.922, 46.657 ], [ 35.454, 46.434 ], [ 35.183, 46.142 ], [ 34.989, 46.083 ], [ 35.222, 46.189 ], [ 35.358, 46.353 ], [ 35.169, 46.496 ], [ 35.203, 46.373 ], [ 34.835, 46.209 ], [ 35.04, 45.672 ], [ 35.491, 45.289 ], [ 35.835, 45.468 ], [ 36.6, 45.431 ], [ 36.425, 45.077 ], [ 35.844, 44.999 ], [ 35.535, 45.124 ], [ 35.091, 44.794 ], [ 34.732, 44.818 ], [ 34.129, 44.432 ], [ 33.74, 44.392 ], [ 33.382, 44.589 ], [ 33.545, 44.626 ], [ 33.548, 45.109 ], [ 32.994, 45.326 ], [ 33.028, 45.317 ], [ 33.065, 45.377 ], [ 33.137, 45.394 ], [ 33.261, 45.473 ], [ 33.257, 45.496 ], [ 32.946, 45.359 ], [ 32.987, 45.329 ], [ 32.483, 45.396 ], [ 33.754, 45.958 ], [ 33.626, 45.95 ], [ 33.595, 46.164 ], [ 33.512, 46.035 ], [ 33.2, 46.115 ], [ 33.228, 46.222 ], [ 32.531, 46.075 ], [ 31.78, 46.273 ], [ 32.066, 46.395 ], [ 31.709, 46.437 ], [ 31.539, 46.548 ], [ 31.515, 46.578 ], [ 32.011, 46.491 ], [ 32.344, 46.464 ], [ 32.424, 46.49 ], [ 31.997, 46.646 ], [ 31.975, 46.879 ], [ 31.805, 46.613 ], [ 31.43, 46.633 ], [ 31.504, 46.663 ], [ 31.607, 46.814 ], [ 31.591, 46.851 ], [ 31.417, 46.814 ], [ 31.413, 46.625 ], [ 30.771, 46.552 ], [ 30.472, 46.076 ], [ 30.247, 45.886 ], [ 29.728, 45.587 ], [ 29.881, 45.678 ], [ 29.74, 45.616 ], [ 29.639, 45.832 ], [ 29.741, 45.236 ], [ 29.43, 45.444 ], [ 28.573, 45.255 ], [ 28.216, 45.469 ], [ 28.509, 45.5 ], [ 28.529, 45.722 ], [ 28.992, 46.027 ], [ 28.937, 46.462 ], [ 29.242, 46.563 ], [ 29.252, 46.383 ], [ 29.35, 46.506 ], [ 29.606, 46.362 ], [ 29.754, 46.475 ], [ 29.886, 46.364 ], [ 30.101, 46.387 ], [ 30.164, 46.428 ], [ 29.894, 46.544 ], [ 29.972, 46.829 ], [ 29.575, 46.953 ], [ 29.585, 47.373 ], [ 29.435, 47.3 ], [ 29.169, 47.467 ], [ 29.29, 47.801 ], [ 29.184, 47.997 ], [ 28.937, 47.956 ], [ 28.577, 48.172 ], [ 28.484, 48.067 ], [ 28.354, 48.248 ], [ 27.598, 48.49 ], [ 26.717, 48.408 ], [ 26.82, 48.293 ], [ 26.322, 48.188 ], [ 26.2, 48.0 ], [ 25.328, 47.922 ], [ 24.91, 47.722 ], [ 24.578, 47.965 ], [ 23.872, 47.936 ], [ 23.187, 48.118 ], [ 22.906, 47.959 ], [ 22.832, 48.117 ], [ 22.129, 48.384 ], [ 22.57, 49.087 ], [ 22.897, 49.009 ], [ 22.714, 49.177 ], [ 22.68, 49.567 ], [ 23.721, 50.387 ], [ 24.056, 50.459 ], [ 23.965, 50.801 ], [ 24.151, 50.871 ], [ 23.654, 51.288 ], [ 23.645, 51.621 ], [ 24.057, 51.583 ], [ 24.419, 51.926 ], [ 27.192, 51.785 ], [ 27.234, 51.599 ], [ 27.721, 51.622 ], [ 27.75, 51.475 ], [ 28.28, 51.688 ], [ 28.785, 51.418 ], [ 29.163, 51.646 ], [ 29.343, 51.389 ], [ 30.185, 51.508 ], [ 30.564, 51.256 ], [ 30.672, 51.349 ], [ 30.519, 51.6 ], [ 30.941, 52.074 ], [ 32.002, 52.029 ], [ 32.355, 52.129 ], [ 32.388, 52.335 ], [ 32.905, 52.244 ], [ 33.196, 52.375 ] ] ] } },
{ "type": "Feature", "properties": { }, "geometry": { "type": "Polygon", "coordinates": [ [ [ 28.24, 56.13 ], [ 29.426, 55.964 ], [ 29.367, 55.764 ], [ 29.484, 55.704 ], [ 30.255, 55.867 ], [ 30.952, 55.609 ], [ 30.83, 55.29 ], [ 31.027, 55.053 ], [ 30.76, 54.808 ], [ 31.212, 54.657 ], [ 31.088, 54.502 ], [ 31.335, 54.248 ], [ 31.888, 54.045 ], [ 31.77, 53.798 ], [ 32.459, 53.735 ], [ 32.48, 53.552 ], [ 32.769, 53.457 ], [ 32.235, 53.1 ], [ 31.439, 53.208 ], [ 31.257, 53.034 ], [ 31.596, 52.787 ], [ 31.609, 52.32 ], [ 31.797, 52.107 ], [ 30.941, 52.074 ], [ 30.519, 51.6 ], [ 30.672, 51.349 ], [ 30.564, 51.256 ], [ 30.185, 51.508 ], [ 29.343, 51.389 ], [ 29.112, 51.649 ], [ 28.773, 51.417 ], [ 28.28, 51.688 ], [ 27.75, 51.475 ], [ 27.721, 51.622 ], [ 27.234, 51.599 ], [ 27.192, 51.785 ], [ 25.281, 51.977 ], [ 24.419, 51.926 ], [ 24.057, 51.583 ], [ 23.739, 51.66 ], [ 23.573, 51.539 ], [ 23.654, 52.079 ], [ 23.177, 52.283 ], [ 23.455, 52.574 ], [ 23.915, 52.667 ], [ 23.956, 52.948 ], [ 23.506, 53.967 ], [ 24.765, 53.961 ], [ 24.83, 54.129 ], [ 25.513, 54.318 ], [ 25.541, 54.158 ], [ 25.792, 54.169 ], [ 25.557, 54.333 ], [ 25.752, 54.815 ], [ 26.872, 55.285 ], [ 26.45, 55.35 ], [ 26.646, 55.697 ], [ 27.133, 55.852 ], [ 27.603, 55.786 ], [ 27.807, 56.036 ], [ 28.24, 56.13 ] ] ] } },
{ "type": "Feature", "properties": { }, "geometry": { "type": "Polygon", "coordinates": [ [ [ 14.339, 51.044 ], [ 14.719, 50.826 ], [ 15.172, 51.02 ], [ 15.381, 50.78 ], [ 16.35, 50.658 ], [ 16.445, 50.573 ], [ 16.197, 50.434 ], [ 16.672, 50.099 ], [ 17.021, 50.231 ], [ 16.894, 50.444 ], [ 17.363, 50.259 ], [ 17.686, 50.326 ], [ 17.756, 50.205 ], [ 17.591, 50.158 ], [ 17.82, 49.992 ], [ 18.575, 49.921 ], [ 18.86, 49.547 ], [ 18.182, 49.281 ], [ 17.868, 48.932 ], [ 17.185, 48.87 ], [ 16.947, 48.615 ], [ 16.536, 48.807 ], [ 16.11, 48.74 ], [ 15.027, 49.017 ], [ 14.989, 48.767 ], [ 14.808, 48.779 ], [ 14.7, 48.586 ], [ 14.065, 48.602 ], [ 12.66, 49.434 ], [ 12.403, 49.755 ], [ 12.548, 49.923 ], [ 12.096, 50.249 ], [ 12.326, 50.172 ], [ 12.51, 50.39 ], [ 14.386, 50.902 ], [ 14.339, 51.044 ] ] ] } },
{ "type": "Feature", "properties": { }, "geometry": { "type": "MultiPolygon", "coordinates": [ [ [ [ 146.166, 44.518 ], [ 146.58, 44.456 ], [ 145.921, 44.135 ], [ 145.546, 43.654 ], [ 145.434, 43.719 ], [ 145.405, 43.841 ], [ 146.166, 44.518 ] ] ], [ [ [ 148.787, 45.555 ], [ 148.843, 45.337 ], [ 147.905, 44.961 ], [ 147.652, 44.993 ], [ 146.862, 44.446 ], [ 147.184, 44.693 ], [ 147.109, 44.823 ], [ 147.87, 45.224 ], [ 147.904, 45.43 ], [ 148.249, 45.268 ], [ 148.787, 45.555 ] ] ] ] } },
{ "type": "Feature", "properties": { }, "geometry": { "type": "MultiPolygon", "coordinates": [ [ [ [ 150.556, 46.21 ], [ 149.685, 45.619 ], [ 149.416, 45.572 ], [ 150.219, 46.18 ], [ 150.556, 46.21 ] ] ], [ [ [ 154.885, 49.613 ], [ 154.811, 49.283 ], [ 154.617, 49.283 ], [ 154.768, 49.581 ], [ 154.885, 49.613 ] ] ], [ [ [ 156.106, 50.754 ], [ 156.167, 50.514 ], [ 155.89, 50.248 ], [ 155.393, 49.998 ], [ 155.211, 50.07 ], [ 155.212, 50.294 ], [ 155.641, 50.378 ], [ 156.106, 50.754 ] ] ], [ [ [ 156.5, 50.787 ], [ 156.4, 50.635 ], [ 156.17, 50.703 ], [ 156.388, 50.853 ], [ 156.5, 50.787 ] ] ], [ [ [ 142.77, 54.334 ], [ 142.993, 54.079 ], [ 142.809, 53.868 ], [ 143.2, 53.312 ], [ 143.256, 53.165 ], [ 143.319, 52.852 ], [ 143.147, 53.363 ], [ 143.023, 53.251 ], [ 143.091, 53.038 ], [ 143.326, 52.839 ], [ 143.317, 52.6 ], [ 143.266, 52.422 ], [ 143.175, 52.329 ], [ 143.285, 52.646 ], [ 143.116, 52.358 ], [ 143.188, 51.837 ], [ 143.095, 51.809 ], [ 143.026, 51.727 ], [ 143.194, 51.832 ], [ 143.208, 51.898 ], [ 143.317, 51.697 ], [ 143.203, 51.511 ], [ 143.335, 51.504 ], [ 143.326, 51.615 ], [ 143.358, 51.648 ], [ 143.371, 51.625 ], [ 143.787, 50.319 ], [ 144.392, 49.045 ], [ 144.69, 48.863 ], [ 144.752, 48.652 ], [ 144.033, 49.26 ], [ 143.406, 49.309 ], [ 142.982, 49.128 ], [ 142.536, 47.788 ], [ 143.024, 47.254 ], [ 143.099, 46.909 ], [ 143.479, 46.823 ], [ 143.618, 46.368 ], [ 143.415, 46.022 ], [ 143.307, 46.504 ], [ 142.781, 46.599 ], [ 142.69, 46.751 ], [ 142.409, 46.58 ], [ 142.082, 45.889 ], [ 141.813, 46.584 ], [ 142.059, 47.08 ], [ 141.967, 47.613 ], [ 142.206, 47.983 ], [ 141.842, 48.77 ], [ 142.138, 49.516 ], [ 142.04, 50.552 ], [ 142.249, 51.147 ], [ 141.934, 51.641 ], [ 141.671, 51.748 ], [ 141.825, 51.776 ], [ 141.626, 51.887 ], [ 141.623, 52.319 ], [ 141.92, 53.052 ], [ 141.757, 53.373 ], [ 142.246, 53.532 ], [ 142.231, 53.375 ], [ 142.458, 53.372 ], [ 142.672, 53.51 ], [ 142.483, 53.655 ], [ 142.79, 53.703 ], [ 142.69, 53.844 ], [ 142.583, 53.691 ], [ 142.683, 53.948 ], [ 142.257, 54.294 ], [ 142.567, 54.21 ], [ 142.705, 54.249 ], [ 142.657, 54.402 ], [ 142.77, 54.334 ] ] ], [ [ [ 137.197, 55.108 ], [ 137.065, 54.91 ], [ 136.677, 54.891 ], [ 136.8, 55.007 ], [ 137.197, 55.108 ] ] ], [ [ [ 137.763, 55.14 ], [ 138.223, 55.022 ], [ 137.716, 54.609 ], [ 137.476, 54.862 ], [ 137.241, 54.76 ], [ 137.557, 55.181 ], [ 137.763, 55.14 ] ] ], [ [ [ 21.484, 55.209 ], [ 22.071, 55.026 ], [ 22.575, 55.074 ], [ 22.855, 54.901 ], [ 22.686, 54.588 ], [ 22.788, 54.365 ], [ 19.786, 54.437 ], [ 20.412, 54.681 ], [ 19.904, 54.634 ], [ 19.984, 54.964 ], [ 20.45, 54.958 ], [ 20.942, 55.278 ], [ 20.53, 54.961 ], [ 21.088, 54.893 ], [ 21.252, 54.953 ], [ 21.185, 55.201 ], [ 21.484, 55.209 ] ] ], [ [ [ 165.929, 55.373 ], [ 166.268, 55.314 ], [ 166.217, 55.183 ], [ 166.667, 54.665 ], [ 165.688, 55.289 ], [ 165.929, 55.373 ] ] ], [ [ [ 164.614, 59.23 ], [ 164.751, 59.029 ], [ 164.656, 58.87 ], [ 164.161, 58.808 ], [ 163.5, 58.452 ], [ 163.416, 58.54 ], [ 163.932, 58.993 ], [ 163.704, 58.996 ], [ 164.614, 59.23 ] ] ], [ [ [ 70.689, 66.665 ], [ 71.021, 66.55 ], [ 70.302, 66.613 ], [ 70.465, 66.665 ], [ 70.689, 66.665 ] ] ], [ [ [ 71.503, 66.877 ], [ 71.598, 66.636 ], [ 71.026, 66.589 ], [ 70.628, 66.683 ], [ 71.008, 66.646 ], [ 70.736, 66.718 ], [ 71.268, 66.723 ], [ 70.743, 66.735 ], [ 71.503, 66.877 ] ] ], [ [ [ -179.68, 68.897 ], [ -175.282, 67.665 ], [ -175.254, 67.553 ], [ -174.8, 67.369 ], [ -174.725, 67.244 ], [ -174.863, 67.278 ], [ -174.91, 67.082 ], [ -174.701, 66.729 ], [ -174.957, 66.66 ], [ -174.431, 66.528 ], [ -174.376, 66.324 ], [ -174.029, 66.469 ], [ -173.915, 66.328 ], [ -174.015, 66.303 ], [ -173.838, 66.29 ], [ -173.682, 66.437 ], [ -174.255, 66.5 ], [ -173.92, 66.665 ], [ -174.003, 66.981 ], [ -174.622, 67.058 ], [ -173.639, 67.116 ], [ -171.72, 66.956 ], [ -171.264, 66.632 ], [ -169.659, 66.083 ], [ -170.597, 65.85 ], [ -170.48, 65.808 ], [ -170.583, 65.604 ], [ -171.474, 65.838 ], [ -170.98, 65.582 ], [ -171.053, 65.464 ], [ -172.064, 65.472 ], [ -171.738, 65.501 ], [ -172.249, 65.545 ], [ -172.216, 65.582 ], [ -172.311, 65.672 ], [ -172.741, 65.666 ], [ -172.852, 65.707 ], [ -172.91, 65.696 ], [ -172.352, 65.576 ], [ -172.348, 65.418 ], [ -172.08, 65.482 ], [ -172.214, 65.311 ], [ -172.075, 65.087 ], [ -173.18, 64.781 ], [ -172.908, 64.846 ], [ -172.742, 64.769 ], [ -173.058, 64.659 ], [ -172.831, 64.659 ], [ -172.976, 64.569 ], [ -172.227, 64.406 ], [ -172.954, 64.493 ], [ -172.789, 64.429 ], [ -172.839, 64.301 ], [ -173.086, 64.246 ], [ -173.368, 64.297 ], [ -173.159, 64.442 ], [ -173.345, 64.605 ], [ -173.301, 64.439 ], [ -173.627, 64.328 ], [ -174.228, 64.659 ], [ -175.42, 64.788 ], [ -175.876, 65.0 ], [ -175.721, 65.14 ], [ -176.021, 65.456 ], [ -176.923, 65.6 ], [ -177.451, 65.459 ], [ -178.526, 65.49 ], [ -178.402, 65.715 ], [ -178.859, 65.902 ], [ -178.905, 66.034 ], [ -178.477, 66.122 ], [ -178.469, 66.39 ], [ -178.834, 66.152 ], [ -179.093, 66.244 ], [ -179.038, 66.364 ], [ -179.39, 66.297 ], [ -179.189, 66.189 ], [ -179.292, 66.12 ], [ -179.672, 66.16 ], [ -179.771, 65.896 ], [ -179.259, 65.53 ], [ -179.667, 65.13 ], [ -180.0, 65.028 ], [ -180.0, 68.98 ], [ -179.68, 68.897 ] ] ], [ [ [ 49.727, 69.375 ], [ 50.149, 69.258 ], [ 50.289, 69.159 ], [ 50.289, 69.093 ], [ 50.112, 68.994 ], [ 50.258, 69.169 ], [ 50.218, 69.204 ], [ 49.179, 68.761 ], [ 48.218, 68.826 ], [ 48.277, 69.22 ], [ 48.67, 69.448 ], [ 49.727, 69.375 ] ] ], [ [ [ 168.373, 70.015 ], [ 169.223, 69.898 ], [ 169.458, 69.81 ], [ 169.186, 69.551 ], [ 167.777, 69.811 ], [ 168.373, 70.015 ] ] ], [ [ [ 59.075, 70.467 ], [ 60.441, 69.934 ], [ 60.553, 69.797 ], [ 59.584, 69.71 ], [ 59.716, 69.78 ], [ 58.971, 69.941 ], [ 59.177, 69.854 ], [ 59.063, 69.855 ], [ 58.407, 70.238 ], [ 58.824, 70.207 ], [ 58.512, 70.325 ], [ 59.075, 70.467 ] ] ], [ [ [ 82.411, 70.596 ], [ 82.695, 70.392 ], [ 82.933, 70.362 ], [ 82.66, 70.234 ], [ 82.223, 70.429 ], [ 82.411, 70.596 ] ] ], [ [ [ 82.626, 70.742 ], [ 82.88, 70.621 ], [ 82.844, 70.559 ], [ 83.052, 70.45 ], [ 82.475, 70.585 ], [ 82.626, 70.742 ] ] ], [ [ [ 82.844, 70.943 ], [ 83.143, 70.786 ], [ 82.899, 70.686 ], [ 82.941, 70.546 ], [ 82.903, 70.626 ], [ 82.653, 70.761 ], [ 82.844, 70.943 ] ] ], [ [ [ 52.766, 71.385 ], [ 53.227, 71.24 ], [ 53.061, 71.032 ], [ 53.181, 70.949 ], [ 52.635, 71.275 ], [ 52.239, 71.289 ], [ 52.766, 71.385 ] ] ], [ [ [ 179.989, 71.521 ], [ 180.0, 70.975 ], [ 178.749, 70.782 ], [ 178.615, 71.016 ], [ 179.989, 71.521 ] ] ], [ [ [ -179.093, 71.589 ], [ -177.754, 71.306 ], [ -178.147, 71.497 ], [ -177.457, 71.223 ], [ -177.925, 71.026 ], [ -179.238, 70.885 ], [ -180.0, 70.975 ], [ -180.0, 71.528 ], [ -179.093, 71.589 ] ] ], [ [ [ 137.517, 71.59 ], [ 137.957, 71.573 ], [ 138.035, 71.52 ], [ 137.765, 71.404 ], [ 137.003, 71.536 ], [ 137.517, 71.59 ] ] ], [ [ [ 78.341, 72.46 ], [ 77.802, 72.285 ], [ 76.848, 72.302 ], [ 77.614, 72.603 ], [ 78.341, 72.46 ] ] ], [ [ [ 79.295, 73.096 ], [ 79.169, 73.082 ], [ 79.508, 72.92 ], [ 79.528, 72.714 ], [ 78.609, 72.828 ], [ 79.08, 73.067 ], [ 79.2, 73.097 ], [ 79.295, 73.096 ] ] ], [ [ [ 74.678, 73.092 ], [ 74.856, 73.054 ], [ 74.89, 73.038 ], [ 74.7, 73.067 ], [ 74.599, 72.843 ], [ 74.074, 72.987 ], [ 74.678, 73.092 ] ] ], [ [ [ 55.2, 73.375 ], [ 55.235, 73.344 ], [ 55.398, 73.319 ], [ 55.794, 73.312 ], [ 55.921, 73.216 ], [ 56.346, 73.228 ], [ 56.565, 73.134 ], [ 55.518, 72.94 ], [ 56.24, 72.947 ], [ 56.099, 72.783 ], [ 55.453, 72.807 ], [ 55.906, 72.651 ], [ 55.634, 72.683 ], [ 55.588, 72.523 ], [ 55.436, 72.567 ], [ 55.182, 72.591 ], [ 55.081, 72.582 ], [ 55.55, 72.469 ], [ 55.122, 72.448 ], [ 55.45, 72.438 ], [ 55.293, 72.277 ], [ 55.574, 72.171 ], [ 55.324, 72.063 ], [ 55.415, 71.932 ], [ 55.143, 71.908 ], [ 55.506, 71.886 ], [ 56.198, 71.186 ], [ 57.58, 70.705 ], [ 57.401, 70.586 ], [ 56.738, 70.669 ], [ 57.288, 70.545 ], [ 56.587, 70.617 ], [ 56.509, 70.738 ], [ 56.156, 70.684 ], [ 56.629, 70.57 ], [ 55.791, 70.674 ], [ 56.007, 70.563 ], [ 55.411, 70.737 ], [ 55.481, 70.634 ], [ 55.272, 70.681 ], [ 55.169, 70.545 ], [ 54.504, 70.807 ], [ 54.422, 70.728 ], [ 54.783, 70.639 ], [ 53.542, 70.786 ], [ 53.337, 70.865 ], [ 53.738, 70.812 ], [ 53.769, 70.936 ], [ 53.51, 71.086 ], [ 53.957, 71.013 ], [ 53.808, 71.112 ], [ 53.97, 71.123 ], [ 54.108, 71.087 ], [ 53.913, 71.106 ], [ 53.937, 71.07 ], [ 54.176, 71.069 ], [ 54.247, 71.101 ], [ 53.519, 71.214 ], [ 53.269, 71.444 ], [ 53.5, 71.546 ], [ 53.16, 71.408 ], [ 53.091, 71.485 ], [ 53.008, 71.505 ], [ 53.108, 71.443 ], [ 52.946, 71.371 ], [ 52.653, 71.488 ], [ 52.545, 71.714 ], [ 52.451, 71.461 ], [ 52.263, 71.599 ], [ 52.172, 71.523 ], [ 52.287, 71.465 ], [ 51.904, 71.457 ], [ 51.431, 71.786 ], [ 51.582, 72.063 ], [ 52.453, 72.051 ], [ 52.402, 72.146 ], [ 52.563, 72.135 ], [ 52.448, 72.273 ], [ 52.642, 72.24 ], [ 52.724, 72.314 ], [ 52.573, 72.361 ], [ 52.832, 72.431 ], [ 52.689, 72.443 ], [ 52.709, 72.47 ], [ 53.283, 72.563 ], [ 52.704, 72.619 ], [ 53.694, 72.643 ], [ 52.4, 72.716 ], [ 52.928, 72.906 ], [ 53.403, 72.858 ], [ 53.622, 72.881 ], [ 53.084, 72.93 ], [ 53.374, 73.011 ], [ 53.173, 73.134 ], [ 55.2, 73.375 ] ] ], [ [ [ 71.3, 73.296 ], [ 71.648, 73.174 ], [ 69.92, 73.04 ], [ 69.988, 73.386 ], [ 70.307, 73.451 ], [ 70.991, 73.481 ], [ 71.37, 73.376 ], [ 71.3, 73.296 ] ] ], [ [ [ 142.297, 73.863 ], [ 143.463, 73.547 ], [ 143.616, 73.217 ], [ 139.804, 73.405 ], [ 140.62, 73.514 ], [ 141.165, 73.866 ], [ 142.297, 73.863 ] ] ], [ [ [ 135.487, 74.236 ], [ 136.091, 74.075 ], [ 136.338, 73.922 ], [ 136.108, 73.91 ], [ 135.487, 74.236 ] ] ], [ [ [ 140.809, 73.962 ], [ 140.411, 73.935 ], [ 140.219, 74.192 ], [ 141.125, 74.203 ], [ 141.071, 74.018 ], [ 140.809, 73.962 ] ] ], [ [ [ 112.494, 74.525 ], [ 113.464, 74.356 ], [ 112.826, 74.081 ], [ 111.49, 74.295 ], [ 112.041, 74.37 ], [ 112.018, 74.548 ], [ 112.494, 74.525 ] ] ], [ [ [ 87.076, 74.977 ], [ 87.197, 74.944 ], [ 86.721, 74.904 ], [ 87.0, 74.839 ], [ 86.899, 74.806 ], [ 86.237, 74.887 ], [ 87.076, 74.977 ] ] ], [ [ [ 81.954, 75.445 ], [ 82.318, 75.323 ], [ 82.038, 75.323 ], [ 82.019, 75.158 ], [ 81.622, 75.337 ], [ 81.771, 75.201 ], [ 82.021, 75.126 ], [ 82.149, 75.159 ], [ 82.046, 75.103 ], [ 81.711, 75.208 ], [ 81.602, 75.281 ], [ 81.593, 75.346 ], [ 81.682, 75.404 ], [ 82.074, 75.39 ], [ 81.954, 75.445 ] ] ], [ [ [ 147.026, 75.322 ], [ 147.631, 75.443 ], [ 148.579, 75.373 ], [ 148.623, 75.199 ], [ 150.984, 75.126 ], [ 150.667, 74.867 ], [ 149.001, 74.728 ], [ 146.174, 75.22 ], [ 146.488, 75.591 ], [ 147.026, 75.322 ] ] ], [ [ [ 136.014, 75.451 ], [ 135.542, 75.373 ], [ 135.718, 75.87 ], [ 136.239, 75.623 ], [ 136.014, 75.451 ] ] ], [ [ [ 139.095, 76.127 ], [ 140.02, 75.947 ], [ 139.832, 75.885 ], [ 140.51, 75.782 ], [ 140.558, 75.662 ], [ 141.074, 75.636 ], [ 140.902, 75.771 ], [ 141.061, 76.058 ], [ 141.727, 75.999 ], [ 141.412, 76.175 ], [ 142.639, 75.856 ], [ 143.859, 75.833 ], [ 145.414, 75.496 ], [ 144.872, 75.43 ], [ 144.988, 75.273 ], [ 144.423, 75.055 ], [ 143.523, 75.059 ], [ 143.719, 74.96 ], [ 143.557, 74.902 ], [ 142.519, 74.802 ], [ 141.97, 74.924 ], [ 142.389, 74.924 ], [ 142.251, 75.019 ], [ 141.884, 75.005 ], [ 141.595, 74.935 ], [ 139.987, 74.798 ], [ 140.128, 74.812 ], [ 139.691, 74.973 ], [ 139.51, 74.922 ], [ 139.72, 74.857 ], [ 139.18, 74.637 ], [ 138.201, 74.759 ], [ 136.964, 75.262 ], [ 137.304, 75.464 ], [ 137.277, 75.618 ], [ 137.007, 75.586 ], [ 137.237, 75.651 ], [ 137.175, 75.73 ], [ 137.624, 75.793 ], [ 137.485, 75.939 ], [ 138.845, 76.201 ], [ 139.166, 76.198 ], [ 139.095, 76.127 ] ] ], [ [ [ 95.907, 76.26 ], [ 96.413, 76.304 ], [ 96.694, 76.232 ], [ 96.258, 76.206 ], [ 96.472, 76.163 ], [ 96.338, 76.098 ], [ 95.313, 76.225 ], [ 95.907, 76.26 ] ] ], [ [ [ 112.353, 76.648 ], [ 112.635, 76.615 ], [ 112.689, 76.571 ], [ 112.531, 76.625 ], [ 112.429, 76.614 ], [ 112.774, 76.498 ], [ 112.02, 76.595 ], [ 112.353, 76.648 ] ] ], [ [ [ 67.799, 76.995 ], [ 68.627, 76.925 ], [ 69.07, 76.705 ], [ 68.273, 76.247 ], [ 63.754, 75.622 ], [ 63.627, 75.713 ], [ 61.443, 75.212 ], [ 61.331, 75.32 ], [ 60.761, 75.013 ], [ 59.992, 74.982 ], [ 60.66, 74.911 ], [ 60.16, 74.857 ], [ 60.309, 74.74 ], [ 59.463, 74.793 ], [ 59.858, 74.652 ], [ 59.77, 74.573 ], [ 59.085, 74.729 ], [ 59.284, 74.618 ], [ 59.151, 74.615 ], [ 59.151, 74.422 ], [ 58.267, 74.563 ], [ 58.729, 74.22 ], [ 58.113, 74.143 ], [ 58.28, 73.997 ], [ 58.169, 73.974 ], [ 57.482, 74.188 ], [ 57.537, 74.08 ], [ 57.19, 74.076 ], [ 57.828, 73.937 ], [ 57.895, 73.769 ], [ 57.673, 73.713 ], [ 57.496, 73.818 ], [ 56.589, 73.882 ], [ 57.318, 73.805 ], [ 57.599, 73.599 ], [ 56.407, 73.737 ], [ 57.228, 73.48 ], [ 56.722, 73.343 ], [ 56.743, 73.233 ], [ 56.126, 73.262 ], [ 56.071, 73.365 ], [ 55.86, 73.447 ], [ 55.81, 73.502 ], [ 55.761, 73.515 ], [ 55.957, 73.305 ], [ 54.899, 73.44 ], [ 54.18, 73.312 ], [ 54.022, 73.368 ], [ 54.726, 73.642 ], [ 55.99, 73.631 ], [ 55.12, 73.7 ], [ 55.408, 73.779 ], [ 54.187, 73.596 ], [ 53.639, 73.745 ], [ 55.045, 73.905 ], [ 54.59, 73.996 ], [ 55.029, 74.155 ], [ 56.35, 74.007 ], [ 55.109, 74.242 ], [ 55.84, 74.264 ], [ 55.276, 74.354 ], [ 55.411, 74.423 ], [ 55.885, 74.433 ], [ 56.21, 74.467 ], [ 56.245, 74.486 ], [ 55.529, 74.552 ], [ 55.812, 74.686 ], [ 56.965, 74.68 ], [ 55.881, 74.787 ], [ 56.729, 74.937 ], [ 55.905, 74.963 ], [ 55.87, 75.15 ], [ 56.346, 75.17 ], [ 56.454, 75.044 ], [ 56.949, 75.225 ], [ 56.742, 75.296 ], [ 56.982, 75.363 ], [ 57.89, 75.314 ], [ 57.564, 75.476 ], [ 58.263, 75.599 ], [ 57.946, 75.624 ], [ 58.056, 75.665 ], [ 60.318, 75.972 ], [ 60.083, 76.045 ], [ 60.303, 76.097 ], [ 60.816, 76.111 ], [ 60.445, 76.0 ], [ 60.776, 75.986 ], [ 61.183, 76.105 ], [ 60.935, 76.142 ], [ 61.081, 76.263 ], [ 62.526, 76.167 ], [ 64.74, 76.343 ], [ 64.638, 76.385 ], [ 65.469, 76.564 ], [ 66.003, 76.506 ], [ 65.796, 76.655 ], [ 67.799, 76.995 ] ] ], [ [ [ 96.243, 77.016 ], [ 95.739, 76.919 ], [ 96.022, 77.009 ], [ 95.302, 76.978 ], [ 96.583, 77.136 ], [ 96.243, 77.016 ] ] ], [ [ [ 89.728, 77.28 ], [ 89.571, 77.169 ], [ 89.219, 77.202 ], [ 89.417, 77.295 ], [ 89.728, 77.28 ] ] ], [ [ [ 104.331, 77.721 ], [ 105.919, 77.564 ], [ 106.3, 77.378 ], [ 104.243, 77.083 ], [ 105.933, 77.127 ], [ 105.469, 76.998 ], [ 106.857, 77.048 ], [ 107.539, 76.909 ], [ 106.443, 76.567 ], [ 106.603, 76.474 ], [ 107.711, 76.493 ], [ 108.287, 76.75 ], [ 111.195, 76.774 ], [ 112.264, 76.455 ], [ 111.978, 76.361 ], [ 111.933, 76.317 ], [ 111.949, 76.216 ], [ 112.38, 76.453 ], [ 112.829, 76.323 ], [ 112.488, 76.234 ], [ 112.884, 76.098 ], [ 112.616, 76.052 ], [ 113.362, 76.121 ], [ 112.972, 76.233 ], [ 113.298, 76.253 ], [ 113.581, 75.877 ], [ 113.92, 75.877 ], [ 113.539, 75.536 ], [ 113.381, 75.551 ], [ 113.609, 75.65 ], [ 113.31, 75.685 ], [ 112.981, 75.669 ], [ 113.137, 75.704 ], [ 112.625, 75.831 ], [ 112.248, 75.856 ], [ 112.839, 75.74 ], [ 112.603, 75.698 ], [ 112.868, 75.634 ], [ 112.784, 75.548 ], [ 113.267, 75.663 ], [ 113.344, 75.535 ], [ 113.748, 75.432 ], [ 113.524, 75.385 ], [ 113.693, 75.371 ], [ 113.51, 75.21 ], [ 112.133, 74.884 ], [ 111.796, 74.652 ], [ 110.2, 74.498 ], [ 110.423, 74.446 ], [ 110.133, 74.35 ], [ 110.172, 74.373 ], [ 109.765, 74.301 ], [ 109.671, 74.332 ], [ 109.635, 74.316 ], [ 109.572, 74.323 ], [ 109.37, 74.282 ], [ 109.939, 74.276 ], [ 108.303, 73.824 ], [ 108.419, 73.756 ], [ 108.212, 73.666 ], [ 106.134, 73.65 ], [ 107.073, 73.516 ], [ 106.784, 73.31 ], [ 106.13, 73.259 ], [ 105.908, 72.998 ], [ 105.318, 72.745 ], [ 105.984, 72.832 ], [ 106.35, 73.175 ], [ 108.107, 73.227 ], [ 108.234, 73.121 ], [ 108.497, 73.088 ], [ 108.408, 73.224 ], [ 108.572, 73.255 ], [ 108.172, 73.256 ], [ 110.891, 73.677 ], [ 110.674, 73.792 ], [ 109.748, 73.652 ], [ 109.541, 73.765 ], [ 110.064, 74.008 ], [ 110.985, 73.897 ], [ 111.133, 74.016 ], [ 111.501, 74.049 ], [ 111.199, 73.946 ], [ 112.334, 73.7 ], [ 112.952, 73.759 ], [ 112.831, 73.992 ], [ 113.41, 73.677 ], [ 113.2, 73.445 ], [ 113.536, 73.339 ], [ 113.5, 73.237 ], [ 114.095, 73.356 ], [ 113.5, 73.509 ], [ 115.563, 73.711 ], [ 118.721, 73.555 ], [ 118.971, 73.457 ], [ 118.451, 73.428 ], [ 118.41, 73.228 ], [ 119.695, 73.002 ], [ 122.807, 72.951 ], [ 122.648, 73.03 ], [ 123.213, 72.9 ], [ 123.738, 73.102 ], [ 123.471, 73.157 ], [ 123.751, 73.207 ], [ 123.383, 73.352 ], [ 123.539, 73.385 ], [ 123.456, 73.376 ], [ 123.28, 73.402 ], [ 123.528, 73.397 ], [ 123.347, 73.479 ], [ 123.529, 73.564 ], [ 123.45, 73.655 ], [ 124.017, 73.601 ], [ 124.445, 73.801 ], [ 125.828, 73.417 ], [ 126.335, 73.552 ], [ 126.452, 73.351 ], [ 126.964, 73.376 ], [ 127.054, 73.527 ], [ 127.92, 73.465 ], [ 127.794, 73.416 ], [ 129.512, 73.005 ], [ 129.59, 72.939 ], [ 129.354, 72.933 ], [ 129.172, 72.976 ], [ 129.124, 72.971 ], [ 129.496, 72.783 ], [ 129.162, 72.736 ], [ 129.536, 72.648 ], [ 128.821, 72.522 ], [ 129.451, 72.435 ], [ 129.553, 72.306 ], [ 129.384, 72.264 ], [ 129.597, 72.213 ], [ 129.387, 72.158 ], [ 129.579, 72.138 ], [ 128.504, 71.959 ], [ 128.982, 71.71 ], [ 129.276, 71.804 ], [ 129.125, 72.007 ], [ 129.609, 71.7 ], [ 128.915, 71.578 ], [ 129.236, 71.596 ], [ 129.479, 71.295 ], [ 130.367, 70.899 ], [ 130.861, 70.962 ], [ 131.062, 70.704 ], [ 131.69, 70.922 ], [ 132.254, 71.645 ], [ 132.778, 71.947 ], [ 133.147, 71.963 ], [ 133.335, 71.883 ], [ 132.998, 71.948 ], [ 132.76, 71.796 ], [ 133.302, 71.541 ], [ 134.273, 71.363 ], [ 135.914, 71.63 ], [ 138.019, 71.21 ], [ 138.192, 71.235 ], [ 137.849, 71.372 ], [ 138.164, 71.575 ], [ 138.857, 71.629 ], [ 139.243, 71.398 ], [ 139.867, 71.44 ], [ 140.098, 71.509 ], [ 139.773, 71.687 ], [ 139.839, 71.854 ], [ 139.382, 71.949 ], [ 140.293, 72.172 ], [ 139.423, 72.144 ], [ 139.175, 72.277 ], [ 139.618, 72.487 ], [ 141.328, 72.588 ], [ 140.731, 72.871 ], [ 140.884, 72.88 ], [ 149.352, 72.2 ], [ 150.107, 71.859 ], [ 149.627, 71.743 ], [ 149.504, 71.875 ], [ 149.337, 71.88 ], [ 149.067, 71.68 ], [ 149.931, 71.67 ], [ 150.636, 71.519 ], [ 150.778, 71.358 ], [ 151.574, 71.317 ], [ 152.139, 70.995 ], [ 151.722, 70.972 ], [ 152.565, 70.819 ], [ 156.046, 71.082 ], [ 158.707, 70.923 ], [ 159.889, 70.543 ], [ 160.117, 70.258 ], [ 159.693, 69.871 ], [ 160.973, 69.622 ], [ 161.103, 69.223 ], [ 161.224, 69.26 ], [ 161.132, 69.463 ], [ 161.396, 69.53 ], [ 161.331, 69.391 ], [ 161.49, 69.363 ], [ 162.371, 69.671 ], [ 164.05, 69.75 ], [ 164.598, 69.574 ], [ 166.964, 69.474 ], [ 167.807, 69.763 ], [ 168.28, 69.546 ], [ 168.305, 69.218 ], [ 169.342, 69.085 ], [ 169.635, 68.76 ], [ 170.214, 68.791 ], [ 171.066, 69.05 ], [ 170.682, 69.566 ], [ 170.203, 69.587 ], [ 170.634, 69.758 ], [ 170.564, 70.128 ], [ 173.15, 69.833 ], [ 173.506, 69.934 ], [ 173.791, 69.804 ], [ 176.112, 69.877 ], [ 178.821, 69.386 ], [ 180.0, 68.98 ], [ 180.0, 65.027 ], [ 179.534, 64.8 ], [ 178.561, 64.558 ], [ 178.811, 64.643 ], [ 177.643, 64.692 ], [ 177.414, 64.812 ], [ 177.538, 64.841 ], [ 177.502, 64.92 ], [ 177.082, 64.75 ], [ 176.06, 64.943 ], [ 175.775, 64.762 ], [ 175.205, 64.724 ], [ 175.727, 64.725 ], [ 176.156, 64.891 ], [ 176.453, 64.695 ], [ 176.186, 64.585 ], [ 176.562, 64.66 ], [ 176.775, 64.534 ], [ 177.52, 64.738 ], [ 177.502, 64.406 ], [ 177.866, 64.234 ], [ 178.254, 64.179 ], [ 178.12, 64.23 ], [ 178.334, 64.336 ], [ 178.23, 64.439 ], [ 178.684, 64.0 ], [ 178.893, 63.419 ], [ 179.452, 63.108 ], [ 179.27, 62.973 ], [ 179.628, 62.682 ], [ 179.138, 62.451 ], [ 179.098, 62.27 ], [ 178.08, 62.521 ], [ 177.124, 62.532 ], [ 174.608, 61.825 ], [ 174.046, 61.819 ], [ 174.145, 61.774 ], [ 173.847, 61.642 ], [ 173.564, 61.734 ], [ 173.263, 61.429 ], [ 172.749, 61.413 ], [ 172.938, 61.263 ], [ 172.655, 61.318 ], [ 172.824, 61.266 ], [ 172.248, 61.135 ], [ 172.464, 61.031 ], [ 172.029, 61.084 ], [ 172.223, 60.953 ], [ 172.066, 60.838 ], [ 170.658, 60.41 ], [ 170.322, 59.933 ], [ 169.421, 60.513 ], [ 168.372, 60.599 ], [ 167.05, 60.403 ], [ 166.271, 59.817 ], [ 166.086, 59.816 ], [ 166.377, 60.412 ], [ 166.263, 60.469 ], [ 165.033, 60.099 ], [ 165.234, 59.991 ], [ 164.857, 59.781 ], [ 164.453, 60.108 ], [ 164.214, 59.855 ], [ 164.072, 59.893 ], [ 164.28, 60.013 ], [ 163.521, 59.891 ], [ 163.418, 59.614 ], [ 163.202, 59.562 ], [ 163.321, 59.561 ], [ 163.207, 59.491 ], [ 163.355, 59.273 ], [ 163.086, 59.248 ], [ 163.252, 59.127 ], [ 163.263, 59.104 ], [ 163.249, 59.054 ], [ 162.952, 59.175 ], [ 163.065, 58.977 ], [ 162.344, 58.587 ], [ 162.002, 58.013 ], [ 162.291, 57.796 ], [ 162.707, 57.947 ], [ 163.326, 57.72 ], [ 162.788, 57.341 ], [ 162.783, 56.781 ], [ 163.241, 56.75 ], [ 163.369, 56.185 ], [ 163.062, 56.01 ], [ 162.622, 56.232 ], [ 162.092, 56.082 ], [ 161.736, 55.407 ], [ 162.122, 54.752 ], [ 161.72, 54.508 ], [ 160.862, 54.563 ], [ 160.045, 54.166 ], [ 159.845, 53.78 ], [ 159.964, 53.493 ], [ 159.839, 53.445 ], [ 160.034, 53.092 ], [ 159.809, 53.266 ], [ 158.712, 52.878 ], [ 158.611, 53.042 ], [ 158.423, 53.005 ], [ 158.636, 52.89 ], [ 158.481, 52.762 ], [ 158.56, 52.62 ], [ 158.394, 52.643 ], [ 158.551, 52.284 ], [ 157.902, 51.624 ], [ 156.665, 50.869 ], [ 156.76, 51.071 ], [ 156.541, 51.289 ], [ 156.492, 51.909 ], [ 156.566, 51.874 ], [ 156.639, 51.869 ], [ 156.711, 51.881 ], [ 156.495, 51.919 ], [ 156.168, 52.77 ], [ 155.551, 55.192 ], [ 155.663, 55.995 ], [ 155.989, 56.688 ], [ 156.952, 57.352 ], [ 156.867, 57.807 ], [ 157.454, 57.796 ], [ 157.678, 58.013 ], [ 158.219, 58.018 ], [ 159.086, 58.433 ], [ 159.736, 58.87 ], [ 159.875, 59.139 ], [ 161.928, 60.206 ], [ 162.099, 60.482 ], [ 163.01, 60.773 ], [ 163.792, 60.832 ], [ 163.507, 61.004 ], [ 164.024, 61.314 ], [ 163.758, 61.462 ], [ 164.065, 61.679 ], [ 164.172, 62.27 ], [ 165.244, 62.487 ], [ 164.452, 62.686 ], [ 163.289, 62.516 ], [ 163.136, 62.407 ], [ 163.388, 62.331 ], [ 163.078, 62.219 ], [ 163.202, 62.057 ], [ 162.986, 61.804 ], [ 163.341, 61.66 ], [ 163.044, 61.511 ], [ 162.846, 61.709 ], [ 162.633, 61.654 ], [ 162.776, 61.588 ], [ 162.386, 61.662 ], [ 160.802, 60.716 ], [ 160.428, 60.747 ], [ 160.177, 60.571 ], [ 160.187, 60.822 ], [ 160.44, 61.033 ], [ 159.799, 60.928 ], [ 160.008, 61.11 ], [ 159.786, 61.236 ], [ 160.282, 61.547 ], [ 160.424, 61.764 ], [ 160.331, 61.938 ], [ 159.586, 61.653 ], [ 159.589, 61.831 ], [ 159.025, 61.921 ], [ 157.057, 61.646 ], [ 156.684, 61.513 ], [ 156.657, 61.196 ], [ 155.94, 60.943 ], [ 155.915, 60.713 ], [ 154.827, 60.299 ], [ 154.485, 59.933 ], [ 154.579, 60.096 ], [ 154.415, 60.067 ], [ 154.487, 59.881 ], [ 154.223, 59.874 ], [ 154.371, 59.577 ], [ 154.219, 59.667 ], [ 154.064, 59.412 ], [ 154.392, 59.537 ], [ 154.42, 59.42 ], [ 154.527, 59.418 ], [ 154.418, 59.551 ], [ 154.963, 59.498 ], [ 155.209, 59.346 ], [ 155.175, 59.173 ], [ 154.462, 59.217 ], [ 154.043, 59.046 ], [ 153.755, 59.249 ], [ 153.39, 59.242 ], [ 152.914, 58.906 ], [ 152.356, 59.057 ], [ 152.089, 58.891 ], [ 151.355, 58.833 ], [ 151.119, 59.096 ], [ 152.321, 59.223 ], [ 151.745, 59.299 ], [ 151.415, 59.601 ], [ 150.772, 59.435 ], [ 150.493, 59.49 ], [ 150.763, 59.564 ], [ 149.424, 59.76 ], [ 149.076, 59.644 ], [ 149.227, 59.462 ], [ 148.76, 59.48 ], [ 148.741, 59.361 ], [ 148.999, 59.368 ], [ 148.931, 59.234 ], [ 148.433, 59.25 ], [ 148.21, 59.409 ], [ 147.486, 59.239 ], [ 146.451, 59.463 ], [ 146.305, 59.39 ], [ 146.347, 59.199 ], [ 146.041, 59.141 ], [ 145.833, 59.238 ], [ 145.963, 59.406 ], [ 145.697, 59.423 ], [ 143.234, 59.396 ], [ 142.229, 59.107 ], [ 141.545, 58.601 ], [ 140.773, 58.299 ], [ 140.489, 57.843 ], [ 138.942, 57.141 ], [ 138.566, 56.778 ], [ 138.436, 56.841 ], [ 138.109, 56.569 ], [ 138.225, 56.425 ], [ 135.182, 54.852 ], [ 135.75, 54.555 ], [ 136.839, 54.642 ], [ 136.678, 53.918 ], [ 136.788, 53.759 ], [ 137.195, 53.842 ], [ 137.308, 54.028 ], [ 137.092, 54.126 ], [ 137.198, 54.21 ], [ 137.738, 54.318 ], [ 137.303, 54.057 ], [ 137.861, 53.965 ], [ 137.221, 53.586 ], [ 137.319, 53.529 ], [ 137.956, 53.575 ], [ 138.575, 53.99 ], [ 138.572, 53.807 ], [ 138.258, 53.53 ], [ 138.46, 53.521 ], [ 138.767, 53.985 ], [ 138.659, 54.285 ], [ 139.246, 54.173 ], [ 139.731, 54.293 ], [ 140.547, 53.644 ], [ 140.766, 53.548 ], [ 141.085, 53.465 ], [ 141.122, 53.446 ], [ 140.939, 53.495 ], [ 140.908, 53.425 ], [ 141.408, 53.297 ], [ 141.442, 53.162 ], [ 141.187, 52.997 ], [ 140.817, 53.132 ], [ 140.734, 53.106 ], [ 141.232, 52.866 ], [ 141.284, 52.658 ], [ 141.104, 52.422 ], [ 141.546, 52.152 ], [ 141.333, 52.095 ], [ 141.418, 51.951 ], [ 140.874, 51.626 ], [ 140.748, 51.465 ], [ 140.852, 51.369 ], [ 140.626, 51.231 ], [ 140.652, 50.962 ], [ 140.421, 50.537 ], [ 140.511, 50.148 ], [ 140.687, 50.092 ], [ 140.404, 49.879 ], [ 140.543, 49.566 ], [ 140.207, 48.975 ], [ 140.388, 48.974 ], [ 140.173, 48.448 ], [ 139.288, 47.813 ], [ 138.992, 47.311 ], [ 138.572, 47.029 ], [ 138.112, 46.235 ], [ 135.886, 44.404 ], [ 135.434, 43.761 ], [ 135.171, 43.749 ], [ 135.136, 43.499 ], [ 133.925, 42.868 ], [ 133.05, 42.672 ], [ 133.004, 42.85 ], [ 132.858, 42.733 ], [ 132.747, 42.907 ], [ 132.322, 42.841 ], [ 132.409, 43.176 ], [ 132.306, 43.34 ], [ 131.957, 43.055 ], [ 131.837, 43.075 ], [ 132.072, 43.313 ], [ 131.802, 43.338 ], [ 131.214, 42.553 ], [ 130.66, 42.662 ], [ 130.869, 42.522 ], [ 130.675, 42.284 ], [ 130.611, 42.625 ], [ 130.396, 42.724 ], [ 131.118, 42.921 ], [ 131.308, 43.403 ], [ 131.185, 43.559 ], [ 131.299, 44.047 ], [ 130.955, 44.848 ], [ 131.49, 44.966 ], [ 131.875, 45.341 ], [ 132.937, 45.016 ], [ 133.127, 45.129 ], [ 133.178, 45.497 ], [ 133.458, 45.621 ], [ 133.682, 46.154 ], [ 133.906, 46.256 ], [ 133.839, 46.469 ], [ 134.226, 47.108 ], [ 134.176, 47.329 ], [ 134.779, 47.725 ], [ 134.548, 47.987 ], [ 134.732, 48.378 ], [ 133.095, 48.127 ], [ 132.664, 47.953 ], [ 132.551, 47.716 ], [ 130.986, 47.703 ], [ 130.659, 48.097 ], [ 130.839, 48.299 ], [ 130.529, 48.614 ], [ 130.671, 48.879 ], [ 130.229, 48.868 ], [ 129.512, 49.422 ], [ 129.095, 49.354 ], [ 128.76, 49.591 ], [ 127.819, 49.59 ], [ 127.541, 49.805 ], [ 127.597, 50.236 ], [ 127.321, 50.332 ], [ 127.295, 50.746 ], [ 126.91, 51.061 ], [ 126.966, 51.325 ], [ 126.813, 51.266 ], [ 126.904, 51.395 ], [ 126.451, 51.947 ], [ 126.55, 52.13 ], [ 126.301, 52.203 ], [ 126.428, 52.29 ], [ 125.965, 52.616 ], [ 126.103, 52.769 ], [ 125.659, 52.86 ], [ 125.733, 52.986 ], [ 125.598, 53.081 ], [ 125.155, 53.201 ], [ 124.87, 53.101 ], [ 123.618, 53.547 ], [ 120.88, 53.292 ], [ 120.028, 52.777 ], [ 120.06, 52.591 ], [ 120.733, 52.546 ], [ 120.615, 52.359 ], [ 120.779, 52.165 ], [ 120.708, 51.989 ], [ 120.086, 51.68 ], [ 119.124, 50.388 ], [ 119.38, 50.321 ], [ 119.287, 50.111 ], [ 118.561, 49.936 ], [ 117.803, 49.519 ], [ 116.234, 50.032 ], [ 115.401, 49.902 ], [ 114.964, 50.193 ], [ 114.349, 50.283 ], [ 113.493, 49.975 ], [ 112.791, 49.503 ], [ 111.38, 49.373 ], [ 110.806, 49.15 ], [ 108.556, 49.334 ], [ 107.946, 49.677 ], [ 107.976, 49.92 ], [ 107.146, 50.02 ], [ 106.758, 50.321 ], [ 105.319, 50.478 ], [ 103.69, 50.137 ], [ 102.916, 50.314 ], [ 102.302, 50.6 ], [ 102.213, 51.323 ], [ 102.083, 51.393 ], [ 99.993, 51.753 ], [ 98.92, 52.154 ], [ 98.711, 51.83 ], [ 98.315, 51.718 ], [ 98.234, 51.462 ], [ 98.023, 51.42 ], [ 97.828, 51.012 ], [ 98.049, 50.653 ], [ 98.323, 50.547 ], [ 98.254, 50.255 ], [ 97.316, 49.757 ], [ 96.634, 49.982 ], [ 94.619, 50.034 ], [ 94.276, 50.575 ], [ 93.104, 50.567 ], [ 93.009, 50.784 ], [ 92.616, 50.705 ], [ 92.34, 50.893 ], [ 92.196, 50.685 ], [ 91.757, 50.72 ], [ 91.437, 50.46 ], [ 90.95, 50.439 ], [ 89.652, 49.941 ], [ 89.7, 49.722 ], [ 89.377, 49.595 ], [ 88.223, 49.49 ], [ 88.149, 49.254 ], [ 87.417, 49.073 ], [ 86.634, 49.582 ], [ 86.803, 49.803 ], [ 86.169, 49.461 ], [ 85.278, 49.59 ], [ 84.998, 50.056 ], [ 84.324, 50.225 ], [ 83.964, 50.78 ], [ 83.439, 51.016 ], [ 82.739, 50.934 ], [ 82.55, 50.756 ], [ 81.479, 50.758 ], [ 81.404, 50.982 ], [ 81.074, 50.945 ], [ 81.137, 51.207 ], [ 80.671, 51.308 ], [ 80.441, 51.206 ], [ 80.469, 50.974 ], [ 80.079, 50.757 ], [ 77.933, 53.259 ], [ 76.431, 54.132 ], [ 76.749, 54.16 ], [ 76.928, 54.458 ], [ 75.397, 54.082 ], [ 75.473, 53.979 ], [ 74.472, 53.684 ], [ 74.404, 53.461 ], [ 73.903, 53.648 ], [ 73.449, 53.445 ], [ 73.259, 53.681 ], [ 73.465, 53.882 ], [ 73.691, 53.862 ], [ 73.75, 54.054 ], [ 73.289, 53.953 ], [ 72.601, 54.134 ], [ 72.521, 54.047 ], [ 72.722, 53.949 ], [ 72.48, 53.91 ], [ 72.363, 54.088 ], [ 72.492, 54.139 ], [ 72.138, 54.364 ], [ 72.172, 54.133 ], [ 71.767, 54.249 ], [ 71.656, 54.103 ], [ 71.162, 54.115 ], [ 71.015, 54.34 ], [ 71.203, 54.323 ], [ 71.302, 54.657 ], [ 71.058, 54.774 ], [ 70.82, 55.298 ], [ 70.15, 55.134 ], [ 68.95, 55.432 ], [ 68.995, 55.288 ], [ 68.178, 55.187 ], [ 68.21, 54.96 ], [ 65.491, 54.65 ], [ 65.201, 54.525 ], [ 65.222, 54.342 ], [ 63.215, 54.203 ], [ 62.551, 53.9 ], [ 62.421, 54.056 ], [ 61.613, 53.954 ], [ 61.395, 54.089 ], [ 61.256, 53.917 ], [ 61.028, 53.952 ], [ 61.218, 53.797 ], [ 60.916, 53.617 ], [ 61.588, 53.525 ], [ 61.258, 53.503 ], [ 61.183, 53.296 ], [ 62.139, 53.065 ], [ 62.008, 52.952 ], [ 61.025, 52.98 ], [ 60.715, 52.654 ], [ 61.072, 52.338 ], [ 60.06, 51.984 ], [ 60.519, 51.799 ], [ 60.476, 51.645 ], [ 60.92, 51.611 ], [ 61.676, 51.265 ], [ 61.451, 50.807 ], [ 61.008, 50.686 ], [ 60.355, 50.679 ], [ 60.069, 50.866 ], [ 59.833, 50.584 ], [ 59.524, 50.515 ], [ 59.478, 50.66 ], [ 58.599, 50.827 ], [ 58.565, 51.061 ], [ 58.292, 51.161 ], [ 57.754, 51.13 ], [ 57.724, 50.923 ], [ 57.51, 50.878 ], [ 57.184, 51.095 ], [ 56.729, 51.078 ], [ 56.732, 50.972 ], [ 56.497, 51.088 ], [ 55.693, 50.568 ], [ 55.052, 50.932 ], [ 54.706, 50.894 ], [ 54.726, 50.629 ], [ 54.52, 50.539 ], [ 54.513, 50.848 ], [ 53.379, 51.514 ], [ 52.551, 51.465 ], [ 52.328, 51.766 ], [ 51.857, 51.683 ], [ 51.67, 51.474 ], [ 51.314, 51.49 ], [ 51.359, 51.653 ], [ 50.754, 51.767 ], [ 50.777, 51.592 ], [ 50.568, 51.642 ], [ 50.368, 51.34 ], [ 49.421, 51.13 ], [ 49.411, 50.858 ], [ 48.825, 50.6 ], [ 48.558, 50.648 ], [ 48.878, 50.023 ], [ 48.735, 49.927 ], [ 48.23, 49.868 ], [ 47.817, 50.331 ], [ 47.444, 50.416 ], [ 47.266, 50.008 ], [ 46.893, 49.839 ], [ 46.783, 49.333 ], [ 47.053, 49.165 ], [ 46.492, 48.443 ], [ 47.107, 48.202 ], [ 47.207, 48.074 ], [ 47.018, 48.0 ], [ 47.197, 47.749 ], [ 48.052, 47.763 ], [ 48.381, 47.434 ], [ 48.608, 47.414 ], [ 49.005, 46.767 ], [ 48.481, 46.658 ], [ 49.214, 46.333 ], [ 49.325, 46.087 ], [ 50.039, 45.858 ], [ 49.448, 45.53 ], [ 48.686, 44.754 ], [ 49.211, 43.472 ], [ 49.761, 42.711 ], [ 48.515, 41.882 ], [ 48.402, 41.612 ], [ 48.045, 41.489 ], [ 47.891, 41.225 ], [ 47.542, 41.206 ], [ 46.755, 41.86 ], [ 46.561, 41.808 ], [ 45.613, 42.211 ], [ 45.768, 42.474 ], [ 45.167, 42.698 ], [ 44.892, 42.75 ], [ 44.778, 42.625 ], [ 44.506, 42.752 ], [ 43.948, 42.558 ], [ 42.893, 43.17 ], [ 41.631, 43.223 ], [ 40.663, 43.559 ], [ 40.102, 43.568 ], [ 39.992, 43.384 ], [ 38.78, 44.282 ], [ 36.633, 45.137 ], [ 36.991, 45.285 ], [ 36.764, 45.402 ], [ 36.718, 45.344 ], [ 36.625, 45.302 ], [ 36.79, 45.436 ], [ 37.53, 45.376 ], [ 37.948, 46.013 ], [ 38.146, 45.998 ], [ 38.29, 46.264 ], [ 37.904, 46.412 ], [ 37.704, 46.7 ], [ 38.577, 46.655 ], [ 38.394, 46.721 ], [ 38.499, 46.875 ], [ 39.305, 47.024 ], [ 39.201, 47.285 ], [ 38.234, 47.115 ], [ 38.294, 47.534 ], [ 38.765, 47.684 ], [ 38.88, 47.876 ], [ 39.75, 47.832 ], [ 40.018, 48.251 ], [ 39.667, 48.619 ], [ 39.801, 48.84 ], [ 40.106, 48.901 ], [ 39.669, 49.045 ], [ 40.2, 49.243 ], [ 40.053, 49.485 ], [ 40.186, 49.58 ], [ 39.836, 49.564 ], [ 38.328, 50.086 ], [ 38.05, 49.922 ], [ 37.489, 50.441 ], [ 36.643, 50.233 ], [ 36.131, 50.451 ], [ 35.618, 50.378 ], [ 35.408, 50.591 ], [ 35.416, 51.06 ], [ 35.215, 51.051 ], [ 35.128, 51.222 ], [ 34.274, 51.256 ], [ 34.302, 51.505 ], [ 34.092, 51.663 ], [ 34.452, 51.768 ], [ 33.834, 52.359 ], [ 32.388, 52.335 ], [ 32.296, 52.104 ], [ 31.797, 52.107 ], [ 31.609, 52.32 ], [ 31.596, 52.787 ], [ 31.257, 53.034 ], [ 31.439, 53.208 ], [ 32.235, 53.1 ], [ 32.769, 53.457 ], [ 32.48, 53.552 ], [ 32.459, 53.735 ], [ 31.77, 53.798 ], [ 31.888, 54.045 ], [ 31.335, 54.248 ], [ 31.088, 54.502 ], [ 31.212, 54.657 ], [ 30.76, 54.808 ], [ 31.027, 55.053 ], [ 30.83, 55.29 ], [ 30.952, 55.609 ], [ 30.255, 55.867 ], [ 29.484, 55.704 ], [ 29.367, 55.764 ], [ 29.426, 55.964 ], [ 28.262, 56.085 ], [ 27.972, 56.824 ], [ 27.667, 56.837 ], [ 27.851, 57.305 ], [ 27.322, 57.548 ], [ 27.543, 57.82 ], [ 27.827, 57.858 ], [ 27.474, 58.214 ], [ 27.423, 58.801 ], [ 27.91, 59.247 ], [ 28.187, 59.309 ], [ 28.031, 59.751 ], [ 28.378, 59.66 ], [ 28.486, 59.834 ], [ 28.989, 59.815 ], [ 29.13, 59.987 ], [ 30.167, 59.857 ], [ 30.252, 59.971 ], [ 29.874, 60.164 ], [ 29.144, 60.162 ], [ 28.621, 60.352 ], [ 28.447, 60.547 ], [ 28.718, 60.44 ], [ 28.555, 60.601 ], [ 28.708, 60.593 ], [ 28.712, 60.772 ], [ 28.242, 60.512 ], [ 27.802, 60.549 ], [ 30.948, 62.313 ], [ 31.581, 62.908 ], [ 31.231, 63.226 ], [ 29.981, 63.754 ], [ 30.551, 64.11 ], [ 30.053, 64.404 ], [ 30.086, 64.775 ], [ 29.754, 64.788 ], [ 29.596, 64.99 ], [ 29.893, 65.103 ], [ 29.61, 65.251 ], [ 29.881, 65.564 ], [ 29.734, 65.628 ], [ 30.123, 65.665 ], [ 30.101, 65.832 ], [ 29.03, 66.917 ], [ 30.035, 67.669 ], [ 29.335, 68.075 ], [ 28.66, 68.195 ], [ 28.45, 68.548 ], [ 28.804, 68.875 ], [ 28.435, 68.908 ], [ 30.11, 69.463 ], [ 30.111, 69.663 ], [ 30.82, 69.542 ], [ 30.946, 69.586 ], [ 30.835, 69.785 ], [ 31.442, 69.694 ], [ 31.256, 69.574 ], [ 31.816, 69.651 ], [ 31.735, 69.813 ], [ 32.092, 69.766 ], [ 31.904, 69.943 ], [ 32.191, 69.922 ], [ 33.117, 69.721 ], [ 32.852, 69.563 ], [ 32.111, 69.741 ], [ 32.015, 69.546 ], [ 32.521, 69.5 ], [ 32.211, 69.414 ], [ 33.075, 69.45 ], [ 32.813, 69.324 ], [ 32.893, 69.288 ], [ 33.503, 69.391 ], [ 33.225, 69.251 ], [ 33.362, 69.266 ], [ 33.525, 69.245 ], [ 33.282, 69.219 ], [ 33.488, 69.15 ], [ 33.045, 69.051 ], [ 33.577, 69.127 ], [ 33.609, 69.298 ], [ 35.701, 69.191 ], [ 35.727, 69.006 ], [ 35.819, 69.183 ], [ 37.797, 68.644 ], [ 38.444, 68.291 ], [ 38.787, 68.248 ], [ 38.586, 68.314 ], [ 38.644, 68.368 ], [ 39.655, 68.01 ], [ 39.844, 68.032 ], [ 39.753, 68.16 ], [ 40.47, 67.717 ], [ 40.974, 67.696 ], [ 41.075, 67.256 ], [ 41.381, 67.113 ], [ 41.201, 66.818 ], [ 39.994, 66.251 ], [ 38.675, 66.054 ], [ 34.484, 66.537 ], [ 34.379, 66.685 ], [ 34.111, 66.674 ], [ 34.196, 66.742 ], [ 34.169, 66.784 ], [ 33.933, 66.684 ], [ 33.621, 66.845 ], [ 33.517, 66.713 ], [ 32.787, 67.027 ], [ 32.963, 67.087 ], [ 32.367, 67.154 ], [ 31.854, 67.129 ], [ 32.267, 67.104 ], [ 32.545, 67.0 ], [ 32.408, 66.876 ], [ 32.943, 66.734 ], [ 32.691, 66.749 ], [ 32.718, 66.738 ], [ 33.314, 66.638 ], [ 32.829, 66.612 ], [ 33.178, 66.536 ], [ 32.873, 66.523 ], [ 33.711, 66.409 ], [ 33.01, 66.254 ], [ 34.106, 66.224 ], [ 34.828, 65.883 ], [ 34.645, 65.782 ], [ 34.798, 65.586 ], [ 34.676, 65.438 ], [ 34.281, 65.371 ], [ 34.495, 65.328 ], [ 34.828, 65.015 ], [ 34.682, 64.953 ], [ 34.957, 64.832 ], [ 34.736, 64.743 ], [ 34.971, 64.616 ], [ 34.781, 64.513 ], [ 35.333, 64.297 ], [ 35.734, 64.353 ], [ 36.287, 63.979 ], [ 37.446, 63.785 ], [ 38.07, 63.99 ], [ 37.894, 64.202 ], [ 38.042, 64.327 ], [ 37.828, 64.449 ], [ 37.152, 64.391 ], [ 36.536, 64.714 ], [ 36.438, 64.923 ], [ 36.791, 64.952 ], [ 36.812, 65.137 ], [ 37.007, 65.167 ], [ 38.37, 64.839 ], [ 38.016, 64.758 ], [ 38.121, 64.674 ], [ 37.997, 64.615 ], [ 38.016, 64.582 ], [ 38.439, 64.809 ], [ 39.56, 64.543 ], [ 39.813, 64.668 ], [ 40.532, 64.523 ], [ 40.664, 64.668 ], [ 40.503, 64.561 ], [ 40.428, 64.744 ], [ 40.476, 64.764 ], [ 40.505, 64.71 ], [ 40.603, 64.702 ], [ 40.394, 64.924 ], [ 39.723, 65.339 ], [ 39.796, 65.591 ], [ 41.498, 66.111 ], [ 42.259, 66.515 ], [ 42.638, 66.416 ], [ 42.524, 66.378 ], [ 43.272, 66.405 ], [ 43.68, 66.237 ], [ 43.308, 66.088 ], [ 43.347, 66.039 ], [ 43.847, 66.185 ], [ 44.18, 65.886 ], [ 44.063, 66.23 ], [ 44.592, 66.653 ], [ 44.359, 66.78 ], [ 44.527, 66.903 ], [ 44.38, 67.087 ], [ 43.772, 67.257 ], [ 44.2, 67.667 ], [ 44.109, 67.839 ], [ 44.306, 67.914 ], [ 44.175, 67.972 ], [ 44.363, 68.033 ], [ 44.214, 68.019 ], [ 44.193, 68.303 ], [ 43.256, 68.672 ], [ 45.707, 68.473 ], [ 46.531, 68.12 ], [ 46.675, 67.813 ], [ 45.286, 67.698 ], [ 45.302, 67.574 ], [ 44.832, 67.314 ], [ 45.597, 67.155 ], [ 45.964, 66.811 ], [ 47.603, 66.887 ], [ 47.927, 67.442 ], [ 47.852, 67.587 ], [ 49.059, 67.62 ], [ 48.736, 67.701 ], [ 48.768, 67.834 ], [ 48.595, 67.916 ], [ 49.16, 67.853 ], [ 50.788, 68.367 ], [ 52.213, 68.57 ], [ 52.056, 68.469 ], [ 52.426, 68.328 ], [ 52.767, 68.474 ], [ 52.288, 68.591 ], [ 53.876, 68.96 ], [ 54.445, 68.992 ], [ 54.582, 68.976 ], [ 53.616, 68.898 ], [ 54.012, 68.826 ], [ 53.713, 68.594 ], [ 53.955, 68.397 ], [ 53.324, 68.336 ], [ 53.122, 68.133 ], [ 54.107, 68.233 ], [ 53.987, 67.987 ], [ 54.494, 68.295 ], [ 54.806, 68.105 ], [ 54.965, 68.244 ], [ 54.868, 68.317 ], [ 55.37, 68.544 ], [ 56.064, 68.644 ], [ 57.314, 68.529 ], [ 57.849, 68.746 ], [ 57.196, 68.707 ], [ 58.903, 68.979 ], [ 59.307, 68.969 ], [ 58.987, 68.911 ], [ 59.518, 68.728 ], [ 59.173, 68.659 ], [ 59.114, 68.406 ], [ 59.772, 68.36 ], [ 59.947, 68.442 ], [ 59.795, 68.624 ], [ 59.931, 68.704 ], [ 60.428, 68.684 ], [ 60.877, 68.883 ], [ 60.969, 68.88 ], [ 60.945, 68.843 ], [ 61.105, 68.843 ], [ 61.172, 68.787 ], [ 61.227, 68.788 ], [ 60.184, 69.551 ], [ 60.792, 69.619 ], [ 60.685, 69.696 ], [ 60.857, 69.859 ], [ 63.563, 69.622 ], [ 66.202, 69.074 ], [ 66.411, 69.002 ], [ 66.566, 68.909 ], [ 66.169, 69.064 ], [ 65.569, 69.131 ], [ 66.388, 68.929 ], [ 67.167, 68.815 ], [ 67.078, 68.757 ], [ 67.798, 68.427 ], [ 68.229, 68.36 ], [ 68.192, 68.215 ], [ 68.288, 68.139 ], [ 68.607, 68.252 ], [ 69.116, 68.856 ], [ 68.448, 68.988 ], [ 68.026, 69.333 ], [ 68.157, 69.518 ], [ 67.045, 69.691 ], [ 66.876, 69.616 ], [ 67.003, 69.524 ], [ 66.846, 69.555 ], [ 66.956, 70.023 ], [ 67.436, 70.029 ], [ 67.128, 70.212 ], [ 67.392, 70.713 ], [ 67.181, 70.833 ], [ 66.704, 70.751 ], [ 66.647, 70.861 ], [ 66.994, 71.06 ], [ 66.769, 71.106 ], [ 68.382, 71.721 ], [ 68.73, 72.1 ], [ 68.936, 72.656 ], [ 69.339, 72.936 ], [ 71.555, 72.885 ], [ 72.825, 72.693 ], [ 72.674, 72.692 ], [ 72.772, 72.493 ], [ 72.597, 72.491 ], [ 72.776, 72.483 ], [ 72.821, 72.264 ], [ 72.336, 71.707 ], [ 71.834, 71.48 ], [ 72.625, 71.122 ], [ 72.59, 70.997 ], [ 72.832, 70.86 ], [ 72.761, 70.387 ], [ 72.382, 70.292 ], [ 72.682, 69.8 ], [ 72.518, 69.631 ], [ 72.695, 69.465 ], [ 72.511, 69.431 ], [ 72.643, 69.284 ], [ 72.488, 69.127 ], [ 72.583, 68.924 ], [ 73.475, 68.577 ], [ 73.571, 68.515 ], [ 73.601, 68.441 ], [ 73.094, 68.213 ], [ 73.215, 67.902 ], [ 73.115, 67.684 ], [ 72.604, 67.578 ], [ 72.403, 67.306 ], [ 72.148, 67.285 ], [ 72.23, 67.129 ], [ 72.103, 67.15 ], [ 71.924, 67.111 ], [ 72.061, 67.038 ], [ 71.832, 66.884 ], [ 71.403, 66.968 ], [ 71.486, 66.899 ], [ 70.507, 66.73 ], [ 69.947, 66.857 ], [ 68.775, 66.871 ], [ 69.097, 66.857 ], [ 68.931, 66.771 ], [ 69.177, 66.754 ], [ 69.203, 66.575 ], [ 69.949, 66.389 ], [ 72.104, 66.223 ], [ 72.431, 66.347 ], [ 72.322, 66.495 ], [ 72.498, 66.591 ], [ 73.872, 66.987 ], [ 73.934, 67.288 ], [ 74.728, 67.668 ], [ 74.798, 68.028 ], [ 74.312, 68.37 ], [ 74.485, 68.713 ], [ 76.087, 68.989 ], [ 76.555, 68.988 ], [ 76.612, 68.754 ], [ 77.313, 68.491 ], [ 77.121, 68.292 ], [ 77.313, 68.241 ], [ 77.184, 68.108 ], [ 77.27, 67.874 ], [ 77.044, 67.786 ], [ 77.681, 67.578 ], [ 77.603, 67.327 ], [ 78.503, 67.551 ], [ 78.723, 67.494 ], [ 78.83, 67.413 ], [ 79.212, 67.28 ], [ 79.287, 67.268 ], [ 79.381, 67.279 ], [ 79.374, 67.243 ], [ 79.645, 67.155 ], [ 80.008, 67.125 ], [ 78.901, 67.398 ], [ 78.773, 67.561 ], [ 79.522, 67.279 ], [ 79.542, 67.331 ], [ 78.842, 67.631 ], [ 77.456, 67.748 ], [ 77.584, 67.918 ], [ 77.478, 68.114 ], [ 78.149, 68.261 ], [ 77.767, 68.534 ], [ 77.605, 68.905 ], [ 75.965, 69.257 ], [ 74.793, 69.101 ], [ 73.804, 69.156 ], [ 73.91, 69.426 ], [ 73.543, 69.765 ], [ 73.757, 69.948 ], [ 73.694, 70.107 ], [ 74.312, 70.595 ], [ 73.611, 71.176 ], [ 72.989, 71.399 ], [ 73.494, 71.639 ], [ 73.529, 71.795 ], [ 74.994, 72.171 ], [ 75.065, 72.436 ], [ 74.766, 72.794 ], [ 74.916, 72.862 ], [ 75.454, 72.744 ], [ 75.29, 72.694 ], [ 75.635, 72.525 ], [ 75.476, 72.485 ], [ 75.681, 72.262 ], [ 75.221, 71.827 ], [ 75.492, 71.515 ], [ 75.202, 71.414 ], [ 75.894, 71.197 ], [ 77.776, 71.111 ], [ 78.394, 70.894 ], [ 78.277, 71.239 ], [ 76.33, 71.561 ], [ 75.993, 71.878 ], [ 76.885, 72.056 ], [ 77.602, 71.817 ], [ 78.109, 71.862 ], [ 78.247, 71.951 ], [ 78.04, 72.089 ], [ 77.394, 72.105 ], [ 78.077, 72.353 ], [ 78.605, 72.274 ], [ 78.424, 72.385 ], [ 80.606, 72.1 ], [ 81.663, 71.684 ], [ 83.22, 71.712 ], [ 83.315, 71.658 ], [ 82.976, 71.528 ], [ 82.999, 71.402 ], [ 82.243, 71.25 ], [ 82.325, 71.064 ], [ 82.195, 70.999 ], [ 82.416, 70.74 ], [ 82.087, 70.561 ], [ 82.156, 70.468 ], [ 81.914, 70.383 ], [ 81.81, 70.211 ], [ 82.161, 70.454 ], [ 82.273, 70.298 ], [ 82.245, 70.284 ], [ 82.069, 70.294 ], [ 82.019, 70.281 ], [ 82.361, 70.165 ], [ 82.255, 70.145 ], [ 82.199, 70.115 ], [ 82.205, 70.051 ], [ 82.662, 70.144 ], [ 82.995, 70.023 ], [ 82.709, 69.997 ], [ 83.517, 69.719 ], [ 84.412, 69.563 ], [ 84.551, 69.609 ], [ 83.148, 70.074 ], [ 82.988, 70.288 ], [ 83.785, 70.453 ], [ 83.421, 70.993 ], [ 83.16, 71.11 ], [ 83.652, 71.627 ], [ 83.304, 71.836 ], [ 82.696, 71.863 ], [ 82.256, 72.102 ], [ 82.474, 72.134 ], [ 81.964, 72.338 ], [ 80.861, 72.438 ], [ 80.773, 72.506 ], [ 80.938, 72.608 ], [ 80.686, 72.677 ], [ 80.896, 72.791 ], [ 80.817, 73.018 ], [ 80.314, 73.164 ], [ 80.81, 73.194 ], [ 80.35, 73.289 ], [ 80.736, 73.43 ], [ 80.528, 73.539 ], [ 87.103, 73.847 ], [ 87.214, 73.872 ], [ 86.923, 74.023 ], [ 87.454, 74.075 ], [ 86.89, 74.053 ], [ 86.679, 74.228 ], [ 85.899, 74.359 ], [ 86.302, 74.319 ], [ 86.065, 74.422 ], [ 86.549, 74.476 ], [ 86.656, 74.403 ], [ 86.985, 74.402 ], [ 86.738, 74.314 ], [ 87.014, 74.271 ], [ 87.031, 74.386 ], [ 87.217, 74.354 ], [ 87.372, 74.358 ], [ 87.32, 74.438 ], [ 85.751, 74.653 ], [ 86.121, 74.835 ], [ 86.968, 74.599 ], [ 86.753, 74.704 ], [ 87.394, 74.947 ], [ 87.198, 74.984 ], [ 87.751, 74.997 ], [ 86.881, 75.111 ], [ 88.248, 75.135 ], [ 88.875, 75.383 ], [ 89.087, 75.395 ], [ 89.089, 75.347 ], [ 89.231, 75.351 ], [ 89.078, 75.411 ], [ 88.745, 75.395 ], [ 89.307, 75.51 ], [ 89.757, 75.433 ], [ 90.291, 75.597 ], [ 91.692, 75.624 ], [ 91.706, 75.729 ], [ 92.075, 75.699 ], [ 94.186, 75.936 ], [ 92.821, 75.961 ], [ 93.25, 76.112 ], [ 93.498, 76.097 ], [ 93.43, 76.009 ], [ 94.81, 76.109 ], [ 94.611, 76.154 ], [ 96.276, 76.088 ], [ 95.62, 75.87 ], [ 95.725, 75.829 ], [ 96.445, 76.004 ], [ 96.718, 75.972 ], [ 96.475, 75.859 ], [ 97.863, 75.971 ], [ 97.566, 76.035 ], [ 98.857, 76.254 ], [ 99.623, 76.081 ], [ 99.773, 76.144 ], [ 98.885, 76.463 ], [ 100.985, 76.511 ], [ 101.321, 76.7 ], [ 100.965, 76.856 ], [ 101.831, 77.255 ], [ 103.26, 77.636 ], [ 104.331, 77.721 ] ] ], [ [ [ 107.681, 78.167 ], [ 107.532, 78.04 ], [ 106.432, 78.137 ], [ 106.841, 78.18 ], [ 107.681, 78.167 ] ] ], [ [ [ 102.542, 79.391 ], [ 103.197, 79.287 ], [ 102.419, 78.781 ], [ 102.775, 78.832 ], [ 102.984, 79.037 ], [ 103.87, 79.16 ], [ 104.695, 78.86 ], [ 104.511, 78.842 ], [ 104.135, 78.86 ], [ 104.086, 78.851 ], [ 105.204, 78.794 ], [ 105.389, 78.539 ], [ 104.781, 78.305 ], [ 102.788, 78.148 ], [ 101.586, 78.216 ], [ 100.092, 77.949 ], [ 99.493, 78.026 ], [ 100.647, 78.598 ], [ 100.389, 78.604 ], [ 100.699, 78.789 ], [ 101.279, 78.736 ], [ 100.869, 78.84 ], [ 101.073, 78.995 ], [ 101.665, 78.95 ], [ 101.117, 79.032 ], [ 101.504, 79.1 ], [ 101.285, 79.122 ], [ 101.388, 79.2 ], [ 101.914, 79.341 ], [ 102.333, 79.182 ], [ 102.268, 79.369 ], [ 102.542, 79.391 ] ] ], [ [ [ 76.406, 79.622 ], [ 76.306, 79.614 ], [ 77.608, 79.499 ], [ 76.114, 79.605 ], [ 76.406, 79.622 ] ] ], [ [ [ 91.957, 80.073 ], [ 93.362, 80.0 ], [ 93.905, 79.913 ], [ 93.182, 79.832 ], [ 93.497, 79.796 ], [ 93.133, 79.713 ], [ 91.791, 79.648 ], [ 91.269, 79.741 ], [ 92.409, 79.76 ], [ 91.29, 79.839 ], [ 91.452, 79.913 ], [ 90.998, 80.066 ], [ 91.957, 80.073 ] ] ], [ [ [ 59.893, 80.0 ], [ 60.025, 79.996 ], [ 58.791, 80.0 ], [ 59.464, 80.087 ], [ 59.893, 80.0 ] ] ], [ [ [ 51.206, 80.057 ], [ 51.432, 79.919 ], [ 50.056, 79.952 ], [ 50.979, 80.104 ], [ 51.206, 80.057 ] ] ], [ [ [ 97.268, 80.157 ], [ 98.127, 80.05 ], [ 97.914, 80.011 ], [ 98.082, 80.0 ], [ 97.923, 80.0 ], [ 97.975, 79.903 ], [ 96.48, 79.718 ], [ 97.746, 79.784 ], [ 97.218, 79.699 ], [ 97.159, 79.617 ], [ 97.223, 79.593 ], [ 98.275, 79.824 ], [ 98.136, 79.91 ], [ 98.52, 79.879 ], [ 98.511, 80.044 ], [ 99.326, 80.059 ], [ 99.174, 80.027 ], [ 100.155, 79.784 ], [ 99.869, 79.749 ], [ 99.989, 79.7 ], [ 99.786, 79.554 ], [ 99.924, 79.504 ], [ 99.844, 79.276 ], [ 99.223, 79.292 ], [ 100.049, 78.948 ], [ 98.411, 78.77 ], [ 95.639, 79.097 ], [ 95.105, 79.026 ], [ 94.389, 79.245 ], [ 94.415, 79.482 ], [ 93.854, 79.436 ], [ 94.031, 79.515 ], [ 93.701, 79.569 ], [ 93.928, 79.602 ], [ 93.947, 79.639 ], [ 93.498, 79.534 ], [ 93.433, 79.473 ], [ 93.518, 79.461 ], [ 93.232, 79.465 ], [ 93.393, 79.516 ], [ 92.926, 79.574 ], [ 94.736, 79.776 ], [ 94.344, 79.917 ], [ 94.999, 80.104 ], [ 97.268, 80.157 ] ] ], [ [ [ 50.335, 80.13 ], [ 49.969, 80.046 ], [ 49.546, 80.152 ], [ 50.112, 80.227 ], [ 50.335, 80.13 ] ] ], [ [ [ 57.004, 80.35 ], [ 57.203, 80.303 ], [ 57.057, 80.063 ], [ 55.825, 80.09 ], [ 56.153, 80.178 ], [ 55.948, 80.301 ], [ 57.004, 80.35 ] ] ], [ [ [ 53.389, 80.379 ], [ 53.947, 80.23 ], [ 53.465, 80.132 ], [ 52.22, 80.244 ], [ 53.389, 80.379 ] ] ], [ [ [ 58.079, 80.476 ], [ 58.956, 80.414 ], [ 59.317, 80.321 ], [ 58.176, 80.264 ], [ 58.491, 80.198 ], [ 57.857, 80.093 ], [ 57.35, 80.153 ], [ 57.294, 80.346 ], [ 57.006, 80.446 ], [ 58.079, 80.476 ] ] ], [ [ [ 54.369, 80.494 ], [ 54.542, 80.475 ], [ 53.91, 80.445 ], [ 53.827, 80.563 ], [ 54.369, 80.494 ] ] ], [ [ [ 57.899, 80.621 ], [ 58.084, 80.613 ], [ 57.279, 80.585 ], [ 57.475, 80.612 ], [ 57.899, 80.621 ] ] ], [ [ [ 56.396, 80.76 ], [ 57.014, 80.673 ], [ 55.415, 80.684 ], [ 55.935, 80.747 ], [ 56.396, 80.76 ] ] ], [ [ [ 47.665, 80.836 ], [ 48.786, 80.653 ], [ 47.604, 80.763 ], [ 47.263, 80.687 ], [ 47.403, 80.586 ], [ 46.275, 80.443 ], [ 44.886, 80.594 ], [ 47.665, 80.836 ] ] ], [ [ [ 62.14, 80.827 ], [ 62.213, 80.704 ], [ 62.074, 80.59 ], [ 61.157, 80.366 ], [ 59.338, 80.485 ], [ 59.779, 80.808 ], [ 62.14, 80.827 ] ] ], [ [ [ 55.312, 80.84 ], [ 55.974, 80.769 ], [ 54.038, 80.821 ], [ 55.09, 80.875 ], [ 55.312, 80.84 ] ] ], [ [ [ 58.884, 80.869 ], [ 59.023, 80.809 ], [ 57.845, 80.783 ], [ 58.297, 80.861 ], [ 58.884, 80.869 ] ] ], [ [ [ 50.896, 80.927 ], [ 51.003, 80.858 ], [ 50.213, 80.749 ], [ 51.802, 80.713 ], [ 49.691, 80.483 ], [ 49.806, 80.387 ], [ 49.625, 80.352 ], [ 48.78, 80.373 ], [ 48.526, 80.28 ], [ 49.114, 80.17 ], [ 48.343, 80.074 ], [ 47.654, 80.075 ], [ 48.155, 80.194 ], [ 47.828, 80.204 ], [ 47.987, 80.241 ], [ 47.153, 80.159 ], [ 46.733, 80.295 ], [ 48.059, 80.301 ], [ 47.605, 80.394 ], [ 48.356, 80.401 ], [ 47.418, 80.455 ], [ 49.211, 80.52 ], [ 49.685, 80.673 ], [ 49.007, 80.777 ], [ 50.896, 80.927 ] ] ], [ [ [ 80.0, 80.833 ], [ 79.232, 80.826 ], [ 79.077, 80.847 ], [ 80.454, 80.904 ], [ 80.0, 80.833 ] ] ], [ [ [ 58.236, 81.078 ], [ 58.385, 81.073 ], [ 58.76, 81.004 ], [ 57.862, 81.04 ], [ 58.236, 81.078 ] ] ], [ [ [ 54.924, 81.077 ], [ 56.254, 81.008 ], [ 57.831, 80.765 ], [ 57.108, 80.669 ], [ 54.446, 81.018 ], [ 54.924, 81.077 ] ] ], [ [ [ 56.448, 81.084 ], [ 57.575, 81.028 ], [ 58.341, 80.905 ], [ 57.527, 80.831 ], [ 56.1, 81.096 ], [ 56.448, 81.084 ] ] ], [ [ [ 61.145, 81.113 ], [ 61.657, 81.089 ], [ 61.001, 80.897 ], [ 60.001, 80.974 ], [ 61.145, 81.113 ] ] ], [ [ [ 50.748, 81.188 ], [ 51.017, 81.122 ], [ 50.382, 81.041 ], [ 50.489, 81.081 ], [ 50.368, 81.149 ], [ 50.748, 81.188 ] ] ], [ [ [ 64.858, 81.173 ], [ 65.3, 81.098 ], [ 65.403, 81.014 ], [ 65.176, 80.977 ], [ 65.385, 80.913 ], [ 63.164, 80.638 ], [ 62.521, 80.78 ], [ 64.858, 81.173 ] ] ], [ [ [ 91.099, 81.205 ], [ 91.724, 81.113 ], [ 90.079, 81.105 ], [ 90.239, 81.183 ], [ 91.099, 81.205 ] ] ], [ [ [ 57.913, 81.224 ], [ 58.093, 81.187 ], [ 56.924, 81.144 ], [ 57.36, 81.201 ], [ 57.913, 81.224 ] ] ], [ [ [ 96.002, 81.211 ], [ 95.882, 81.164 ], [ 98.021, 80.669 ], [ 96.722, 80.714 ], [ 97.244, 80.613 ], [ 97.119, 80.503 ], [ 97.471, 80.306 ], [ 97.324, 80.231 ], [ 94.576, 80.142 ], [ 93.823, 80.009 ], [ 92.186, 80.138 ], [ 92.977, 80.144 ], [ 92.163, 80.251 ], [ 93.412, 80.238 ], [ 93.301, 80.272 ], [ 91.467, 80.259 ], [ 92.77, 80.334 ], [ 91.988, 80.408 ], [ 92.88, 80.477 ], [ 93.381, 80.76 ], [ 92.586, 80.728 ], [ 93.292, 80.861 ], [ 93.154, 80.931 ], [ 95.665, 81.194 ], [ 95.179, 81.243 ], [ 96.002, 81.211 ] ] ], [ [ [ 56.654, 81.408 ], [ 57.502, 81.308 ], [ 57.961, 81.295 ], [ 56.52, 81.156 ], [ 55.46, 81.265 ], [ 56.639, 81.256 ], [ 56.367, 81.396 ], [ 56.654, 81.408 ] ] ], [ [ [ 59.028, 81.422 ], [ 59.358, 81.334 ], [ 58.529, 81.345 ], [ 58.785, 81.41 ], [ 59.028, 81.422 ] ] ], [ [ [ 57.667, 81.563 ], [ 57.912, 81.501 ], [ 58.583, 81.422 ], [ 56.834, 81.465 ], [ 57.667, 81.563 ] ] ], [ [ [ 63.651, 81.692 ], [ 63.835, 81.642 ], [ 62.206, 81.667 ], [ 62.841, 81.709 ], [ 62.727, 81.687 ], [ 63.651, 81.692 ] ] ], [ [ [ 59.097, 81.857 ], [ 59.376, 81.824 ], [ 58.189, 81.686 ], [ 57.913, 81.811 ], [ 59.097, 81.857 ] ] ] ] } },
{ "type": "Feature", "properties": { }, "geometry": { "type": "Polygon", "coordinates": [ [ [ 19.534, 49.558 ], [ 19.794, 49.402 ], [ 19.793, 49.193 ], [ 20.091, 49.179 ], [ 20.327, 49.403 ], [ 20.938, 49.296 ], [ 21.632, 49.447 ], [ 22.57, 49.087 ], [ 22.13, 48.382 ], [ 21.73, 48.355 ], [ 21.452, 48.585 ], [ 20.511, 48.541 ], [ 20.328, 48.28 ], [ 19.932, 48.13 ], [ 19.637, 48.244 ], [ 19.477, 48.087 ], [ 18.832, 48.044 ], [ 18.87, 47.809 ], [ 18.68, 47.752 ], [ 17.72, 47.751 ], [ 17.084, 48.026 ], [ 16.855, 48.354 ], [ 17.101, 48.827 ], [ 17.868, 48.932 ], [ 18.598, 49.509 ], [ 19.03, 49.395 ], [ 19.534, 49.558 ] ] ] } },
{ "type": "Feature", "properties": { }, "geometry": { "type": "Polygon", "coordinates": [ [ [ 22.704, 44.208 ], [ 23.041, 44.088 ], [ 22.853, 43.905 ], [ 22.989, 43.817 ], [ 25.388, 43.627 ], [ 26.137, 43.99 ], [ 27.137, 44.151 ], [ 28.584, 43.737 ], [ 28.612, 43.539 ], [ 28.469, 43.364 ], [ 28.097, 43.375 ], [ 27.907, 43.194 ], [ 27.907, 42.709 ], [ 27.458, 42.489 ], [ 27.732, 42.417 ], [ 28.04, 41.988 ], [ 27.563, 41.911 ], [ 27.25, 42.108 ], [ 26.628, 41.982 ], [ 26.362, 41.72 ], [ 26.069, 41.716 ], [ 26.203, 41.448 ], [ 25.906, 41.311 ], [ 25.289, 41.242 ], [ 24.272, 41.58 ], [ 23.097, 41.323 ], [ 22.948, 41.35 ], [ 23.034, 41.722 ], [ 22.866, 42.022 ], [ 22.36, 42.312 ], [ 22.558, 42.48 ], [ 22.439, 42.824 ], [ 22.752, 42.891 ], [ 23.005, 43.188 ], [ 22.535, 43.47 ], [ 22.357, 43.81 ], [ 22.704, 44.208 ] ] ] } },
{ "type": "Feature", "properties": { }, "geometry": { "type": "Polygon", "coordinates": [ [ [ -4.38, 54.324 ], [ -4.403, 54.182 ], [ -4.625, 54.054 ], [ -4.698, 54.084 ], [ -4.771, 54.056 ], [ -4.795, 54.064 ], [ -4.534, 54.368 ], [ -4.38, 54.324 ] ] ] } },
{ "type": "Feature", "properties": { }, "geometry": { "type": "MultiPolygon", "coordinates": [ [ [ [ 5.67, 60.694 ], [ 5.715, 60.471 ], [ 5.346, 60.536 ], [ 5.497, 60.526 ], [ 5.67, 60.694 ] ] ], [ [ [ 8.964, 63.661 ], [ 9.203, 63.57 ], [ 8.302, 63.486 ], [ 8.741, 63.538 ], [ 8.542, 63.598 ], [ 8.964, 63.661 ] ] ], [ [ [ 13.977, 68.351 ], [ 14.286, 68.289 ], [ 13.452, 68.092 ], [ 13.623, 68.176 ], [ 13.463, 68.184 ], [ 13.659, 68.244 ], [ 13.569, 68.292 ], [ 13.977, 68.351 ] ] ], [ [ [ 15.162, 68.478 ], [ 15.19, 68.466 ], [ 15.051, 68.379 ], [ 14.742, 68.265 ], [ 14.708, 68.362 ], [ 14.198, 68.181 ], [ 14.49, 68.327 ], [ 14.412, 68.398 ], [ 15.162, 68.478 ] ] ], [ [ [ 15.746, 68.962 ], [ 15.964, 68.896 ], [ 15.764, 68.742 ], [ 16.009, 68.779 ], [ 15.773, 68.633 ], [ 15.722, 68.535 ], [ 16.266, 68.745 ], [ 16.088, 68.826 ], [ 16.343, 68.834 ], [ 16.256, 68.924 ], [ 16.597, 68.837 ], [ 16.608, 68.674 ], [ 15.909, 68.385 ], [ 15.87, 68.517 ], [ 15.658, 68.314 ], [ 15.319, 68.355 ], [ 15.612, 68.489 ], [ 15.58, 68.511 ], [ 15.538, 68.519 ], [ 14.978, 68.278 ], [ 15.359, 68.504 ], [ 15.202, 68.578 ], [ 15.623, 68.621 ], [ 15.434, 68.716 ], [ 15.703, 68.703 ], [ 15.458, 68.815 ], [ 15.746, 68.962 ] ] ], [ [ [ 15.157, 69.027 ], [ 15.408, 68.685 ], [ 15.031, 68.581 ], [ 14.787, 68.643 ], [ 15.171, 68.698 ], [ 15.141, 68.757 ], [ 14.362, 68.69 ], [ 14.546, 68.825 ], [ 15.148, 68.819 ], [ 15.006, 68.945 ], [ 15.157, 69.027 ] ] ], [ [ [ 16.133, 69.318 ], [ 16.099, 69.159 ], [ 15.413, 68.9 ], [ 15.564, 69.107 ], [ 16.133, 69.318 ] ] ], [ [ [ 17.648, 69.493 ], [ 17.621, 69.6 ], [ 18.064, 69.495 ], [ 17.948, 69.426 ], [ 18.082, 69.355 ], [ 17.878, 69.319 ], [ 18.006, 69.197 ], [ 16.774, 69.073 ], [ 17.206, 69.201 ], [ 16.88, 69.205 ], [ 17.183, 69.357 ], [ 16.892, 69.366 ], [ 16.86, 69.381 ], [ 17.485, 69.429 ], [ 17.251, 69.455 ], [ 17.195, 69.5 ], [ 17.397, 69.484 ], [ 17.307, 69.541 ], [ 17.595, 69.461 ], [ 17.676, 69.472 ], [ 17.485, 69.607 ], [ 17.648, 69.493 ] ] ], [ [ [ 18.809, 69.878 ], [ 19.052, 69.775 ], [ 18.784, 69.574 ], [ 18.006, 69.566 ], [ 18.399, 69.635 ], [ 18.188, 69.71 ], [ 18.616, 69.696 ], [ 18.316, 69.718 ], [ 18.362, 69.795 ], [ 18.649, 69.803 ], [ 18.655, 69.689 ], [ 18.746, 69.686 ], [ 18.648, 69.853 ], [ 18.809, 69.878 ] ] ], [ [ [ 19.225, 70.082 ], [ 19.681, 69.978 ], [ 19.136, 69.789 ], [ 18.705, 69.928 ], [ 19.225, 70.082 ] ] ], [ [ [ 20.807, 70.194 ], [ 20.774, 70.052 ], [ 20.36, 70.087 ], [ 20.531, 70.226 ], [ 20.807, 70.194 ] ] ], [ [ [ 19.624, 70.288 ], [ 19.766, 70.159 ], [ 20.118, 70.102 ], [ 19.708, 70.067 ], [ 19.507, 70.231 ], [ 19.624, 70.288 ] ] ], [ [ [ 22.693, 70.366 ], [ 23.015, 70.256 ], [ 22.338, 70.338 ], [ 22.647, 70.396 ], [ 22.693, 70.366 ] ] ], [ [ [ 23.485, 70.629 ], [ 23.633, 70.444 ], [ 23.344, 70.313 ], [ 22.811, 70.413 ], [ 23.485, 70.629 ] ] ], [ [ [ 23.715, 70.75 ], [ 24.039, 70.689 ], [ 24.139, 70.612 ], [ 23.748, 70.521 ], [ 23.598, 70.606 ], [ 23.715, 70.75 ] ] ], [ [ [ 23.367, 70.832 ], [ 23.51, 70.797 ], [ 22.836, 70.521 ], [ 22.146, 70.472 ], [ 22.304, 70.606 ], [ 21.93, 70.645 ], [ 22.534, 70.721 ], [ 22.714, 70.613 ], [ 22.828, 70.656 ], [ 22.681, 70.748 ], [ 22.966, 70.665 ], [ 23.181, 70.737 ], [ 23.056, 70.815 ], [ 23.367, 70.832 ] ] ], [ [ [ 27.708, 71.117 ], [ 28.549, 70.978 ], [ 28.24, 70.789 ], [ 27.802, 70.797 ], [ 28.145, 70.741 ], [ 27.636, 70.62 ], [ 28.31, 70.692 ], [ 27.833, 70.493 ], [ 27.861, 70.432 ], [ 28.523, 70.452 ], [ 28.4, 70.544 ], [ 28.627, 70.677 ], [ 28.526, 70.73 ], [ 28.951, 70.882 ], [ 29.389, 70.781 ], [ 29.243, 70.654 ], [ 30.077, 70.706 ], [ 30.314, 70.59 ], [ 29.982, 70.53 ], [ 30.958, 70.44 ], [ 31.065, 70.29 ], [ 30.157, 70.07 ], [ 29.83, 70.064 ], [ 28.731, 70.176 ], [ 28.564, 70.177 ], [ 29.679, 69.979 ], [ 29.351, 69.867 ], [ 29.739, 69.906 ], [ 29.487, 69.656 ], [ 30.114, 69.686 ], [ 30.176, 69.884 ], [ 30.378, 69.843 ], [ 30.314, 69.668 ], [ 30.678, 69.81 ], [ 30.946, 69.586 ], [ 30.111, 69.663 ], [ 30.129, 69.474 ], [ 29.315, 69.303 ], [ 29.035, 69.017 ], [ 28.808, 69.127 ], [ 29.336, 69.484 ], [ 29.135, 69.697 ], [ 28.428, 69.821 ], [ 27.978, 70.093 ], [ 27.609, 70.078 ], [ 26.465, 69.939 ], [ 25.909, 69.677 ], [ 25.71, 69.256 ], [ 25.783, 69.02 ], [ 25.142, 68.796 ], [ 24.904, 68.558 ], [ 23.959, 68.835 ], [ 23.161, 68.629 ], [ 22.374, 68.72 ], [ 21.644, 69.27 ], [ 21.287, 69.308 ], [ 21.025, 69.223 ], [ 21.06, 69.044 ], [ 20.061, 69.06 ], [ 20.347, 68.814 ], [ 19.972, 68.561 ], [ 20.264, 68.491 ], [ 19.959, 68.351 ], [ 18.125, 68.538 ], [ 18.156, 68.203 ], [ 17.902, 67.969 ], [ 17.283, 68.12 ], [ 16.741, 67.921 ], [ 16.421, 67.536 ], [ 16.169, 67.518 ], [ 16.4, 67.044 ], [ 15.376, 66.485 ], [ 15.495, 66.282 ], [ 14.517, 66.133 ], [ 14.623, 65.809 ], [ 14.512, 65.305 ], [ 13.637, 64.586 ], [ 14.1, 64.467 ], [ 14.132, 64.192 ], [ 13.956, 64.012 ], [ 12.92, 64.057 ], [ 12.148, 63.596 ], [ 12.215, 63.484 ], [ 11.98, 63.27 ], [ 12.225, 63.003 ], [ 12.053, 62.61 ], [ 12.311, 62.266 ], [ 12.132, 61.726 ], [ 12.874, 61.36 ], [ 12.676, 61.061 ], [ 12.22, 61.012 ], [ 12.608, 60.415 ], [ 12.446, 60.043 ], [ 11.851, 59.843 ], [ 11.943, 59.699 ], [ 11.699, 59.592 ], [ 11.832, 59.242 ], [ 11.657, 58.905 ], [ 11.46, 58.893 ], [ 11.186, 59.196 ], [ 10.742, 59.22 ], [ 10.813, 59.319 ], [ 10.592, 59.429 ], [ 10.696, 59.526 ], [ 10.589, 59.763 ], [ 10.666, 59.871 ], [ 10.747, 59.712 ], [ 10.792, 59.847 ], [ 10.672, 59.916 ], [ 10.484, 59.838 ], [ 10.564, 59.535 ], [ 10.422, 59.522 ], [ 10.438, 59.683 ], [ 10.288, 59.752 ], [ 10.216, 59.741 ], [ 10.529, 59.309 ], [ 10.313, 59.06 ], [ 9.849, 58.959 ], [ 9.794, 59.091 ], [ 9.518, 59.128 ], [ 9.722, 59.033 ], [ 9.753, 58.991 ], [ 9.071, 58.756 ], [ 9.246, 58.724 ], [ 8.243, 58.121 ], [ 8.066, 58.114 ], [ 8.158, 58.252 ], [ 7.667, 58.013 ], [ 7.058, 57.978 ], [ 7.144, 58.069 ], [ 6.823, 58.093 ], [ 7.05, 58.137 ], [ 6.877, 58.196 ], [ 6.631, 58.067 ], [ 6.915, 58.281 ], [ 6.05, 58.374 ], [ 5.489, 58.753 ], [ 5.581, 59.037 ], [ 5.745, 58.855 ], [ 5.89, 58.973 ], [ 6.176, 58.836 ], [ 6.288, 58.843 ], [ 6.149, 58.957 ], [ 6.654, 59.057 ], [ 6.267, 59.013 ], [ 6.111, 58.947 ], [ 6.076, 58.908 ], [ 5.888, 59.072 ], [ 6.556, 59.319 ], [ 6.021, 59.34 ], [ 6.61, 59.559 ], [ 6.273, 59.521 ], [ 6.364, 59.642 ], [ 6.337, 59.651 ], [ 6.22, 59.475 ], [ 5.977, 59.352 ], [ 5.912, 59.449 ], [ 6.021, 59.448 ], [ 6.19, 59.488 ], [ 5.853, 59.546 ], [ 5.67, 59.397 ], [ 5.887, 59.345 ], [ 5.664, 59.261 ], [ 5.632, 59.405 ], [ 5.514, 59.271 ], [ 5.381, 59.421 ], [ 5.354, 59.27 ], [ 5.221, 59.528 ], [ 5.51, 59.733 ], [ 5.456, 59.483 ], [ 5.586, 59.687 ], [ 5.79, 59.604 ], [ 6.365, 59.868 ], [ 6.01, 59.755 ], [ 5.664, 59.853 ], [ 6.31, 60.129 ], [ 6.079, 60.195 ], [ 6.353, 60.369 ], [ 6.671, 60.404 ], [ 6.551, 60.191 ], [ 6.544, 60.076 ], [ 6.687, 60.385 ], [ 7.104, 60.488 ], [ 6.221, 60.469 ], [ 6.181, 60.263 ], [ 6.031, 60.274 ], [ 5.763, 59.984 ], [ 5.767, 60.188 ], [ 5.581, 60.167 ], [ 5.762, 60.393 ], [ 5.443, 60.137 ], [ 5.175, 60.369 ], [ 5.353, 60.382 ], [ 5.299, 60.525 ], [ 5.733, 60.455 ], [ 5.795, 60.729 ], [ 5.713, 60.765 ], [ 5.563, 60.631 ], [ 5.281, 60.542 ], [ 4.952, 60.811 ], [ 5.467, 60.635 ], [ 5.273, 60.767 ], [ 5.589, 60.874 ], [ 5.083, 60.835 ], [ 5.017, 60.967 ], [ 5.125, 60.878 ], [ 5.308, 60.991 ], [ 5.054, 61.064 ], [ 5.485, 60.993 ], [ 5.986, 61.131 ], [ 6.362, 61.005 ], [ 6.634, 61.18 ], [ 7.009, 61.065 ], [ 7.021, 60.984 ], [ 6.878, 60.936 ], [ 6.846, 60.883 ], [ 7.044, 60.988 ], [ 7.127, 60.869 ], [ 7.035, 61.108 ], [ 7.468, 61.103 ], [ 7.37, 61.15 ], [ 7.705, 61.232 ], [ 7.312, 61.298 ], [ 7.586, 61.489 ], [ 7.283, 61.395 ], [ 7.325, 61.16 ], [ 6.595, 61.21 ], [ 6.74, 61.35 ], [ 6.749, 61.411 ], [ 6.476, 61.115 ], [ 6.075, 61.219 ], [ 5.233, 61.107 ], [ 5.076, 61.175 ], [ 5.316, 61.188 ], [ 4.986, 61.285 ], [ 5.633, 61.373 ], [ 5.079, 61.323 ], [ 5.158, 61.427 ], [ 4.98, 61.417 ], [ 5.474, 61.49 ], [ 5.002, 61.578 ], [ 5.007, 61.602 ], [ 5.16, 61.606 ], [ 5.367, 61.628 ], [ 5.408, 61.643 ], [ 4.989, 61.629 ], [ 5.005, 61.745 ], [ 5.166, 61.699 ], [ 5.292, 61.771 ], [ 5.099, 61.777 ], [ 5.427, 61.918 ], [ 5.776, 61.854 ], [ 5.673, 61.839 ], [ 5.64, 61.817 ], [ 5.666, 61.813 ], [ 5.982, 61.848 ], [ 5.912, 61.727 ], [ 5.91, 61.704 ], [ 5.924, 61.69 ], [ 6.032, 61.847 ], [ 6.189, 61.764 ], [ 6.077, 61.849 ], [ 6.496, 61.805 ], [ 6.839, 61.873 ], [ 6.439, 61.829 ], [ 5.736, 61.894 ], [ 5.934, 61.918 ], [ 5.454, 61.938 ], [ 5.163, 61.9 ], [ 5.431, 62.019 ], [ 5.097, 62.192 ], [ 5.463, 62.007 ], [ 5.621, 62.055 ], [ 5.407, 62.131 ], [ 5.496, 62.202 ], [ 5.737, 62.093 ], [ 5.679, 62.177 ], [ 5.913, 62.201 ], [ 5.85, 62.012 ], [ 5.994, 62.149 ], [ 6.083, 62.059 ], [ 6.311, 62.061 ], [ 5.937, 62.225 ], [ 6.339, 62.38 ], [ 6.557, 62.109 ], [ 6.659, 62.197 ], [ 6.405, 62.36 ], [ 6.718, 62.456 ], [ 7.011, 62.293 ], [ 6.884, 62.09 ], [ 7.21, 62.104 ], [ 6.969, 62.119 ], [ 7.041, 62.28 ], [ 7.43, 62.256 ], [ 7.003, 62.313 ], [ 6.879, 62.457 ], [ 6.266, 62.581 ], [ 7.086, 62.653 ], [ 7.138, 62.528 ], [ 7.168, 62.632 ], [ 7.557, 62.5 ], [ 7.787, 62.575 ], [ 7.558, 62.554 ], [ 7.403, 62.63 ], [ 8.147, 62.688 ], [ 6.988, 62.723 ], [ 7.237, 62.813 ], [ 6.901, 62.916 ], [ 7.29, 63.017 ], [ 7.444, 62.904 ], [ 8.041, 62.966 ], [ 8.158, 62.816 ], [ 8.548, 62.67 ], [ 7.98, 63.045 ], [ 7.887, 63.026 ], [ 8.103, 63.122 ], [ 8.306, 62.857 ], [ 8.686, 62.82 ], [ 8.424, 62.948 ], [ 8.649, 62.991 ], [ 8.379, 62.97 ], [ 8.493, 63.019 ], [ 8.265, 63.021 ], [ 8.175, 63.13 ], [ 8.969, 63.208 ], [ 8.482, 63.284 ], [ 9.006, 63.47 ], [ 9.181, 63.38 ], [ 9.098, 63.294 ], [ 9.51, 63.401 ], [ 9.153, 63.493 ], [ 9.727, 63.652 ], [ 9.981, 63.449 ], [ 9.851, 63.317 ], [ 10.275, 63.33 ], [ 10.067, 63.388 ], [ 10.228, 63.46 ], [ 10.801, 63.422 ], [ 10.918, 63.593 ], [ 10.636, 63.55 ], [ 10.726, 63.623 ], [ 11.453, 63.778 ], [ 11.072, 63.866 ], [ 11.491, 64.009 ], [ 11.237, 64.03 ], [ 11.385, 64.111 ], [ 11.312, 64.116 ], [ 10.601, 63.813 ], [ 11.048, 63.887 ], [ 10.945, 63.742 ], [ 10.112, 63.498 ], [ 9.81, 63.665 ], [ 10.122, 63.787 ], [ 9.532, 63.717 ], [ 10.224, 63.933 ], [ 9.953, 63.911 ], [ 10.123, 63.97 ], [ 9.956, 63.952 ], [ 10.037, 64.104 ], [ 10.673, 64.361 ], [ 10.46, 64.416 ], [ 10.832, 64.372 ], [ 10.65, 64.45 ], [ 10.958, 64.612 ], [ 11.155, 64.445 ], [ 11.339, 64.463 ], [ 11.218, 64.318 ], [ 11.689, 64.469 ], [ 11.425, 64.478 ], [ 11.785, 64.594 ], [ 11.404, 64.476 ], [ 11.022, 64.622 ], [ 11.365, 64.551 ], [ 11.405, 64.714 ], [ 11.848, 64.796 ], [ 11.665, 64.858 ], [ 12.153, 64.966 ], [ 11.62, 64.867 ], [ 11.382, 64.754 ], [ 11.187, 64.739 ], [ 11.684, 64.903 ], [ 11.284, 64.856 ], [ 11.295, 64.875 ], [ 12.207, 65.216 ], [ 12.336, 65.104 ], [ 12.071, 65.069 ], [ 12.457, 65.075 ], [ 12.951, 65.316 ], [ 12.494, 65.132 ], [ 12.355, 65.158 ], [ 12.435, 65.268 ], [ 12.251, 65.233 ], [ 12.438, 65.364 ], [ 12.203, 65.243 ], [ 12.034, 65.206 ], [ 11.984, 65.227 ], [ 12.346, 65.473 ], [ 12.212, 65.487 ], [ 12.285, 65.589 ], [ 12.49, 65.406 ], [ 12.769, 65.465 ], [ 12.36, 65.633 ], [ 12.505, 65.745 ], [ 12.618, 65.66 ], [ 12.638, 65.672 ], [ 12.65, 65.65 ], [ 12.782, 65.637 ], [ 12.542, 65.753 ], [ 12.715, 65.778 ], [ 12.665, 65.922 ], [ 13.209, 65.827 ], [ 12.905, 65.98 ], [ 13.048, 66.079 ], [ 12.702, 66.087 ], [ 13.523, 66.243 ], [ 13.552, 66.109 ], [ 13.824, 66.141 ], [ 13.599, 66.229 ], [ 13.791, 66.194 ], [ 14.171, 66.329 ], [ 13.024, 66.182 ], [ 13.565, 66.309 ], [ 13.004, 66.334 ], [ 13.161, 66.467 ], [ 12.968, 66.534 ], [ 13.251, 66.445 ], [ 13.741, 66.609 ], [ 13.201, 66.561 ], [ 13.356, 66.637 ], [ 13.162, 66.662 ], [ 13.21, 66.686 ], [ 13.556, 66.651 ], [ 13.196, 66.727 ], [ 13.986, 66.803 ], [ 13.492, 66.959 ], [ 14.228, 67.0 ], [ 14.504, 67.242 ], [ 15.472, 67.101 ], [ 15.432, 67.261 ], [ 15.047, 67.272 ], [ 15.175, 67.331 ], [ 14.306, 67.266 ], [ 15.057, 67.454 ], [ 14.627, 67.471 ], [ 15.061, 67.597 ], [ 15.159, 67.552 ], [ 14.944, 67.492 ], [ 15.439, 67.499 ], [ 15.552, 67.377 ], [ 15.686, 67.315 ], [ 15.597, 67.401 ], [ 15.777, 67.375 ], [ 15.535, 67.484 ], [ 15.895, 67.581 ], [ 15.294, 67.535 ], [ 15.461, 67.597 ], [ 15.172, 67.635 ], [ 15.306, 67.741 ], [ 15.614, 67.768 ], [ 15.831, 67.69 ], [ 15.852, 67.709 ], [ 15.376, 67.881 ], [ 15.164, 67.716 ], [ 14.769, 67.663 ], [ 15.15, 67.77 ], [ 14.771, 67.84 ], [ 15.693, 67.971 ], [ 15.886, 67.915 ], [ 15.993, 68.002 ], [ 15.274, 68.061 ], [ 15.619, 68.194 ], [ 15.637, 68.063 ], [ 15.799, 68.102 ], [ 15.962, 68.27 ], [ 16.217, 67.898 ], [ 16.516, 67.821 ], [ 16.182, 68.024 ], [ 16.468, 67.918 ], [ 16.312, 68.035 ], [ 16.738, 68.089 ], [ 16.284, 68.119 ], [ 16.608, 68.187 ], [ 16.169, 68.329 ], [ 16.81, 68.155 ], [ 16.265, 68.36 ], [ 17.18, 68.395 ], [ 17.337, 68.198 ], [ 17.304, 68.424 ], [ 17.914, 68.42 ], [ 17.473, 68.471 ], [ 17.547, 68.552 ], [ 16.456, 68.512 ], [ 16.978, 68.719 ], [ 17.681, 68.675 ], [ 17.239, 68.76 ], [ 17.81, 68.749 ], [ 17.47, 68.833 ], [ 17.85, 68.868 ], [ 17.457, 68.895 ], [ 17.472, 68.997 ], [ 18.152, 69.152 ], [ 17.969, 69.233 ], [ 18.171, 69.393 ], [ 18.158, 69.469 ], [ 18.37, 69.46 ], [ 18.497, 69.236 ], [ 18.553, 69.361 ], [ 18.997, 69.293 ], [ 18.445, 69.445 ], [ 18.825, 69.565 ], [ 19.035, 69.372 ], [ 19.338, 69.33 ], [ 19.243, 69.235 ], [ 19.553, 69.221 ], [ 19.367, 69.377 ], [ 18.968, 69.464 ], [ 19.243, 69.519 ], [ 18.941, 69.579 ], [ 19.123, 69.748 ], [ 19.726, 69.811 ], [ 19.676, 69.489 ], [ 19.488, 69.401 ], [ 19.653, 69.421 ], [ 19.739, 69.607 ], [ 19.967, 69.586 ], [ 20.142, 69.585 ], [ 19.772, 69.686 ], [ 20.344, 69.957 ], [ 20.357, 69.618 ], [ 19.926, 69.27 ], [ 20.423, 69.589 ], [ 20.648, 69.516 ], [ 20.917, 69.476 ], [ 20.477, 69.618 ], [ 20.46, 69.765 ], [ 21.057, 69.963 ], [ 20.849, 69.857 ], [ 21.128, 69.806 ], [ 21.339, 69.909 ], [ 21.238, 70.014 ], [ 21.431, 70.018 ], [ 21.982, 69.732 ], [ 22.14, 69.745 ], [ 21.882, 69.84 ], [ 22.022, 69.852 ], [ 21.875, 69.985 ], [ 22.074, 70.031 ], [ 21.774, 70.04 ], [ 21.997, 70.078 ], [ 22.065, 70.129 ], [ 21.718, 70.058 ], [ 21.449, 70.103 ], [ 21.462, 70.178 ], [ 21.285, 70.167 ], [ 21.184, 70.234 ], [ 21.487, 70.197 ], [ 21.466, 70.303 ], [ 21.554, 70.326 ], [ 21.849, 70.144 ], [ 21.755, 70.251 ], [ 21.973, 70.333 ], [ 22.288, 70.287 ], [ 22.212, 70.131 ], [ 22.553, 70.116 ], [ 22.289, 70.163 ], [ 22.354, 70.265 ], [ 22.973, 70.191 ], [ 22.814, 70.108 ], [ 22.447, 70.083 ], [ 22.301, 70.03 ], [ 22.875, 70.106 ], [ 22.99, 70.139 ], [ 23.146, 69.961 ], [ 23.06, 69.948 ], [ 23.019, 69.923 ], [ 23.4, 69.969 ], [ 23.529, 70.017 ], [ 23.148, 70.083 ], [ 23.382, 70.123 ], [ 23.18, 70.219 ], [ 23.512, 70.246 ], [ 23.25, 70.251 ], [ 23.863, 70.498 ], [ 24.32, 70.452 ], [ 24.096, 70.54 ], [ 24.294, 70.687 ], [ 24.688, 70.63 ], [ 24.24, 70.779 ], [ 24.62, 70.796 ], [ 24.699, 70.874 ], [ 24.531, 70.972 ], [ 24.994, 70.978 ], [ 24.885, 70.875 ], [ 25.114, 70.931 ], [ 25.227, 70.799 ], [ 25.395, 70.892 ], [ 25.306, 70.979 ], [ 25.55, 70.915 ], [ 25.431, 70.846 ], [ 25.892, 70.899 ], [ 25.041, 70.508 ], [ 25.277, 70.472 ], [ 24.91, 70.088 ], [ 25.142, 70.068 ], [ 25.533, 70.317 ], [ 25.375, 70.331 ], [ 26.565, 70.951 ], [ 26.726, 70.935 ], [ 26.689, 70.753 ], [ 26.324, 70.652 ], [ 26.636, 70.682 ], [ 26.478, 70.363 ], [ 27.101, 70.468 ], [ 26.961, 70.589 ], [ 27.281, 70.588 ], [ 27.116, 70.748 ], [ 27.667, 70.801 ], [ 27.146, 70.98 ], [ 27.544, 70.956 ], [ 27.495, 71.085 ], [ 27.708, 71.117 ] ] ], [ [ [ 25.684, 71.159 ], [ 26.05, 71.113 ], [ 25.9, 71.011 ], [ 26.218, 71.034 ], [ 25.55, 70.933 ], [ 25.248, 71.039 ], [ 25.684, 71.159 ] ] ] ] } },
{ "type": "Feature", "properties": { }, "geometry": { "type": "Polygon", "coordinates": [ [ [ -2.519, 49.509 ], [ -2.502, 49.497 ], [ -2.532, 49.419 ], [ -2.675, 49.43 ], [ -2.519, 49.509 ] ] ] } },
{ "type": "Feature", "properties": { }, "geometry": { "type": "MultiPolygon", "coordinates": [ [ [ [ 17.107, 57.333 ], [ 17.083, 57.174 ], [ 16.41, 56.193 ], [ 16.381, 56.526 ], [ 17.107, 57.333 ] ] ], [ [ [ 18.798, 57.863 ], [ 19.022, 57.918 ], [ 19.109, 57.818 ], [ 18.814, 57.74 ], [ 18.778, 57.47 ], [ 18.945, 57.42 ], [ 18.137, 56.906 ], [ 18.308, 57.097 ], [ 18.102, 57.256 ], [ 18.112, 57.532 ], [ 18.487, 57.825 ], [ 18.798, 57.863 ] ] ], [ [ [ 11.711, 58.299 ], [ 11.834, 58.125 ], [ 11.419, 58.13 ], [ 11.685, 58.241 ], [ 11.711, 58.299 ] ] ], [ [ [ 20.642, 69.043 ], [ 22.038, 68.481 ], [ 22.834, 68.388 ], [ 23.656, 67.963 ], [ 23.41, 67.497 ], [ 23.786, 67.428 ], [ 23.579, 67.163 ], [ 24.016, 66.82 ], [ 23.655, 66.307 ], [ 24.156, 65.818 ], [ 23.068, 65.882 ], [ 23.234, 65.774 ], [ 23.1, 65.7 ], [ 22.673, 65.906 ], [ 22.719, 65.822 ], [ 22.672, 65.753 ], [ 22.343, 65.873 ], [ 22.147, 65.613 ], [ 22.304, 65.663 ], [ 22.402, 65.538 ], [ 22.02, 65.598 ], [ 21.744, 65.757 ], [ 21.823, 65.671 ], [ 22.017, 65.593 ], [ 22.125, 65.58 ], [ 22.188, 65.543 ], [ 21.424, 65.36 ], [ 21.746, 65.193 ], [ 21.309, 65.377 ], [ 21.589, 65.15 ], [ 21.443, 65.07 ], [ 21.537, 65.032 ], [ 21.004, 64.845 ], [ 21.615, 64.438 ], [ 21.075, 64.228 ], [ 20.675, 63.795 ], [ 20.505, 63.838 ], [ 20.405, 63.673 ], [ 20.319, 63.785 ], [ 20.326, 63.664 ], [ 20.03, 63.67 ], [ 19.669, 63.434 ], [ 19.447, 63.574 ], [ 19.521, 63.489 ], [ 19.275, 63.463 ], [ 19.045, 63.194 ], [ 18.889, 63.298 ], [ 18.725, 63.291 ], [ 18.908, 63.234 ], [ 18.215, 63.014 ], [ 18.49, 63.003 ], [ 18.559, 62.965 ], [ 18.13, 62.769 ], [ 17.962, 62.799 ], [ 17.777, 63.11 ], [ 17.696, 63.152 ], [ 17.609, 63.173 ], [ 18.0, 62.663 ], [ 17.723, 62.433 ], [ 17.34, 62.476 ], [ 17.396, 62.307 ], [ 17.67, 62.231 ], [ 17.516, 62.228 ], [ 17.312, 61.856 ], [ 17.492, 61.619 ], [ 17.125, 61.722 ], [ 17.248, 61.604 ], [ 17.05, 61.575 ], [ 17.227, 61.549 ], [ 17.057, 61.547 ], [ 17.282, 61.281 ], [ 17.12, 61.307 ], [ 17.248, 61.01 ], [ 17.085, 60.9 ], [ 17.358, 60.757 ], [ 17.154, 60.684 ], [ 17.618, 60.647 ], [ 17.741, 60.496 ], [ 18.019, 60.591 ], [ 18.236, 60.337 ], [ 18.612, 60.251 ], [ 18.315, 60.31 ], [ 18.592, 60.05 ], [ 18.735, 60.123 ], [ 18.764, 60.109 ], [ 18.773, 60.034 ], [ 18.817, 59.98 ], [ 18.822, 60.118 ], [ 19.092, 59.88 ], [ 18.85, 59.947 ], [ 18.953, 59.852 ], [ 18.73, 59.757 ], [ 19.003, 59.778 ], [ 19.084, 59.737 ], [ 18.238, 59.437 ], [ 18.336, 59.385 ], [ 17.968, 59.438 ], [ 18.476, 59.17 ], [ 18.017, 59.046 ], [ 17.904, 58.852 ], [ 17.676, 59.178 ], [ 17.514, 58.78 ], [ 17.097, 58.773 ], [ 17.147, 58.667 ], [ 16.944, 58.611 ], [ 16.358, 58.664 ], [ 16.199, 58.636 ], [ 16.956, 58.481 ], [ 16.313, 58.493 ], [ 16.801, 58.361 ], [ 16.637, 58.345 ], [ 16.832, 58.307 ], [ 16.705, 58.263 ], [ 16.837, 58.129 ], [ 16.62, 58.201 ], [ 16.81, 57.871 ], [ 16.482, 57.891 ], [ 16.54, 57.874 ], [ 16.659, 57.763 ], [ 16.418, 57.925 ], [ 16.742, 57.7 ], [ 16.54, 57.729 ], [ 16.664, 57.608 ], [ 16.521, 57.563 ], [ 16.715, 57.489 ], [ 16.471, 57.26 ], [ 16.586, 57.046 ], [ 15.863, 56.073 ], [ 15.599, 56.203 ], [ 14.697, 56.159 ], [ 14.766, 56.008 ], [ 14.547, 56.056 ], [ 14.24, 55.858 ], [ 14.363, 55.554 ], [ 14.188, 55.38 ], [ 12.814, 55.379 ], [ 13.067, 55.673 ], [ 12.448, 56.293 ], [ 12.799, 56.223 ], [ 12.619, 56.418 ], [ 12.878, 56.429 ], [ 12.935, 56.583 ], [ 12.354, 56.926 ], [ 12.092, 57.459 ], [ 11.922, 57.394 ], [ 11.932, 57.624 ], [ 11.682, 57.853 ], [ 11.792, 57.907 ], [ 11.923, 58.349 ], [ 11.705, 58.34 ], [ 11.524, 58.248 ], [ 11.718, 58.432 ], [ 11.583, 58.478 ], [ 11.472, 58.275 ], [ 11.477, 58.4 ], [ 11.362, 58.343 ], [ 11.463, 58.455 ], [ 11.247, 58.351 ], [ 11.351, 58.485 ], [ 11.119, 58.97 ], [ 11.345, 59.106 ], [ 11.46, 58.893 ], [ 11.687, 58.944 ], [ 11.832, 59.242 ], [ 11.699, 59.592 ], [ 11.943, 59.699 ], [ 11.851, 59.843 ], [ 12.446, 60.043 ], [ 12.608, 60.415 ], [ 12.22, 61.012 ], [ 12.676, 61.061 ], [ 12.874, 61.36 ], [ 12.132, 61.726 ], [ 12.311, 62.266 ], [ 12.053, 62.61 ], [ 12.225, 63.003 ], [ 11.98, 63.27 ], [ 12.215, 63.484 ], [ 12.148, 63.596 ], [ 12.92, 64.057 ], [ 13.956, 64.012 ], [ 14.132, 64.192 ], [ 14.1, 64.467 ], [ 13.637, 64.586 ], [ 14.512, 65.305 ], [ 14.623, 65.809 ], [ 14.517, 66.133 ], [ 15.495, 66.282 ], [ 15.376, 66.485 ], [ 16.4, 67.044 ], [ 16.409, 67.204 ], [ 16.101, 67.434 ], [ 16.48, 67.575 ], [ 16.741, 67.921 ], [ 17.283, 68.12 ], [ 17.902, 67.969 ], [ 18.156, 68.203 ], [ 18.125, 68.538 ], [ 18.418, 68.584 ], [ 19.959, 68.351 ], [ 20.264, 68.491 ], [ 19.972, 68.561 ], [ 20.347, 68.814 ], [ 20.061, 69.06 ], [ 20.642, 69.043 ] ] ] ] } },
{ "type": "Feature", "properties": { }, "geometry": { "type": "Polygon", "coordinates": [ [ [ -7.166, 62.308 ], [ -6.764, 62.046 ], [ -6.735, 61.945 ], [ -7.26, 62.175 ], [ -7.166, 62.308 ] ] ] } },
{ "type": "Feature", "properties": { }, "geometry": { "type": "Polygon", "coordinates": [ [ [ 24.907, 56.418 ], [ 25.097, 56.187 ], [ 25.684, 56.148 ], [ 26.62, 55.674 ], [ 26.45, 55.35 ], [ 26.872, 55.285 ], [ 25.752, 54.815 ], [ 25.557, 54.333 ], [ 25.792, 54.169 ], [ 25.541, 54.158 ], [ 25.513, 54.318 ], [ 24.83, 54.129 ], [ 24.765, 53.961 ], [ 23.614, 53.917 ], [ 23.387, 54.215 ], [ 22.772, 54.374 ], [ 22.686, 54.588 ], [ 22.893, 54.814 ], [ 22.586, 55.07 ], [ 22.071, 55.026 ], [ 21.267, 55.25 ], [ 21.059, 55.834 ], [ 21.071, 56.063 ], [ 22.0, 56.415 ], [ 24.158, 56.257 ], [ 24.907, 56.418 ] ] ] } },
{ "type": "Feature", "properties": { }, "geometry": { "type": "Polygon", "coordinates": [ [ [ 25.149, 58.076 ], [ 26.05, 57.849 ], [ 26.505, 57.52 ], [ 26.909, 57.641 ], [ 27.551, 57.539 ], [ 27.867, 57.267 ], [ 27.667, 56.837 ], [ 27.972, 56.824 ], [ 28.241, 56.276 ], [ 27.603, 55.786 ], [ 27.133, 55.852 ], [ 26.54, 55.669 ], [ 25.684, 56.148 ], [ 25.097, 56.187 ], [ 24.891, 56.447 ], [ 24.456, 56.258 ], [ 22.0, 56.415 ], [ 21.071, 56.063 ], [ 20.981, 56.228 ], [ 21.066, 56.833 ], [ 21.41, 57.036 ], [ 21.419, 57.275 ], [ 21.711, 57.571 ], [ 22.609, 57.762 ], [ 22.599, 57.622 ], [ 23.138, 57.363 ], [ 23.264, 57.092 ], [ 23.77, 56.969 ], [ 24.409, 57.254 ], [ 24.356, 57.878 ], [ 25.149, 58.076 ] ] ] } },
{ "type": "Feature", "properties": { }, "geometry": { "type": "MultiPolygon", "coordinates": [ [ [ [ -7.962, 71.162 ], [ -8.017, 71.015 ], [ -9.083, 70.865 ], [ -8.283, 71.124 ], [ -7.962, 71.162 ] ] ], [ [ [ 19.095, 74.51 ], [ 19.27, 74.458 ], [ 19.062, 74.338 ], [ 18.753, 74.47 ], [ 19.095, 74.51 ] ] ], [ [ [ 22.981, 78.23 ], [ 23.604, 77.877 ], [ 24.371, 77.834 ], [ 24.149, 77.751 ], [ 24.285, 77.665 ], [ 23.927, 77.638 ], [ 24.148, 77.573 ], [ 22.682, 77.241 ], [ 22.554, 77.293 ], [ 22.79, 77.47 ], [ 22.52, 77.613 ], [ 20.845, 77.451 ], [ 21.553, 77.909 ], [ 20.843, 78.122 ], [ 22.981, 78.23 ] ] ], [ [ [ 21.416, 78.607 ], [ 22.029, 78.577 ], [ 22.253, 78.4 ], [ 22.159, 78.258 ], [ 20.67, 78.202 ], [ 20.767, 78.288 ], [ 20.587, 78.43 ], [ 20.152, 78.491 ], [ 21.416, 78.607 ] ] ], [ [ [ 10.962, 78.774 ], [ 11.192, 78.737 ], [ 11.046, 78.697 ], [ 11.275, 78.55 ], [ 11.909, 78.445 ], [ 12.147, 78.205 ], [ 11.035, 78.476 ], [ 10.491, 78.898 ], [ 10.962, 78.774 ] ] ], [ [ [ 28.489, 78.958 ], [ 29.11, 78.905 ], [ 29.692, 78.903 ], [ 27.865, 78.851 ], [ 28.489, 78.958 ] ] ], [ [ [ 20.161, 79.135 ], [ 20.617, 79.124 ], [ 20.919, 79.069 ], [ 20.057, 79.058 ], [ 20.161, 79.135 ] ] ], [ [ [ 16.314, 80.061 ], [ 18.042, 79.731 ], [ 17.562, 79.553 ], [ 17.766, 79.544 ], [ 17.66, 79.368 ], [ 18.303, 79.625 ], [ 18.864, 79.441 ], [ 18.608, 79.253 ], [ 18.907, 79.167 ], [ 19.79, 79.153 ], [ 19.96, 79.002 ], [ 21.591, 78.812 ], [ 21.38, 78.667 ], [ 19.024, 78.48 ], [ 19.039, 78.333 ], [ 18.87, 78.311 ], [ 19.094, 78.126 ], [ 18.537, 78.042 ], [ 18.375, 77.928 ], [ 18.477, 77.742 ], [ 18.187, 77.49 ], [ 17.616, 77.428 ], [ 17.079, 76.877 ], [ 17.229, 76.751 ], [ 17.121, 76.643 ], [ 16.328, 76.589 ], [ 16.292, 76.751 ], [ 15.458, 76.92 ], [ 16.365, 77.002 ], [ 15.218, 76.996 ], [ 14.357, 77.182 ], [ 13.901, 77.403 ], [ 14.047, 77.462 ], [ 13.896, 77.547 ], [ 15.857, 77.556 ], [ 14.727, 77.682 ], [ 16.632, 77.852 ], [ 14.008, 77.731 ], [ 13.63, 77.838 ], [ 13.557, 78.056 ], [ 14.257, 77.993 ], [ 14.154, 78.093 ], [ 17.025, 78.373 ], [ 16.336, 78.456 ], [ 16.945, 78.653 ], [ 15.424, 78.456 ], [ 15.165, 78.589 ], [ 15.409, 78.632 ], [ 15.345, 78.725 ], [ 14.4, 78.518 ], [ 14.809, 78.378 ], [ 12.965, 78.198 ], [ 11.642, 78.766 ], [ 11.808, 78.848 ], [ 11.346, 78.949 ], [ 12.369, 78.908 ], [ 11.683, 79.069 ], [ 11.993, 79.264 ], [ 11.216, 79.103 ], [ 10.841, 79.322 ], [ 10.899, 79.481 ], [ 10.641, 79.553 ], [ 11.486, 79.639 ], [ 11.177, 79.728 ], [ 11.66, 79.832 ], [ 12.3, 79.66 ], [ 12.199, 79.841 ], [ 12.495, 79.745 ], [ 13.786, 79.877 ], [ 13.969, 79.778 ], [ 12.393, 79.58 ], [ 13.493, 79.574 ], [ 13.224, 79.469 ], [ 13.59, 79.486 ], [ 14.019, 79.266 ], [ 14.144, 79.341 ], [ 13.84, 79.537 ], [ 14.671, 79.794 ], [ 15.263, 79.609 ], [ 15.416, 79.366 ], [ 15.754, 79.236 ], [ 15.648, 79.107 ], [ 16.523, 78.913 ], [ 15.947, 79.3 ], [ 15.615, 79.807 ], [ 16.134, 79.865 ], [ 15.922, 79.933 ], [ 16.314, 80.061 ] ] ], [ [ [ 28.045, 80.045 ], [ 27.811, 80.087 ], [ 27.701, 80.179 ], [ 28.378, 80.093 ], [ 28.045, 80.045 ] ] ], [ [ [ 33.091, 80.249 ], [ 33.287, 80.224 ], [ 31.83, 80.076 ], [ 31.877, 80.109 ], [ 33.091, 80.249 ] ] ], [ [ [ 22.953, 80.439 ], [ 23.327, 80.419 ], [ 23.098, 80.385 ], [ 23.31, 80.338 ], [ 22.999, 80.176 ], [ 23.16, 80.112 ], [ 24.471, 80.361 ], [ 24.583, 80.317 ], [ 24.435, 80.25 ], [ 24.819, 80.35 ], [ 27.237, 80.056 ], [ 26.965, 79.974 ], [ 27.124, 79.903 ], [ 25.713, 79.624 ], [ 25.879, 79.52 ], [ 25.758, 79.441 ], [ 23.631, 79.22 ], [ 22.655, 79.34 ], [ 22.824, 79.405 ], [ 20.078, 79.464 ], [ 19.62, 79.606 ], [ 21.086, 79.538 ], [ 21.256, 79.557 ], [ 20.456, 79.667 ], [ 21.706, 79.779 ], [ 18.786, 79.713 ], [ 18.089, 79.907 ], [ 18.815, 79.961 ], [ 18.928, 80.052 ], [ 17.699, 80.13 ], [ 19.591, 80.146 ], [ 18.997, 80.332 ], [ 19.232, 80.338 ], [ 19.587, 80.222 ], [ 19.817, 80.223 ], [ 19.715, 80.326 ], [ 19.862, 80.339 ], [ 19.724, 80.342 ], [ 19.911, 80.377 ], [ 19.4, 80.434 ], [ 19.645, 80.507 ], [ 20.895, 80.198 ], [ 21.86, 80.253 ], [ 21.63, 80.135 ], [ 22.212, 79.981 ], [ 22.476, 80.007 ], [ 22.355, 80.103 ], [ 22.58, 80.301 ], [ 22.365, 80.405 ], [ 22.746, 80.319 ], [ 22.764, 80.501 ], [ 22.953, 80.439 ] ] ] ] } },
{ "type": "Feature", "properties": { }, "geometry": { "type": "Polygon", "coordinates": [ [ [ -7.469, 55.051 ], [ -7.525, 55.283 ], [ -7.252, 55.283 ], [ -7.389, 55.384 ], [ -6.923, 55.237 ], [ -7.393, 55.023 ], [ -7.544, 54.744 ], [ -7.921, 54.699 ], [ -7.701, 54.609 ], [ -8.161, 54.437 ], [ -7.34, 54.119 ], [ -7.032, 54.419 ], [ -6.634, 54.042 ], [ -6.108, 54.001 ], [ -6.404, 54.015 ], [ -6.221, 53.796 ], [ -6.339, 53.719 ], [ -6.086, 53.557 ], [ -6.21, 53.468 ], [ -6.057, 53.365 ], [ -6.237, 53.362 ], [ -6.002, 52.967 ], [ -6.357, 52.347 ], [ -6.469, 52.378 ], [ -6.515, 52.352 ], [ -6.348, 52.189 ], [ -6.759, 52.264 ], [ -6.929, 52.124 ], [ -6.901, 52.201 ], [ -6.995, 52.28 ], [ -6.989, 52.145 ], [ -7.64, 52.105 ], [ -7.589, 51.992 ], [ -7.887, 52.002 ], [ -8.069, 51.811 ], [ -8.26, 51.795 ], [ -8.177, 51.863 ], [ -8.214, 51.867 ], [ -8.176, 51.884 ], [ -8.18, 51.909 ], [ -8.436, 51.905 ], [ -8.277, 51.8 ], [ -8.637, 51.741 ], [ -8.533, 51.61 ], [ -9.233, 51.483 ], [ -9.824, 51.453 ], [ -9.451, 51.695 ], [ -9.543, 51.754 ], [ -10.236, 51.583 ], [ -9.561, 51.884 ], [ -10.342, 51.787 ], [ -10.406, 51.881 ], [ -10.184, 51.964 ], [ -10.32, 51.958 ], [ -9.752, 52.155 ], [ -10.45, 52.097 ], [ -10.471, 52.183 ], [ -9.723, 52.259 ], [ -9.951, 52.412 ], [ -9.623, 52.583 ], [ -9.479, 52.549 ], [ -9.454, 52.584 ], [ -9.299, 52.574 ], [ -9.12, 52.619 ], [ -9.053, 52.601 ], [ -8.953, 52.663 ], [ -8.692, 52.654 ], [ -8.626, 52.666 ], [ -8.621, 52.694 ], [ -8.959, 52.686 ], [ -8.925, 52.793 ], [ -8.958, 52.799 ], [ -9.164, 52.62 ], [ -9.941, 52.561 ], [ -9.499, 52.754 ], [ -9.282, 53.146 ], [ -8.929, 53.142 ], [ -8.882, 53.23 ], [ -10.188, 53.412 ], [ -10.022, 53.473 ], [ -10.193, 53.559 ], [ -9.694, 53.6 ], [ -9.907, 53.764 ], [ -9.547, 53.803 ], [ -9.945, 53.872 ], [ -9.796, 53.916 ], [ -9.826, 54.114 ], [ -9.975, 54.067 ], [ -9.998, 54.233 ], [ -10.128, 54.098 ], [ -10.112, 54.247 ], [ -9.749, 54.258 ], [ -9.864, 54.31 ], [ -9.789, 54.35 ], [ -9.262, 54.315 ], [ -9.138, 54.143 ], [ -9.05, 54.299 ], [ -8.517, 54.219 ], [ -8.677, 54.367 ], [ -8.119, 54.654 ], [ -8.464, 54.57 ], [ -8.804, 54.704 ], [ -8.417, 54.778 ], [ -8.561, 54.836 ], [ -8.341, 54.837 ], [ -8.277, 54.862 ], [ -8.462, 54.926 ], [ -8.302, 55.152 ], [ -7.856, 55.131 ], [ -7.79, 55.258 ], [ -7.817, 55.201 ], [ -7.808, 55.181 ], [ -7.695, 55.102 ], [ -7.8, 55.219 ], [ -7.636, 55.281 ], [ -7.519, 55.125 ], [ -7.686, 54.952 ], [ -7.469, 55.051 ] ] ] } },
{ "type": "Feature", "properties": { }, "geometry": { "type": "Polygon", "coordinates": [ [ [ -16.179, 66.53 ], [ -15.381, 66.138 ], [ -14.963, 66.365 ], [ -14.542, 66.376 ], [ -15.18, 66.105 ], [ -14.614, 65.99 ], [ -14.835, 65.723 ], [ -14.332, 65.788 ], [ -13.612, 65.51 ], [ -14.001, 65.261 ], [ -13.564, 65.263 ], [ -13.996, 65.189 ], [ -13.496, 65.075 ], [ -14.227, 65.03 ], [ -13.682, 64.93 ], [ -14.036, 64.936 ], [ -13.749, 64.864 ], [ -14.082, 64.705 ], [ -14.489, 64.796 ], [ -14.253, 64.644 ], [ -14.481, 64.661 ], [ -14.578, 64.565 ], [ -14.338, 64.598 ], [ -14.966, 64.238 ], [ -15.196, 64.236 ], [ -14.993, 64.241 ], [ -14.965, 64.26 ], [ -15.495, 64.397 ], [ -15.385, 64.269 ], [ -16.603, 63.839 ], [ -16.445, 63.927 ], [ -16.802, 63.795 ], [ -17.001, 63.94 ], [ -17.238, 63.803 ], [ -17.059, 63.782 ], [ -17.739, 63.703 ], [ -17.746, 63.72 ], [ -17.99, 63.82 ], [ -17.757, 63.715 ], [ -18.004, 63.517 ], [ -18.24, 63.469 ], [ -18.26, 63.489 ], [ -18.235, 63.519 ], [ -18.256, 63.555 ], [ -18.378, 63.604 ], [ -18.282, 63.554 ], [ -18.25, 63.522 ], [ -18.423, 63.509 ], [ -18.222, 63.459 ], [ -19.13, 63.405 ], [ -20.209, 63.543 ], [ -20.795, 63.768 ], [ -20.715, 63.783 ], [ -20.673, 63.838 ], [ -20.7, 63.874 ], [ -20.688, 63.903 ], [ -20.662, 63.922 ], [ -20.665, 63.926 ], [ -20.82, 63.774 ], [ -21.23, 63.921 ], [ -21.182, 63.937 ], [ -21.139, 63.927 ], [ -20.992, 63.947 ], [ -21.228, 63.944 ], [ -21.661, 63.819 ], [ -22.715, 63.798 ], [ -22.689, 64.083 ], [ -22.547, 63.975 ], [ -21.945, 64.064 ], [ -22.033, 64.156 ], [ -21.69, 64.178 ], [ -21.914, 64.233 ], [ -21.833, 64.293 ], [ -21.359, 64.387 ], [ -22.103, 64.31 ], [ -21.762, 64.579 ], [ -22.251, 64.485 ], [ -22.455, 64.663 ], [ -22.381, 64.639 ], [ -22.332, 64.645 ], [ -22.189, 64.731 ], [ -22.423, 64.668 ], [ -22.399, 64.818 ], [ -23.814, 64.724 ], [ -24.061, 64.881 ], [ -23.197, 65.015 ], [ -23.108, 64.911 ], [ -22.735, 65.075 ], [ -21.816, 65.02 ], [ -21.746, 65.204 ], [ -22.091, 65.104 ], [ -22.397, 65.168 ], [ -22.459, 65.149 ], [ -22.567, 65.174 ], [ -21.692, 65.454 ], [ -22.288, 65.438 ], [ -22.397, 65.489 ], [ -22.232, 65.519 ], [ -22.109, 65.599 ], [ -22.491, 65.508 ], [ -22.556, 65.629 ], [ -23.866, 65.404 ], [ -24.547, 65.499 ], [ -24.323, 65.637 ], [ -23.871, 65.516 ], [ -23.797, 65.533 ], [ -24.088, 65.64 ], [ -23.791, 65.598 ], [ -24.108, 65.801 ], [ -23.564, 65.605 ], [ -23.268, 65.677 ], [ -23.544, 65.716 ], [ -23.18, 65.774 ], [ -23.879, 65.882 ], [ -23.198, 65.835 ], [ -23.827, 66.03 ], [ -23.362, 65.983 ], [ -23.664, 66.105 ], [ -23.37, 66.082 ], [ -23.607, 66.143 ], [ -23.481, 66.194 ], [ -22.995, 66.083 ], [ -23.084, 65.962 ], [ -22.865, 66.029 ], [ -22.982, 65.908 ], [ -22.682, 66.051 ], [ -22.574, 65.973 ], [ -22.661, 65.822 ], [ -22.43, 65.926 ], [ -22.583, 65.782 ], [ -22.344, 65.903 ], [ -22.483, 66.027 ], [ -22.386, 66.09 ], [ -22.984, 66.215 ], [ -22.373, 66.267 ], [ -22.577, 66.27 ], [ -22.48, 66.326 ], [ -23.017, 66.296 ], [ -23.201, 66.35 ], [ -22.86, 66.412 ], [ -22.945, 66.467 ], [ -22.417, 66.459 ], [ -22.233, 66.266 ], [ -21.743, 66.181 ], [ -21.666, 66.02 ], [ -21.326, 66.001 ], [ -21.61, 65.954 ], [ -21.288, 65.926 ], [ -21.472, 65.762 ], [ -21.354, 65.73 ], [ -21.585, 65.693 ], [ -21.688, 65.762 ], [ -21.786, 65.764 ], [ -21.647, 65.647 ], [ -21.402, 65.629 ], [ -21.474, 65.558 ], [ -21.302, 65.598 ], [ -21.477, 65.446 ], [ -21.2, 65.434 ], [ -21.08, 65.155 ], [ -21.099, 65.446 ], [ -20.903, 65.342 ], [ -20.896, 65.609 ], [ -20.672, 65.689 ], [ -20.65, 65.544 ], [ -20.379, 65.529 ], [ -20.27, 65.746 ], [ -20.423, 66.086 ], [ -20.096, 66.117 ], [ -19.45, 65.724 ], [ -19.46, 66.043 ], [ -18.801, 66.192 ], [ -18.07, 65.64 ], [ -18.306, 66.164 ], [ -17.406, 65.955 ], [ -17.146, 66.206 ], [ -16.602, 66.089 ], [ -16.706, 66.149 ], [ -16.436, 66.131 ], [ -16.419, 66.265 ], [ -16.573, 66.476 ], [ -16.179, 66.53 ] ] ] } },
{ "type": "Feature", "properties": { }, "geometry": { "type": "Polygon", "coordinates": [ [ [ -2.151, 49.26 ], [ -2.052, 49.244 ], [ -2.01, 49.222 ], [ -2.032, 49.163 ], [ -2.246, 49.182 ], [ -2.151, 49.26 ] ] ] } },
{ "type": "Feature", "properties": { }, "geometry": { "type": "MultiPolygon", "coordinates": [ [ [ [ -4.572, 53.27 ], [ -4.434, 53.434 ], [ -4.047, 53.314 ], [ -4.347, 53.132 ], [ -4.572, 53.27 ] ] ], [ [ [ -6.469, 55.251 ], [ -6.067, 55.201 ], [ -5.692, 54.808 ], [ -5.929, 54.599 ], [ -5.545, 54.657 ], [ -5.497, 54.336 ], [ -5.682, 54.586 ], [ -5.611, 54.251 ], [ -5.823, 54.285 ], [ -6.066, 54.025 ], [ -6.344, 54.169 ], [ -6.266, 54.097 ], [ -6.625, 54.041 ], [ -6.98, 54.405 ], [ -7.282, 54.126 ], [ -7.551, 54.125 ], [ -8.182, 54.466 ], [ -7.701, 54.609 ], [ -7.921, 54.699 ], [ -7.544, 54.744 ], [ -7.36, 55.044 ], [ -7.249, 55.056 ], [ -7.401, 54.941 ], [ -6.96, 55.195 ], [ -6.469, 55.251 ] ] ], [ [ [ -5.217, 55.71 ], [ -5.084, 55.557 ], [ -5.095, 55.447 ], [ -5.356, 55.511 ], [ -5.374, 55.673 ], [ -5.217, 55.71 ] ] ], [ [ [ -6.128, 55.94 ], [ -6.075, 55.647 ], [ -6.342, 55.594 ], [ -6.263, 55.787 ], [ -6.525, 55.693 ], [ -6.455, 55.856 ], [ -6.128, 55.94 ] ] ], [ [ [ -5.709, 56.153 ], [ -5.967, 55.794 ], [ -6.091, 55.835 ], [ -5.853, 55.979 ], [ -5.966, 56.032 ], [ -5.709, 56.153 ] ] ], [ [ [ -6.275, 56.481 ], [ -6.142, 56.495 ], [ -6.33, 56.609 ], [ -6.125, 56.659 ], [ -5.955, 56.524 ], [ -5.801, 56.52 ], [ -5.65, 56.434 ], [ -6.329, 56.272 ], [ -5.984, 56.392 ], [ -6.275, 56.481 ] ] ], [ [ [ -6.315, 57.71 ], [ -6.142, 57.59 ], [ -6.172, 57.299 ], [ -5.67, 57.211 ], [ -6.023, 57.022 ], [ -5.841, 57.191 ], [ -6.328, 57.163 ], [ -6.483, 57.292 ], [ -6.391, 57.366 ], [ -6.791, 57.423 ], [ -6.586, 57.425 ], [ -6.637, 57.609 ], [ -6.318, 57.46 ], [ -6.43, 57.641 ], [ -6.315, 57.71 ] ] ], [ [ [ -6.257, 58.511 ], [ -6.167, 58.345 ], [ -6.382, 58.226 ], [ -6.157, 58.223 ], [ -6.581, 58.09 ], [ -6.39, 58.0 ], [ -6.656, 57.92 ], [ -6.592, 58.053 ], [ -6.7, 58.059 ], [ -6.742, 57.827 ], [ -6.973, 57.73 ], [ -7.122, 57.819 ], [ -6.822, 57.904 ], [ -7.112, 57.991 ], [ -6.91, 58.05 ], [ -7.098, 58.07 ], [ -7.041, 58.239 ], [ -6.864, 58.116 ], [ -6.894, 58.258 ], [ -6.719, 58.169 ], [ -6.805, 58.307 ], [ -6.257, 58.511 ] ] ], [ [ [ -3.351, 58.655 ], [ -3.027, 58.643 ], [ -3.11, 58.375 ], [ -4.091, 57.958 ], [ -4.021, 57.859 ], [ -4.408, 57.922 ], [ -4.053, 57.816 ], [ -3.779, 57.867 ], [ -4.467, 57.482 ], [ -3.29, 57.727 ], [ -2.01, 57.7 ], [ -1.775, 57.474 ], [ -2.023, 57.363 ], [ -2.054, 57.129 ], [ -2.558, 56.718 ], [ -2.444, 56.702 ], [ -2.547, 56.571 ], [ -3.361, 56.381 ], [ -2.819, 56.45 ], [ -2.893, 56.365 ], [ -2.601, 56.274 ], [ -3.401, 56.01 ], [ -3.679, 56.048 ], [ -3.8, 56.11 ], [ -3.854, 56.124 ], [ -3.875, 56.11 ], [ -3.727, 56.024 ], [ -3.073, 55.946 ], [ -2.665, 56.061 ], [ -2.147, 55.919 ], [ -1.639, 55.58 ], [ -1.574, 55.168 ], [ -1.158, 54.65 ], [ -1.246, 54.593 ], [ -0.596, 54.491 ], [ -0.082, 54.121 ], [ -0.204, 53.976 ], [ 0.119, 53.66 ], [ 0.149, 53.6 ], [ -0.295, 53.744 ], [ -0.626, 53.735 ], [ -0.708, 53.707 ], [ -0.301, 53.716 ], [ 0.161, 53.483 ], [ 0.339, 53.103 ], [ -0.0, 52.895 ], [ 0.367, 52.791 ], [ 0.539, 52.979 ], [ 1.304, 52.933 ], [ 1.688, 52.732 ], [ 1.759, 52.482 ], [ 1.573, 52.088 ], [ 1.052, 51.954 ], [ 1.283, 51.95 ], [ 1.229, 51.821 ], [ 0.686, 51.731 ], [ 0.929, 51.747 ], [ 0.815, 51.622 ], [ 0.924, 51.596 ], [ 0.548, 51.55 ], [ 0.344, 51.449 ], [ 1.437, 51.386 ], [ 1.392, 51.161 ], [ 0.964, 50.914 ], [ -0.799, 50.727 ], [ -1.479, 50.922 ], [ -1.311, 50.819 ], [ -2.048, 50.737 ], [ -1.93, 50.646 ], [ -2.06, 50.582 ], [ -2.427, 50.643 ], [ -2.466, 50.519 ], [ -2.799, 50.722 ], [ -3.484, 50.694 ], [ -3.658, 50.222 ], [ -4.205, 50.429 ], [ -4.195, 50.321 ], [ -5.039, 50.211 ], [ -5.202, 49.962 ], [ -5.495, 50.13 ], [ -5.68, 50.036 ], [ -5.677, 50.168 ], [ -5.439, 50.179 ], [ -4.571, 50.783 ], [ -4.533, 51.024 ], [ -4.077, 51.081 ], [ -4.233, 51.193 ], [ -3.012, 51.22 ], [ -2.98, 51.392 ], [ -2.351, 51.805 ], [ -3.34, 51.384 ], [ -3.837, 51.631 ], [ -4.304, 51.564 ], [ -4.081, 51.661 ], [ -4.347, 51.803 ], [ -4.925, 51.601 ], [ -5.126, 51.685 ], [ -4.94, 51.679 ], [ -4.934, 51.714 ], [ -5.256, 51.739 ], [ -5.105, 51.815 ], [ -5.317, 51.908 ], [ -4.212, 52.265 ], [ -3.948, 52.56 ], [ -4.134, 52.616 ], [ -3.939, 52.752 ], [ -4.155, 52.813 ], [ -4.06, 52.926 ], [ -4.771, 52.798 ], [ -4.204, 53.214 ], [ -3.318, 53.359 ], [ -3.284, 53.326 ], [ -3.061, 53.227 ], [ -3.205, 53.39 ], [ -3.047, 53.441 ], [ -2.936, 53.31 ], [ -2.756, 53.317 ], [ -3.108, 53.557 ], [ -2.839, 53.723 ], [ -3.061, 53.843 ], [ -3.015, 53.931 ], [ -2.982, 53.864 ], [ -2.953, 53.852 ], [ -2.916, 53.862 ], [ -3.001, 53.93 ], [ -2.795, 54.231 ], [ -3.035, 54.247 ], [ -3.153, 54.066 ], [ -3.228, 54.27 ], [ -3.326, 54.192 ], [ -3.641, 54.511 ], [ -3.404, 54.87 ], [ -3.06, 54.986 ], [ -3.603, 55.027 ], [ -3.6, 54.875 ], [ -3.987, 54.77 ], [ -4.054, 54.862 ], [ -4.108, 54.77 ], [ -4.205, 54.869 ], [ -4.458, 54.945 ], [ -4.386, 54.683 ], [ -4.851, 54.871 ], [ -4.96, 54.808 ], [ -4.854, 54.636 ], [ -4.965, 54.666 ], [ -5.186, 54.977 ], [ -4.994, 54.916 ], [ -4.997, 55.141 ], [ -4.626, 55.499 ], [ -4.907, 55.701 ], [ -4.881, 55.944 ], [ -4.493, 55.929 ], [ -4.857, 55.992 ], [ -4.755, 56.211 ], [ -4.919, 56.168 ], [ -4.979, 55.863 ], [ -5.123, 56.014 ], [ -5.075, 55.9 ], [ -5.189, 55.984 ], [ -5.317, 55.858 ], [ -5.294, 56.049 ], [ -4.923, 56.275 ], [ -5.056, 56.248 ], [ -5.449, 56.022 ], [ -5.315, 55.785 ], [ -5.607, 55.428 ], [ -5.519, 55.368 ], [ -5.804, 55.303 ], [ -5.676, 55.685 ], [ -5.485, 55.803 ], [ -5.437, 55.858 ], [ -5.669, 55.808 ], [ -5.485, 56.26 ], [ -5.665, 56.298 ], [ -5.247, 56.558 ], [ -5.415, 56.546 ], [ -5.326, 56.652 ], [ -4.986, 56.717 ], [ -5.25, 56.706 ], [ -5.096, 56.834 ], [ -5.202, 56.858 ], [ -5.336, 56.86 ], [ -5.124, 56.826 ], [ -5.686, 56.501 ], [ -6.012, 56.648 ], [ -5.538, 56.688 ], [ -6.236, 56.718 ], [ -5.755, 56.784 ], [ -5.871, 56.816 ], [ -5.854, 56.837 ], [ -5.731, 56.845 ], [ -5.675, 56.878 ], [ -5.927, 56.893 ], [ -5.826, 57.012 ], [ -5.635, 56.972 ], [ -5.509, 56.996 ], [ -5.722, 57.12 ], [ -5.523, 57.086 ], [ -5.387, 57.11 ], [ -5.695, 57.173 ], [ -5.43, 57.318 ], [ -5.526, 57.276 ], [ -5.734, 57.284 ], [ -5.681, 57.34 ], [ -5.527, 57.359 ], [ -5.44, 57.417 ], [ -5.825, 57.368 ], [ -5.845, 57.576 ], [ -5.649, 57.512 ], [ -5.513, 57.54 ], [ -5.82, 57.64 ], [ -5.674, 57.701 ], [ -5.814, 57.86 ], [ -5.218, 57.843 ], [ -5.406, 57.927 ], [ -5.36, 57.939 ], [ -5.074, 57.82 ], [ -5.458, 58.078 ], [ -5.241, 58.155 ], [ -5.309, 58.155 ], [ -5.407, 58.238 ], [ -5.378, 58.268 ], [ -4.943, 58.219 ], [ -5.183, 58.356 ], [ -4.991, 58.428 ], [ -5.128, 58.492 ], [ -5.012, 58.627 ], [ -4.661, 58.554 ], [ -4.753, 58.448 ], [ -4.445, 58.558 ], [ -4.482, 58.445 ], [ -3.351, 58.655 ] ] ], [ [ [ -3.198, 59.155 ], [ -3.01, 59.074 ], [ -3.107, 59.005 ], [ -2.715, 58.923 ], [ -3.357, 58.966 ], [ -3.198, 59.155 ] ] ], [ [ [ -1.217, 60.464 ], [ -1.055, 60.439 ], [ -1.289, 59.853 ], [ -1.402, 59.918 ], [ -1.302, 60.256 ], [ -1.475, 60.147 ], [ -1.712, 60.257 ], [ -1.379, 60.285 ], [ -1.272, 60.353 ], [ -1.475, 60.371 ], [ -1.217, 60.464 ] ] ] ] } },
{ "type": "Feature", "properties": { }, "geometry": { "type": "MultiPolygon", "coordinates": [ [ [ [ 22.968, 60.282 ], [ 22.862, 60.216 ], [ 22.767, 60.007 ], [ 22.379, 60.016 ], [ 22.624, 60.151 ], [ 22.421, 60.158 ], [ 22.475, 60.236 ], [ 22.546, 60.2 ], [ 22.968, 60.282 ] ] ], [ [ [ 19.926, 60.42 ], [ 20.288, 60.282 ], [ 19.934, 60.239 ], [ 20.243, 60.002 ], [ 19.744, 60.113 ], [ 19.649, 60.291 ], [ 19.839, 60.201 ], [ 19.932, 60.319 ], [ 19.791, 60.362 ], [ 19.926, 60.42 ] ] ], [ [ [ 21.771, 60.505 ], [ 21.86, 60.649 ], [ 21.585, 60.494 ], [ 21.217, 60.906 ], [ 21.445, 60.911 ], [ 21.302, 61.082 ], [ 21.617, 61.227 ], [ 21.453, 61.505 ], [ 21.634, 61.507 ], [ 21.494, 61.583 ], [ 21.724, 61.551 ], [ 21.284, 61.994 ], [ 21.453, 62.213 ], [ 21.112, 62.485 ], [ 21.233, 62.606 ], [ 21.089, 62.61 ], [ 21.123, 62.794 ], [ 21.692, 63.051 ], [ 21.512, 63.17 ], [ 21.576, 63.281 ], [ 22.003, 63.158 ], [ 22.366, 63.285 ], [ 22.202, 63.454 ], [ 22.405, 63.437 ], [ 22.297, 63.499 ], [ 22.324, 63.573 ], [ 22.412, 63.472 ], [ 22.615, 63.723 ], [ 22.937, 63.715 ], [ 22.7, 63.839 ], [ 23.01, 63.779 ], [ 23.072, 63.915 ], [ 23.423, 63.94 ], [ 23.407, 64.08 ], [ 23.62, 64.045 ], [ 24.544, 64.817 ], [ 25.33, 64.83 ], [ 25.202, 65.01 ], [ 25.45, 64.948 ], [ 25.485, 65.02 ], [ 25.228, 65.126 ], [ 25.332, 65.479 ], [ 24.49, 65.783 ], [ 24.153, 65.755 ], [ 23.932, 66.15 ], [ 23.667, 66.286 ], [ 23.645, 66.446 ], [ 24.016, 66.82 ], [ 23.579, 67.163 ], [ 23.786, 67.428 ], [ 23.41, 67.497 ], [ 23.656, 67.963 ], [ 22.834, 68.388 ], [ 22.038, 68.481 ], [ 20.557, 69.063 ], [ 21.06, 69.044 ], [ 21.041, 69.234 ], [ 21.644, 69.27 ], [ 22.374, 68.72 ], [ 23.161, 68.629 ], [ 23.959, 68.835 ], [ 24.904, 68.558 ], [ 25.142, 68.796 ], [ 25.655, 68.905 ], [ 25.902, 69.672 ], [ 26.465, 69.939 ], [ 27.963, 70.096 ], [ 28.428, 69.821 ], [ 29.135, 69.697 ], [ 29.336, 69.484 ], [ 28.825, 69.229 ], [ 28.927, 69.057 ], [ 28.435, 68.908 ], [ 28.804, 68.875 ], [ 28.45, 68.548 ], [ 28.66, 68.195 ], [ 29.335, 68.075 ], [ 30.035, 67.669 ], [ 29.03, 66.917 ], [ 30.101, 65.832 ], [ 30.123, 65.665 ], [ 29.734, 65.628 ], [ 29.881, 65.564 ], [ 29.61, 65.251 ], [ 29.893, 65.103 ], [ 29.596, 64.99 ], [ 29.754, 64.788 ], [ 30.086, 64.775 ], [ 30.053, 64.404 ], [ 30.551, 64.11 ], [ 29.981, 63.754 ], [ 31.231, 63.226 ], [ 31.581, 62.908 ], [ 30.948, 62.313 ], [ 27.746, 60.485 ], [ 26.446, 60.494 ], [ 26.542, 60.351 ], [ 26.072, 60.436 ], [ 26.118, 60.323 ], [ 25.79, 60.237 ], [ 25.677, 60.381 ], [ 24.847, 60.211 ], [ 24.417, 59.963 ], [ 24.483, 60.061 ], [ 24.313, 60.087 ], [ 23.395, 59.923 ], [ 23.486, 59.999 ], [ 23.47, 60.025 ], [ 23.249, 59.844 ], [ 22.923, 59.809 ], [ 23.233, 60.034 ], [ 23.034, 59.909 ], [ 22.885, 59.924 ], [ 22.819, 59.98 ], [ 22.82, 60.02 ], [ 22.984, 59.97 ], [ 23.264, 60.062 ], [ 22.875, 60.164 ], [ 23.04, 60.326 ], [ 22.536, 60.212 ], [ 22.649, 60.408 ], [ 21.771, 60.505 ] ] ] ] } },
{ "type": "Feature", "properties": { }, "geometry": { "type": "MultiPolygon", "coordinates": [ [ [ [ 23.192, 58.684 ], [ 23.396, 58.574 ], [ 23.129, 58.544 ], [ 23.29, 58.487 ], [ 23.31, 58.426 ], [ 22.301, 58.204 ], [ 22.054, 57.907 ], [ 21.978, 57.977 ], [ 22.216, 58.156 ], [ 21.831, 58.28 ], [ 22.023, 58.366 ], [ 21.842, 58.497 ], [ 22.107, 58.417 ], [ 22.539, 58.642 ], [ 23.138, 58.55 ], [ 23.192, 58.684 ] ] ], [ [ [ 22.593, 59.088 ], [ 23.069, 58.837 ], [ 22.563, 58.687 ], [ 22.394, 58.891 ], [ 22.039, 58.927 ], [ 22.593, 59.088 ] ] ], [ [ [ 25.697, 59.673 ], [ 28.205, 59.399 ], [ 27.423, 58.801 ], [ 27.474, 58.214 ], [ 27.827, 57.858 ], [ 27.543, 57.82 ], [ 27.322, 57.548 ], [ 26.909, 57.641 ], [ 26.522, 57.516 ], [ 26.05, 57.849 ], [ 25.294, 58.078 ], [ 24.354, 57.878 ], [ 24.553, 58.353 ], [ 24.118, 58.228 ], [ 23.501, 58.567 ], [ 23.524, 58.739 ], [ 23.762, 58.776 ], [ 23.441, 58.766 ], [ 23.425, 58.943 ], [ 23.664, 58.972 ], [ 23.404, 59.026 ], [ 23.508, 59.229 ], [ 24.084, 59.269 ], [ 24.037, 59.389 ], [ 24.36, 59.474 ], [ 24.792, 59.444 ], [ 24.796, 59.572 ], [ 25.441, 59.491 ], [ 25.697, 59.673 ] ] ] ] } },
{ "type": "Feature", "properties": { }, "geometry": { "type": "MultiPolygon", "coordinates": [ [ [ [ 11.265, 54.954 ], [ 11.747, 54.874 ], [ 11.864, 54.687 ], [ 11.499, 54.597 ], [ 10.964, 54.803 ], [ 11.265, 54.954 ] ] ], [ [ [ 11.845, 54.957 ], [ 12.17, 54.833 ], [ 11.977, 54.563 ], [ 11.706, 54.932 ], [ 11.845, 54.957 ] ] ], [ [ [ 14.94, 55.21 ], [ 15.158, 55.132 ], [ 15.121, 55.015 ], [ 14.685, 55.097 ], [ 14.772, 55.3 ], [ 14.94, 55.21 ] ] ], [ [ [ 10.427, 55.589 ], [ 10.545, 55.536 ], [ 10.566, 55.519 ], [ 10.494, 55.551 ], [ 10.428, 55.441 ], [ 10.631, 55.493 ], [ 10.597, 55.624 ], [ 10.754, 55.484 ], [ 10.668, 55.452 ], [ 10.592, 55.466 ], [ 10.546, 55.446 ], [ 10.86, 55.294 ], [ 10.746, 55.069 ], [ 10.079, 55.076 ], [ 10.175, 55.13 ], [ 9.978, 55.136 ], [ 9.681, 55.516 ], [ 10.427, 55.589 ] ] ], [ [ [ 12.421, 56.088 ], [ 12.635, 56.033 ], [ 12.598, 55.688 ], [ 12.236, 55.537 ], [ 12.459, 55.291 ], [ 12.033, 55.166 ], [ 12.185, 55.112 ], [ 12.051, 54.96 ], [ 11.623, 55.081 ], [ 11.835, 55.045 ], [ 11.718, 55.209 ], [ 11.249, 55.211 ], [ 11.098, 55.35 ], [ 11.22, 55.395 ], [ 11.154, 55.592 ], [ 10.936, 55.673 ], [ 11.111, 55.671 ], [ 10.88, 55.746 ], [ 11.532, 55.874 ], [ 11.52, 55.931 ], [ 11.303, 55.975 ], [ 11.289, 55.999 ], [ 11.778, 55.977 ], [ 11.658, 55.722 ], [ 11.815, 55.668 ], [ 11.941, 55.934 ], [ 12.07, 55.768 ], [ 11.994, 55.741 ], [ 11.935, 55.654 ], [ 12.084, 55.653 ], [ 12.123, 55.73 ], [ 12.045, 55.929 ], [ 11.856, 55.976 ], [ 12.421, 56.088 ] ] ], [ [ [ 10.436, 57.594 ], [ 10.56, 57.224 ], [ 10.293, 56.952 ], [ 10.337, 56.711 ], [ 10.194, 56.689 ], [ 10.443, 56.52 ], [ 10.863, 56.516 ], [ 10.918, 56.336 ], [ 10.539, 56.091 ], [ 10.352, 56.19 ], [ 10.52, 56.27 ], [ 10.356, 56.257 ], [ 10.197, 55.841 ], [ 9.858, 55.855 ], [ 10.052, 55.829 ], [ 10.035, 55.7 ], [ 9.544, 55.708 ], [ 9.862, 55.628 ], [ 9.502, 55.496 ], [ 9.695, 55.465 ], [ 9.516, 55.252 ], [ 9.717, 55.239 ], [ 9.429, 55.039 ], [ 9.738, 54.988 ], [ 9.752, 54.842 ], [ 8.652, 54.91 ], [ 8.626, 55.428 ], [ 8.076, 55.566 ], [ 8.128, 55.988 ], [ 8.18, 55.838 ], [ 8.383, 55.904 ], [ 8.24, 56.094 ], [ 8.111, 56.033 ], [ 8.162, 56.643 ], [ 8.559, 56.561 ], [ 8.239, 56.71 ], [ 8.256, 56.828 ], [ 8.623, 57.12 ], [ 9.397, 57.155 ], [ 9.953, 57.589 ], [ 10.661, 57.74 ], [ 10.436, 57.594 ] ] ] ] } },
{ "type": "Feature", "properties": { }, "geometry": { "type": "Polygon", "coordinates": [ [ [ -17.178, 32.867 ], [ -16.904, 32.838 ], [ -16.822, 32.768 ], [ -16.691, 32.753 ], [ -16.679, 32.739 ], [ -16.946, 32.633 ], [ -17.213, 32.737 ], [ -17.178, 32.867 ] ] ] } },
{ "type": "Feature", "properties": { }, "geometry": { "type": "Polygon", "coordinates": [ [ [ 22.311, 42.374 ], [ 22.866, 42.022 ], [ 23.034, 41.722 ], [ 22.964, 41.354 ], [ 22.768, 41.326 ], [ 22.711, 41.14 ], [ 22.062, 41.161 ], [ 21.593, 40.866 ], [ 20.732, 40.912 ], [ 20.452, 41.519 ], [ 20.785, 42.079 ], [ 22.311, 42.374 ] ] ] } },
{ "type": "Feature", "properties": { }, "geometry": { "type": "Polygon", "coordinates": [ [ [ 19.001, 43.559 ], [ 20.348, 42.923 ], [ 19.986, 42.744 ], [ 20.111, 42.654 ], [ 20.003, 42.51 ], [ 19.792, 42.483 ], [ 19.727, 42.661 ], [ 19.613, 42.578 ], [ 19.282, 42.18 ], [ 19.372, 41.853 ], [ 18.545, 42.418 ], [ 18.706, 42.395 ], [ 18.765, 42.487 ], [ 18.434, 42.484 ], [ 18.688, 43.255 ], [ 19.08, 43.312 ], [ 19.001, 43.559 ] ] ] } },
{ "type": "Feature", "properties": { }, "geometry": { "type": "Polygon", "coordinates": [ [ [ 12.455, 41.9 ], [ 12.448, 41.901 ], [ 12.446, 41.902 ], [ 12.458, 41.906 ], [ 12.455, 41.9 ] ] ] } },
{ "type": "Feature", "properties": { }, "geometry": { "type": "MultiPolygon", "coordinates": [ [ [ [ 17.05, 43.032 ], [ 17.69, 42.856 ], [ 17.844, 42.907 ], [ 18.397, 42.606 ], [ 18.53, 42.394 ], [ 17.893, 42.788 ], [ 17.05, 43.032 ] ] ], [ [ [ 16.374, 46.529 ], [ 17.86, 45.771 ], [ 18.441, 45.746 ], [ 18.9, 45.919 ], [ 18.897, 45.57 ], [ 19.102, 45.51 ], [ 18.972, 45.377 ], [ 19.449, 45.183 ], [ 19.086, 45.145 ], [ 19.156, 44.953 ], [ 18.962, 44.846 ], [ 18.679, 45.09 ], [ 17.84, 45.047 ], [ 16.931, 45.276 ], [ 16.53, 45.223 ], [ 16.342, 45.004 ], [ 15.79, 45.208 ], [ 15.747, 44.773 ], [ 16.056, 44.625 ], [ 16.233, 44.199 ], [ 17.291, 43.468 ], [ 17.719, 42.964 ], [ 16.477, 43.538 ], [ 15.961, 43.503 ], [ 15.956, 43.687 ], [ 15.845, 43.776 ], [ 16.0, 43.805 ], [ 15.979, 43.905 ], [ 15.827, 43.843 ], [ 15.82, 43.788 ], [ 15.875, 43.733 ], [ 15.696, 43.769 ], [ 15.202, 44.132 ], [ 15.108, 44.262 ], [ 15.272, 44.333 ], [ 15.627, 44.146 ], [ 14.987, 44.577 ], [ 14.845, 45.113 ], [ 14.543, 45.304 ], [ 14.324, 45.351 ], [ 13.922, 44.768 ], [ 13.59, 45.151 ], [ 13.507, 45.505 ], [ 14.191, 45.482 ], [ 14.588, 45.658 ], [ 14.826, 45.46 ], [ 15.335, 45.456 ], [ 15.398, 45.66 ], [ 15.254, 45.719 ], [ 15.686, 45.844 ], [ 15.611, 46.174 ], [ 16.305, 46.371 ], [ 16.374, 46.529 ] ] ] ] } },
{ "type": "Feature", "properties": { }, "geometry": { "type": "Polygon", "coordinates": [ [ [ 14.368, 35.998 ], [ 14.571, 35.873 ], [ 14.562, 35.82 ], [ 14.342, 35.874 ], [ 14.368, 35.998 ] ] ] } },
{ "type": "Feature", "properties": { }, "geometry": { "type": "Polygon", "coordinates": [ [ [ 12.458, 43.898 ], [ 12.402, 43.949 ], [ 12.51, 44.0 ], [ 12.498, 43.927 ], [ 12.458, 43.898 ] ] ] } },
{ "type": "Feature", "properties": { }, "geometry": { "type": "Polygon", "coordinates": [ [ [ 16.316, 46.858 ], [ 16.603, 46.472 ], [ 16.29, 46.527 ], [ 16.305, 46.371 ], [ 15.611, 46.174 ], [ 15.686, 45.844 ], [ 15.254, 45.719 ], [ 15.398, 45.66 ], [ 15.335, 45.456 ], [ 14.826, 45.46 ], [ 14.588, 45.658 ], [ 14.191, 45.482 ], [ 13.587, 45.481 ], [ 13.909, 45.634 ], [ 13.479, 46.004 ], [ 13.667, 46.182 ], [ 13.383, 46.3 ], [ 13.715, 46.523 ], [ 14.562, 46.378 ], [ 14.882, 46.612 ], [ 16.035, 46.661 ], [ 15.991, 46.835 ], [ 16.316, 46.858 ] ] ] } },
{ "type": "Feature", "properties": { }, "geometry": { "type": "MultiPolygon", "coordinates": [ [ [ [ 23.815, 35.539 ], [ 24.17, 35.596 ], [ 24.073, 35.493 ], [ 24.329, 35.354 ], [ 25.772, 35.343 ], [ 25.813, 35.115 ], [ 26.307, 35.318 ], [ 26.317, 35.185 ], [ 26.11, 34.998 ], [ 24.739, 34.925 ], [ 24.74, 35.082 ], [ 24.391, 35.194 ], [ 23.522, 35.29 ], [ 23.596, 35.627 ], [ 23.715, 35.51 ], [ 23.747, 35.693 ], [ 23.815, 35.539 ] ] ], [ [ [ 28.24, 36.435 ], [ 28.089, 36.057 ], [ 27.756, 35.881 ], [ 27.69, 36.156 ], [ 28.24, 36.435 ] ] ], [ [ [ 20.566, 38.475 ], [ 20.606, 38.299 ], [ 20.793, 38.064 ], [ 20.516, 38.103 ], [ 20.449, 38.282 ], [ 20.339, 38.182 ], [ 20.566, 38.475 ] ] ], [ [ [ 26.014, 38.603 ], [ 26.157, 38.555 ], [ 26.165, 38.329 ], [ 26.013, 38.154 ], [ 25.829, 38.545 ], [ 26.014, 38.603 ] ] ], [ [ [ 23.379, 39.011 ], [ 23.592, 38.767 ], [ 24.151, 38.658 ], [ 24.252, 38.235 ], [ 24.587, 38.162 ], [ 24.557, 37.981 ], [ 24.204, 38.092 ], [ 24.052, 38.392 ], [ 23.653, 38.403 ], [ 23.601, 38.571 ], [ 23.202, 38.837 ], [ 22.833, 38.833 ], [ 23.379, 39.011 ] ] ], [ [ [ 26.354, 39.379 ], [ 26.609, 39.015 ], [ 26.484, 39.122 ], [ 26.522, 38.976 ], [ 26.163, 39.01 ], [ 26.085, 39.083 ], [ 26.258, 39.209 ], [ 26.07, 39.092 ], [ 25.832, 39.193 ], [ 26.354, 39.379 ] ] ], [ [ [ 19.85, 39.824 ], [ 19.934, 39.481 ], [ 20.108, 39.364 ], [ 19.872, 39.457 ], [ 19.633, 39.755 ], [ 19.85, 39.824 ] ] ], [ [ [ 25.435, 40.018 ], [ 25.35, 39.783 ], [ 25.255, 39.916 ], [ 25.046, 39.837 ], [ 25.038, 39.994 ], [ 25.435, 40.018 ] ] ], [ [ [ 26.235, 41.753 ], [ 26.596, 41.615 ], [ 26.642, 41.391 ], [ 26.332, 41.261 ], [ 26.358, 40.954 ], [ 26.1, 40.743 ], [ 25.141, 41.012 ], [ 23.74, 40.755 ], [ 23.87, 40.422 ], [ 24.022, 40.458 ], [ 24.406, 40.166 ], [ 23.742, 40.36 ], [ 23.989, 39.947 ], [ 23.409, 40.285 ], [ 23.37, 40.155 ], [ 23.753, 39.923 ], [ 23.36, 39.956 ], [ 23.32, 40.232 ], [ 22.827, 40.483 ], [ 22.954, 40.638 ], [ 22.645, 40.549 ], [ 22.598, 40.023 ], [ 23.353, 39.19 ], [ 23.205, 39.1 ], [ 23.06, 39.096 ], [ 23.22, 39.192 ], [ 22.939, 39.362 ], [ 22.823, 39.222 ], [ 23.058, 39.021 ], [ 22.525, 38.86 ], [ 23.315, 38.645 ], [ 23.338, 38.5 ], [ 24.076, 38.204 ], [ 24.073, 37.688 ], [ 23.525, 38.047 ], [ 22.997, 37.882 ], [ 23.518, 37.432 ], [ 23.17, 37.289 ], [ 23.123, 37.451 ], [ 22.721, 37.562 ], [ 23.198, 36.438 ], [ 22.628, 36.809 ], [ 22.483, 36.388 ], [ 22.12, 37.031 ], [ 21.933, 36.984 ], [ 21.883, 36.72 ], [ 21.708, 36.817 ], [ 21.573, 37.067 ], [ 21.653, 37.437 ], [ 21.106, 37.853 ], [ 21.371, 38.216 ], [ 21.609, 38.146 ], [ 21.95, 38.332 ], [ 22.878, 37.939 ], [ 23.227, 38.155 ], [ 22.66, 38.385 ], [ 22.554, 38.287 ], [ 22.417, 38.443 ], [ 21.491, 38.301 ], [ 21.318, 38.497 ], [ 21.337, 38.386 ], [ 21.105, 38.342 ], [ 21.101, 38.552 ], [ 20.733, 38.855 ], [ 20.771, 38.957 ], [ 21.174, 38.869 ], [ 21.118, 39.041 ], [ 20.731, 38.952 ], [ 20.008, 39.693 ], [ 20.227, 39.648 ], [ 20.415, 39.816 ], [ 20.312, 39.991 ], [ 20.677, 40.096 ], [ 20.788, 40.429 ], [ 21.042, 40.558 ], [ 20.981, 40.855 ], [ 21.593, 40.866 ], [ 22.062, 41.161 ], [ 22.711, 41.14 ], [ 22.799, 41.341 ], [ 24.265, 41.58 ], [ 25.289, 41.242 ], [ 25.977, 41.323 ], [ 26.203, 41.448 ], [ 26.067, 41.701 ], [ 26.235, 41.753 ] ] ] ] } },
{ "type": "Feature", "properties": { }, "geometry": { "type": "MultiPolygon", "coordinates": [ [ [ [ 15.615, 38.275 ], [ 15.093, 37.491 ], [ 15.339, 37.01 ], [ 15.089, 36.653 ], [ 14.496, 36.789 ], [ 14.288, 37.045 ], [ 13.754, 37.15 ], [ 13.168, 37.494 ], [ 12.662, 37.565 ], [ 12.426, 37.802 ], [ 12.73, 38.192 ], [ 12.918, 38.03 ], [ 13.316, 38.228 ], [ 13.748, 37.976 ], [ 15.615, 38.275 ] ] ], [ [ [ 9.233, 41.26 ], [ 9.568, 41.123 ], [ 9.509, 41.015 ], [ 9.561, 41.041 ], [ 9.663, 40.999 ], [ 9.504, 40.916 ], [ 9.725, 40.849 ], [ 9.827, 40.54 ], [ 9.626, 40.248 ], [ 9.732, 40.073 ], [ 9.632, 39.304 ], [ 9.524, 39.104 ], [ 9.088, 39.23 ], [ 9.014, 38.991 ], [ 8.639, 38.869 ], [ 8.583, 39.051 ], [ 8.405, 38.966 ], [ 8.347, 39.085 ], [ 8.481, 39.088 ], [ 8.38, 39.462 ], [ 8.55, 39.861 ], [ 8.391, 39.913 ], [ 8.485, 40.3 ], [ 8.304, 40.595 ], [ 8.153, 40.576 ], [ 8.178, 40.938 ], [ 8.58, 40.842 ], [ 9.233, 41.26 ] ] ], [ [ [ 12.23, 47.079 ], [ 12.149, 46.916 ], [ 12.436, 46.692 ], [ 13.715, 46.523 ], [ 13.384, 46.296 ], [ 13.667, 46.182 ], [ 13.479, 46.004 ], [ 13.909, 45.634 ], [ 13.133, 45.771 ], [ 13.099, 45.634 ], [ 12.146, 45.386 ], [ 12.36, 45.006 ], [ 12.542, 44.962 ], [ 12.243, 44.723 ], [ 12.388, 44.227 ], [ 13.627, 43.552 ], [ 13.952, 42.724 ], [ 14.729, 42.094 ], [ 15.507, 41.909 ], [ 15.305, 41.882 ], [ 15.346, 41.865 ], [ 16.149, 41.911 ], [ 16.193, 41.777 ], [ 15.897, 41.619 ], [ 15.956, 41.463 ], [ 18.016, 40.641 ], [ 18.513, 40.13 ], [ 18.349, 39.789 ], [ 18.046, 39.931 ], [ 17.854, 40.282 ], [ 17.13, 40.519 ], [ 16.898, 40.434 ], [ 16.488, 39.779 ], [ 17.158, 39.401 ], [ 17.214, 39.026 ], [ 16.617, 38.814 ], [ 16.576, 38.424 ], [ 16.066, 37.923 ], [ 15.638, 38.017 ], [ 15.638, 38.231 ], [ 15.92, 38.505 ], [ 15.848, 38.655 ], [ 16.224, 38.856 ], [ 15.663, 40.039 ], [ 15.332, 40.0 ], [ 14.902, 40.246 ], [ 14.988, 40.413 ], [ 14.792, 40.664 ], [ 14.325, 40.576 ], [ 14.457, 40.744 ], [ 14.029, 40.793 ], [ 13.711, 41.25 ], [ 13.048, 41.225 ], [ 11.646, 42.288 ], [ 11.095, 42.397 ], [ 11.195, 42.504 ], [ 11.086, 42.639 ], [ 10.747, 42.929 ], [ 10.493, 42.938 ], [ 10.52, 43.269 ], [ 10.087, 44.021 ], [ 8.764, 44.43 ], [ 8.074, 43.894 ], [ 7.544, 43.787 ], [ 7.679, 44.182 ], [ 7.36, 44.121 ], [ 6.884, 44.369 ], [ 6.849, 44.533 ], [ 7.062, 44.713 ], [ 6.615, 45.111 ], [ 7.074, 45.228 ], [ 7.181, 45.409 ], [ 6.802, 45.83 ], [ 7.859, 45.935 ], [ 8.421, 46.464 ], [ 8.452, 46.259 ], [ 8.833, 46.093 ], [ 9.016, 45.826 ], [ 9.295, 46.503 ], [ 9.459, 46.504 ], [ 9.544, 46.311 ], [ 9.949, 46.383 ], [ 10.133, 46.231 ], [ 10.051, 46.539 ], [ 10.457, 46.542 ], [ 10.47, 46.862 ], [ 11.015, 46.77 ], [ 11.162, 46.966 ], [ 12.23, 47.079 ] ], [ [ 12.414, 43.907 ], [ 12.484, 43.908 ], [ 12.516, 43.996 ], [ 12.406, 43.954 ], [ 12.414, 43.907 ] ], [ [ 12.449, 41.901 ], [ 12.455, 41.9 ], [ 12.458, 41.906 ], [ 12.451, 41.907 ], [ 12.449, 41.901 ] ] ] ] } },
{ "type": "Feature", "properties": { }, "geometry": { "type": "Polygon", "coordinates": [ [ [ -8.182, 42.099 ], [ -8.095, 41.801 ], [ -7.893, 41.926 ], [ -7.424, 41.811 ], [ -7.16, 41.987 ], [ -6.571, 41.967 ], [ -6.554, 41.692 ], [ -6.183, 41.578 ], [ -6.93, 41.034 ], [ -6.776, 40.37 ], [ -7.016, 40.199 ], [ -6.864, 40.013 ], [ -7.006, 39.68 ], [ -7.525, 39.656 ], [ -6.953, 39.029 ], [ -7.331, 38.437 ], [ -7.083, 38.176 ], [ -6.934, 38.211 ], [ -7.521, 37.557 ], [ -7.402, 37.174 ], [ -7.875, 36.981 ], [ -8.503, 37.152 ], [ -8.946, 36.993 ], [ -8.725, 37.679 ], [ -8.906, 38.49 ], [ -8.8, 38.404 ], [ -8.622, 38.406 ], [ -8.744, 38.559 ], [ -9.217, 38.417 ], [ -9.266, 38.669 ], [ -9.044, 38.603 ], [ -8.978, 38.945 ], [ -8.939, 38.971 ], [ -8.915, 39.021 ], [ -8.816, 39.027 ], [ -8.752, 39.066 ], [ -8.719, 39.113 ], [ -8.934, 39.016 ], [ -9.13, 38.704 ], [ -9.496, 38.78 ], [ -9.407, 39.355 ], [ -9.07, 39.583 ], [ -8.608, 40.726 ], [ -8.656, 40.858 ], [ -8.722, 40.667 ], [ -8.751, 40.646 ], [ -8.643, 41.145 ], [ -8.83, 41.683 ], [ -8.733, 41.701 ], [ -8.708, 41.714 ], [ -8.873, 41.836 ], [ -8.628, 42.048 ], [ -8.182, 42.099 ] ] ] } },
{ "type": "Feature", "properties": { }, "geometry": { "type": "Polygon", "coordinates": [ [ [ 19.669, 46.184 ], [ 20.182, 46.16 ], [ 20.822, 45.776 ], [ 20.771, 45.479 ], [ 21.523, 45.158 ], [ 21.359, 45.021 ], [ 21.56, 44.889 ], [ 21.395, 44.779 ], [ 22.127, 44.477 ], [ 22.464, 44.715 ], [ 22.753, 44.564 ], [ 22.457, 44.475 ], [ 22.686, 44.25 ], [ 22.357, 43.81 ], [ 22.535, 43.47 ], [ 23.005, 43.188 ], [ 22.752, 42.891 ], [ 22.439, 42.824 ], [ 22.558, 42.48 ], [ 22.453, 42.332 ], [ 21.445, 42.276 ], [ 21.25, 42.091 ], [ 21.105, 42.206 ], [ 20.622, 41.852 ], [ 20.524, 42.212 ], [ 20.247, 42.325 ], [ 19.974, 42.715 ], [ 20.347, 42.923 ], [ 19.231, 43.481 ], [ 19.52, 43.583 ], [ 19.236, 44.013 ], [ 19.622, 44.05 ], [ 19.103, 44.371 ], [ 19.367, 44.887 ], [ 19.017, 44.855 ], [ 18.989, 44.906 ], [ 19.156, 44.953 ], [ 19.171, 45.2 ], [ 19.449, 45.183 ], [ 18.974, 45.374 ], [ 19.101, 45.513 ], [ 18.897, 45.57 ], [ 18.98, 45.745 ], [ 18.858, 45.861 ], [ 19.669, 46.184 ] ] ] } },
{ "type": "Feature", "properties": { }, "geometry": { "type": "Polygon", "coordinates": [ [ [ -5.34, 36.16 ], [ -5.34, 36.115 ], [ -5.344, 36.112 ], [ -5.357, 36.147 ], [ -5.34, 36.16 ] ] ] } },
{ "type": "Feature", "properties": { }, "geometry": { "type": "MultiPolygon", "coordinates": [ [ [ [ -15.428, 28.132 ], [ -15.433, 27.805 ], [ -15.784, 27.832 ], [ -15.714, 28.158 ], [ -15.428, 28.132 ] ] ], [ [ [ -16.127, 28.565 ], [ -16.541, 28.021 ], [ -16.696, 27.997 ], [ -16.914, 28.342 ], [ -16.127, 28.565 ] ] ], [ [ [ -13.883, 28.756 ], [ -13.921, 28.242 ], [ -14.503, 28.063 ], [ -14.218, 28.216 ], [ -13.883, 28.756 ] ] ], [ [ [ -17.914, 28.85 ], [ -17.722, 28.739 ], [ -17.833, 28.447 ], [ -18.003, 28.758 ], [ -17.914, 28.85 ] ] ], [ [ [ -13.46, 29.115 ], [ -13.541, 28.95 ], [ -13.869, 28.857 ], [ -13.469, 29.237 ], [ -13.46, 29.115 ] ] ], [ [ [ 1.549, 39.105 ], [ 1.405, 38.833 ], [ 1.227, 38.874 ], [ 1.296, 39.034 ], [ 1.549, 39.105 ] ] ], [ [ [ 3.203, 39.953 ], [ 3.135, 39.779 ], [ 3.471, 39.713 ], [ 3.066, 39.266 ], [ 2.672, 39.558 ], [ 2.363, 39.531 ], [ 2.777, 39.855 ], [ 3.203, 39.953 ] ] ], [ [ [ 4.093, 40.078 ], [ 4.28, 39.82 ], [ 3.813, 39.921 ], [ 3.822, 40.057 ], [ 4.093, 40.078 ] ] ], [ [ [ -7.675, 43.756 ], [ -7.049, 43.481 ], [ -6.235, 43.599 ], [ -6.102, 43.485 ], [ -5.844, 43.661 ], [ -4.508, 43.383 ], [ -3.587, 43.514 ], [ -2.978, 43.31 ], [ -2.75, 43.454 ], [ -2.295, 43.296 ], [ -1.792, 43.394 ], [ -1.393, 43.258 ], [ -1.436, 43.055 ], [ -0.767, 42.972 ], [ -0.561, 42.791 ], [ 0.678, 42.687 ], [ 0.703, 42.867 ], [ 1.356, 42.717 ], [ 1.474, 42.439 ], [ 2.659, 42.343 ], [ 3.032, 42.484 ], [ 3.315, 42.327 ], [ 3.039, 42.175 ], [ 3.226, 41.955 ], [ 2.93, 41.717 ], [ 2.119, 41.297 ], [ 0.992, 41.046 ], [ 0.707, 40.803 ], [ 0.856, 40.724 ], [ 0.793, 40.702 ], [ 0.684, 40.729 ], [ 0.592, 40.718 ], [ 0.784, 40.699 ], [ 0.893, 40.722 ], [ 0.542, 40.574 ], [ -0.326, 39.468 ], [ -0.148, 38.989 ], [ 0.231, 38.733 ], [ -0.503, 38.33 ], [ -0.859, 37.719 ], [ -0.716, 37.61 ], [ -1.321, 37.559 ], [ -1.823, 37.27 ], [ -2.124, 36.738 ], [ -2.357, 36.847 ], [ -2.708, 36.691 ], [ -4.398, 36.725 ], [ -4.636, 36.514 ], [ -5.178, 36.414 ], [ -5.61, 36.015 ], [ -6.031, 36.183 ], [ -6.434, 36.725 ], [ -6.332, 36.797 ], [ -6.324, 36.895 ], [ -6.231, 36.895 ], [ -6.195, 36.914 ], [ -6.085, 37.064 ], [ -6.336, 36.901 ], [ -6.382, 36.808 ], [ -6.918, 37.184 ], [ -6.843, 37.301 ], [ -6.979, 37.312 ], [ -6.914, 37.162 ], [ -7.387, 37.174 ], [ -7.521, 37.557 ], [ -6.934, 38.211 ], [ -7.083, 38.176 ], [ -7.331, 38.437 ], [ -6.963, 39.063 ], [ -7.525, 39.656 ], [ -7.006, 39.68 ], [ -6.864, 40.013 ], [ -7.016, 40.199 ], [ -6.776, 40.37 ], [ -6.93, 41.034 ], [ -6.184, 41.584 ], [ -6.554, 41.692 ], [ -6.571, 41.967 ], [ -8.13, 41.811 ], [ -8.191, 42.145 ], [ -8.87, 41.87 ], [ -8.893, 42.113 ], [ -8.812, 42.118 ], [ -8.841, 42.159 ], [ -8.606, 42.288 ], [ -8.607, 42.347 ], [ -8.865, 42.254 ], [ -8.66, 42.42 ], [ -8.935, 42.463 ], [ -8.741, 42.651 ], [ -9.036, 42.521 ], [ -8.876, 42.824 ], [ -9.084, 42.739 ], [ -9.291, 42.927 ], [ -8.905, 43.324 ], [ -8.3, 43.404 ], [ -8.205, 43.282 ], [ -8.166, 43.414 ], [ -8.307, 43.444 ], [ -8.203, 43.458 ], [ -8.158, 43.505 ], [ -8.331, 43.457 ], [ -8.317, 43.566 ], [ -7.675, 43.756 ] ] ] ] } },
{ "type": "Feature", "properties": { }, "geometry": { "type": "Polygon", "coordinates": [ [ [ 16.953, 45.256 ], [ 17.84, 45.047 ], [ 18.679, 45.09 ], [ 18.853, 44.855 ], [ 19.367, 44.887 ], [ 19.103, 44.373 ], [ 19.621, 44.052 ], [ 19.235, 44.01 ], [ 19.52, 43.583 ], [ 18.922, 43.512 ], [ 19.08, 43.312 ], [ 18.84, 43.348 ], [ 18.5, 42.995 ], [ 18.554, 42.581 ], [ 17.564, 42.926 ], [ 17.715, 42.988 ], [ 17.291, 43.468 ], [ 16.338, 44.099 ], [ 16.056, 44.625 ], [ 15.747, 44.773 ], [ 15.79, 45.208 ], [ 16.342, 45.004 ], [ 16.53, 45.223 ], [ 16.953, 45.256 ] ] ] } },
{ "type": "Feature", "properties": { }, "geometry": { "type": "Polygon", "coordinates": [ [ [ -25.777, 37.91 ], [ -25.587, 37.814 ], [ -25.134, 37.808 ], [ -25.687, 37.733 ], [ -25.777, 37.91 ] ] ] } },
{ "type": "Feature", "properties": { }, "geometry": { "type": "Polygon", "coordinates": [ [ [ 1.567, 42.653 ], [ 1.78, 42.572 ], [ 1.465, 42.441 ], [ 1.427, 42.592 ], [ 1.567, 42.653 ] ] ] } },
{ "type": "Feature", "properties": { }, "geometry": { "type": "Polygon", "coordinates": [ [ [ 19.725, 42.661 ], [ 19.792, 42.483 ], [ 20.078, 42.556 ], [ 20.524, 42.212 ], [ 20.625, 41.963 ], [ 20.457, 41.553 ], [ 20.515, 41.232 ], [ 20.732, 40.912 ], [ 20.968, 40.91 ], [ 21.057, 40.668 ], [ 20.677, 40.096 ], [ 20.312, 39.991 ], [ 20.414, 39.815 ], [ 20.22, 39.646 ], [ 19.982, 39.691 ], [ 19.858, 40.044 ], [ 19.47, 40.216 ], [ 19.288, 40.422 ], [ 19.487, 40.35 ], [ 19.302, 40.659 ], [ 19.532, 40.934 ], [ 19.44, 41.589 ], [ 19.623, 41.604 ], [ 19.282, 42.18 ], [ 19.725, 42.661 ] ] ] } },
{ "type": "Feature", "properties": { }, "geometry": { "type": "Polygon", "coordinates": [ [ [ 7.452, 43.762 ], [ 7.407, 43.732 ], [ 7.397, 43.74 ], [ 7.428, 43.768 ], [ 7.452, 43.762 ] ] ] } },
{ "type": "Feature", "properties": { }, "geometry": { "type": "MultiPolygon", "coordinates": [ [ [ [ 3.575, 51.396 ], [ 3.769, 51.343 ], [ 4.239, 51.352 ], [ 3.896, 51.208 ], [ 3.365, 51.299 ], [ 3.575, 51.396 ] ] ], [ [ [ 6.777, 53.467 ], [ 7.223, 53.209 ], [ 7.056, 52.644 ], [ 6.683, 52.555 ], [ 6.997, 52.467 ], [ 7.066, 52.246 ], [ 6.698, 52.072 ], [ 6.834, 51.985 ], [ 6.733, 51.898 ], [ 5.956, 51.836 ], [ 6.233, 51.404 ], [ 6.076, 51.243 ], [ 6.172, 51.159 ], [ 5.866, 51.05 ], [ 6.085, 50.924 ], [ 6.025, 50.754 ], [ 5.683, 50.761 ], [ 5.85, 51.152 ], [ 5.235, 51.262 ], [ 5.044, 51.487 ], [ 4.477, 51.479 ], [ 4.388, 51.359 ], [ 3.436, 51.526 ], [ 3.84, 51.606 ], [ 4.297, 51.455 ], [ 3.989, 51.591 ], [ 4.184, 51.605 ], [ 4.108, 51.643 ], [ 4.285, 51.633 ], [ 4.378, 51.657 ], [ 4.403, 51.694 ], [ 3.87, 51.772 ], [ 3.98, 51.844 ], [ 4.341, 51.705 ], [ 4.5, 51.684 ], [ 4.64, 51.711 ], [ 4.059, 51.839 ], [ 4.014, 51.964 ], [ 4.645, 52.468 ], [ 4.73, 52.962 ], [ 5.292, 52.739 ], [ 5.025, 52.63 ], [ 5.014, 52.376 ], [ 4.963, 52.387 ], [ 4.914, 52.384 ], [ 4.861, 52.422 ], [ 4.77, 52.431 ], [ 4.778, 52.406 ], [ 5.139, 52.329 ], [ 5.662, 52.613 ], [ 5.718, 52.84 ], [ 5.361, 52.887 ], [ 5.445, 53.22 ], [ 6.777, 53.467 ] ], [ [ 4.935, 51.448 ], [ 4.948, 51.447 ], [ 4.951, 51.454 ], [ 4.933, 51.45 ], [ 4.935, 51.448 ] ], [ [ 4.938, 51.445 ], [ 4.928, 51.439 ], [ 4.918, 51.446 ], [ 4.936, 51.429 ], [ 4.938, 51.445 ] ] ] ] } },
{ "type": "Feature", "properties": { }, "geometry": { "type": "Polygon", "coordinates": [ [ [ 6.06, 50.16 ], [ 6.243, 49.899 ], [ 6.527, 49.815 ], [ 6.375, 49.459 ], [ 5.816, 49.54 ], [ 5.91, 49.665 ], [ 5.735, 49.9 ], [ 6.06, 50.16 ] ] ] } },
{ "type": "Feature", "properties": { }, "geometry": { "type": "Polygon", "coordinates": [ [ [ 9.569, 47.177 ], [ 9.63, 47.092 ], [ 9.48, 47.059 ], [ 9.536, 47.274 ], [ 9.569, 47.177 ] ] ] } },
{ "type": "Feature", "properties": { }, "geometry": { "type": "MultiPolygon", "coordinates": [ [ [ [ 9.42, 43.021 ], [ 9.561, 42.189 ], [ 9.18, 41.372 ], [ 8.789, 41.569 ], [ 8.911, 41.698 ], [ 8.66, 41.751 ], [ 8.799, 41.903 ], [ 8.609, 41.904 ], [ 8.74, 42.061 ], [ 8.56, 42.153 ], [ 8.691, 42.275 ], [ 8.544, 42.378 ], [ 8.72, 42.59 ], [ 9.296, 42.681 ], [ 9.42, 43.021 ] ] ], [ [ [ 2.562, 51.068 ], [ 2.795, 50.727 ], [ 3.14, 50.791 ], [ 3.277, 50.535 ], [ 3.609, 50.492 ], [ 3.695, 50.311 ], [ 4.207, 50.273 ], [ 4.199, 49.958 ], [ 4.878, 50.155 ], [ 4.856, 49.792 ], [ 5.478, 49.494 ], [ 6.254, 49.509 ], [ 6.544, 49.434 ], [ 6.732, 49.168 ], [ 7.449, 49.183 ], [ 8.235, 48.969 ], [ 7.84, 48.642 ], [ 7.581, 48.121 ], [ 7.581, 47.582 ], [ 7.388, 47.438 ], [ 6.985, 47.502 ], [ 6.874, 47.359 ], [ 7.051, 47.336 ], [ 6.429, 46.929 ], [ 5.957, 46.204 ], [ 6.173, 46.175 ], [ 6.5, 46.461 ], [ 6.806, 46.431 ], [ 6.777, 46.151 ], [ 7.042, 45.954 ], [ 6.793, 45.756 ], [ 7.181, 45.409 ], [ 7.074, 45.228 ], [ 6.615, 45.111 ], [ 7.062, 44.713 ], [ 6.849, 44.533 ], [ 6.884, 44.369 ], [ 7.712, 44.077 ], [ 7.481, 43.757 ], [ 6.732, 43.416 ], [ 6.644, 43.176 ], [ 6.151, 43.03 ], [ 5.354, 43.214 ], [ 5.31, 43.368 ], [ 4.844, 43.341 ], [ 4.829, 43.379 ], [ 4.741, 43.429 ], [ 4.75, 43.473 ], [ 4.735, 43.522 ], [ 4.712, 43.558 ], [ 4.681, 43.581 ], [ 4.727, 43.441 ], [ 4.832, 43.339 ], [ 3.982, 43.553 ], [ 3.112, 43.124 ], [ 2.991, 42.962 ], [ 3.17, 42.444 ], [ 2.659, 42.343 ], [ 2.006, 42.362 ], [ 1.695, 42.634 ], [ 0.703, 42.867 ], [ 0.678, 42.687 ], [ -0.014, 42.694 ], [ -1.29, 43.124 ], [ -1.436, 43.055 ], [ -1.399, 43.264 ], [ -1.789, 43.356 ], [ -1.424, 43.661 ], [ -1.254, 44.551 ], [ -1.02, 44.655 ], [ -1.164, 44.773 ], [ -1.263, 44.628 ], [ -1.133, 45.515 ], [ -1.061, 45.568 ], [ -0.678, 45.077 ], [ -0.599, 45.015 ], [ -0.557, 45.042 ], [ -0.824, 45.49 ], [ -1.235, 45.689 ], [ -1.043, 45.737 ], [ -1.162, 45.854 ], [ -0.996, 45.927 ], [ -1.239, 46.166 ], [ -1.118, 46.295 ], [ -1.805, 46.487 ], [ -2.139, 46.817 ], [ -1.984, 47.032 ], [ -2.243, 47.134 ], [ -2.009, 47.316 ], [ -2.492, 47.27 ], [ -2.478, 47.513 ], [ -2.811, 47.486 ], [ -2.911, 47.541 ], [ -2.734, 47.54 ], [ -2.657, 47.61 ], [ -2.706, 47.638 ], [ -2.974, 47.657 ], [ -3.11, 47.47 ], [ -3.137, 47.739 ], [ -3.216, 47.641 ], [ -3.355, 47.683 ], [ -3.282, 47.686 ], [ -3.287, 47.785 ], [ -3.851, 47.784 ], [ -4.102, 47.971 ], [ -4.177, 47.795 ], [ -4.366, 47.79 ], [ -4.432, 47.967 ], [ -4.739, 48.042 ], [ -4.294, 48.106 ], [ -4.558, 48.171 ], [ -4.633, 48.283 ], [ -4.556, 48.343 ], [ -4.518, 48.284 ], [ -4.189, 48.3 ], [ -4.462, 48.33 ], [ -4.287, 48.441 ], [ -4.775, 48.333 ], [ -4.778, 48.511 ], [ -3.078, 48.887 ], [ -2.692, 48.498 ], [ -2.325, 48.691 ], [ -2.227, 48.564 ], [ -1.848, 48.716 ], [ -1.359, 48.637 ], [ -1.572, 48.751 ], [ -1.548, 49.225 ], [ -1.815, 49.387 ], [ -1.943, 49.733 ], [ -1.269, 49.704 ], [ -1.142, 49.317 ], [ -0.005, 49.325 ], [ 0.131, 49.404 ], [ 0.343, 49.432 ], [ 0.481, 49.476 ], [ 0.331, 49.447 ], [ 0.164, 49.454 ], [ 0.093, 49.476 ], [ 0.148, 49.466 ], [ 0.221, 49.472 ], [ 0.069, 49.517 ], [ 0.211, 49.717 ], [ 1.672, 50.185 ], [ 1.543, 50.282 ], [ 1.583, 50.873 ], [ 2.562, 51.068 ] ], [ [ 1.973, 42.492 ], [ 1.949, 42.46 ], [ 2.002, 42.449 ], [ 1.985, 42.496 ], [ 1.973, 42.492 ] ] ] ] } },
{ "type": "Feature", "properties": { }, "geometry": { "type": "MultiPolygon", "coordinates": [ [ [ [ 13.815, 54.167 ], [ 14.224, 53.927 ], [ 14.213, 53.865 ], [ 13.829, 53.85 ], [ 14.048, 53.994 ], [ 13.773, 54.018 ], [ 13.817, 54.094 ], [ 13.754, 54.157 ], [ 13.815, 54.167 ] ] ], [ [ [ 13.442, 54.675 ], [ 13.681, 54.563 ], [ 13.573, 54.47 ], [ 13.767, 54.343 ], [ 13.729, 54.276 ], [ 13.142, 54.283 ], [ 13.273, 54.481 ], [ 13.142, 54.547 ], [ 13.507, 54.485 ], [ 13.283, 54.646 ], [ 13.227, 54.588 ], [ 13.162, 54.561 ], [ 13.255, 54.661 ], [ 13.442, 54.675 ] ] ], [ [ [ 8.437, 55.051 ], [ 8.43, 54.88 ], [ 8.948, 54.903 ], [ 9.438, 54.796 ], [ 9.614, 54.879 ], [ 9.929, 54.796 ], [ 10.029, 54.553 ], [ 9.842, 54.472 ], [ 10.2, 54.458 ], [ 10.132, 54.316 ], [ 10.307, 54.436 ], [ 10.711, 54.306 ], [ 11.136, 54.39 ], [ 11.095, 54.195 ], [ 10.759, 54.053 ], [ 10.89, 53.979 ], [ 10.776, 53.891 ], [ 11.178, 54.014 ], [ 11.461, 53.899 ], [ 11.691, 54.154 ], [ 12.087, 54.184 ], [ 12.09, 54.111 ], [ 12.112, 54.095 ], [ 12.152, 54.093 ], [ 12.097, 54.178 ], [ 12.528, 54.485 ], [ 12.928, 54.429 ], [ 12.697, 54.433 ], [ 12.438, 54.38 ], [ 12.366, 54.268 ], [ 13.027, 54.44 ], [ 13.106, 54.284 ], [ 13.46, 54.088 ], [ 13.496, 54.125 ], [ 13.724, 54.164 ], [ 13.746, 54.028 ], [ 13.916, 53.92 ], [ 13.824, 53.873 ], [ 13.823, 53.841 ], [ 14.265, 53.748 ], [ 14.451, 53.264 ], [ 14.123, 52.841 ], [ 14.638, 52.577 ], [ 14.534, 52.391 ], [ 14.757, 52.069 ], [ 14.586, 51.824 ], [ 15.039, 51.271 ], [ 14.928, 50.994 ], [ 14.719, 50.826 ], [ 14.304, 51.059 ], [ 14.386, 50.902 ], [ 12.51, 50.39 ], [ 12.326, 50.172 ], [ 12.191, 50.321 ], [ 12.096, 50.249 ], [ 12.548, 49.923 ], [ 12.403, 49.755 ], [ 12.66, 49.434 ], [ 13.842, 48.773 ], [ 13.724, 48.517 ], [ 13.502, 48.594 ], [ 13.33, 48.325 ], [ 12.757, 48.125 ], [ 13.012, 47.85 ], [ 12.908, 47.73 ], [ 13.097, 47.647 ], [ 13.01, 47.473 ], [ 12.779, 47.674 ], [ 12.254, 47.744 ], [ 11.264, 47.404 ], [ 10.445, 47.588 ], [ 10.474, 47.439 ], [ 10.178, 47.276 ], [ 10.233, 47.383 ], [ 9.97, 47.55 ], [ 8.595, 47.805 ], [ 8.413, 47.675 ], [ 8.598, 47.675 ], [ 8.596, 47.6 ], [ 7.67, 47.54 ], [ 7.512, 47.701 ], [ 7.58, 48.118 ], [ 7.84, 48.642 ], [ 8.235, 48.969 ], [ 7.449, 49.183 ], [ 6.732, 49.168 ], [ 6.375, 49.459 ], [ 6.527, 49.815 ], [ 6.118, 50.079 ], [ 6.377, 50.45 ], [ 5.866, 51.05 ], [ 6.172, 51.159 ], [ 6.076, 51.243 ], [ 6.233, 51.404 ], [ 5.953, 51.83 ], [ 6.733, 51.898 ], [ 6.834, 51.985 ], [ 6.698, 52.072 ], [ 7.066, 52.246 ], [ 6.997, 52.467 ], [ 6.683, 52.555 ], [ 7.047, 52.636 ], [ 7.217, 53.005 ], [ 7.266, 53.331 ], [ 7.002, 53.361 ], [ 7.09, 53.58 ], [ 8.019, 53.712 ], [ 8.206, 53.406 ], [ 8.276, 53.613 ], [ 8.557, 53.543 ], [ 8.488, 53.48 ], [ 8.498, 53.364 ], [ 8.576, 53.539 ], [ 8.485, 53.683 ], [ 8.68, 53.894 ], [ 9.282, 53.858 ], [ 9.573, 53.599 ], [ 9.692, 53.551 ], [ 9.836, 53.546 ], [ 9.332, 53.859 ], [ 8.92, 53.93 ], [ 8.846, 54.036 ], [ 9.021, 54.09 ], [ 8.811, 54.177 ], [ 8.964, 54.315 ], [ 8.578, 54.317 ], [ 9.05, 54.477 ], [ 8.813, 54.475 ], [ 8.976, 54.535 ], [ 8.727, 54.725 ], [ 8.711, 54.677 ], [ 8.651, 54.644 ], [ 8.534, 54.63 ], [ 8.713, 54.697 ], [ 8.612, 54.884 ], [ 8.414, 54.85 ], [ 8.342, 54.882 ], [ 8.282, 54.747 ], [ 8.3, 54.921 ], [ 8.437, 55.051 ] ] ] ] } },
{ "type": "Feature", "properties": { }, "geometry": { "type": "Polygon", "coordinates": [ [ [ 8.629, 47.793 ], [ 9.659, 47.453 ], [ 9.48, 47.059 ], [ 10.105, 46.847 ], [ 10.491, 46.94 ], [ 10.464, 46.549 ], [ 10.103, 46.604 ], [ 10.072, 46.225 ], [ 9.956, 46.381 ], [ 9.584, 46.3 ], [ 9.295, 46.503 ], [ 9.016, 45.826 ], [ 8.833, 46.093 ], [ 8.452, 46.259 ], [ 8.443, 46.464 ], [ 7.859, 45.935 ], [ 7.103, 45.867 ], [ 6.669, 46.46 ], [ 5.962, 46.154 ], [ 6.152, 46.361 ], [ 6.103, 46.58 ], [ 7.051, 47.336 ], [ 6.874, 47.359 ], [ 6.985, 47.502 ], [ 8.596, 47.6 ], [ 8.413, 47.675 ], [ 8.629, 47.793 ] ], [ [ 8.668, 47.69 ], [ 8.696, 47.696 ], [ 8.721, 47.693 ], [ 8.681, 47.714 ], [ 8.668, 47.69 ] ] ] } },
{ "type": "Feature", "properties": { }, "geometry": { "type": "Polygon", "coordinates": [ [ [ 4.829, 51.434 ], [ 5.044, 51.487 ], [ 5.235, 51.262 ], [ 5.85, 51.152 ], [ 5.683, 50.761 ], [ 6.113, 50.723 ], [ 6.377, 50.45 ], [ 6.401, 50.324 ], [ 5.963, 50.172 ], [ 5.735, 49.9 ], [ 5.875, 49.576 ], [ 5.478, 49.494 ], [ 4.856, 49.792 ], [ 4.878, 50.155 ], [ 4.51, 49.95 ], [ 4.149, 49.979 ], [ 4.207, 50.273 ], [ 3.695, 50.311 ], [ 3.609, 50.492 ], [ 3.277, 50.535 ], [ 3.14, 50.791 ], [ 2.795, 50.727 ], [ 2.547, 51.093 ], [ 3.198, 51.349 ], [ 3.896, 51.208 ], [ 4.477, 51.479 ], [ 4.829, 51.434 ] ] ] } },
{ "type": "Feature", "properties": { }, "geometry": { "type": "Polygon", "coordinates": [ [ [ 15.037, 49.012 ], [ 16.922, 48.695 ], [ 16.848, 48.372 ], [ 17.163, 48.008 ], [ 17.024, 47.865 ], [ 17.091, 47.711 ], [ 16.45, 47.691 ], [ 16.713, 47.535 ], [ 16.449, 47.401 ], [ 16.516, 47.007 ], [ 15.991, 46.835 ], [ 16.035, 46.661 ], [ 15.039, 46.653 ], [ 14.562, 46.378 ], [ 12.436, 46.692 ], [ 12.149, 46.916 ], [ 12.184, 47.095 ], [ 11.162, 46.966 ], [ 10.987, 46.768 ], [ 10.49, 46.852 ], [ 10.388, 47.002 ], [ 10.105, 46.847 ], [ 9.604, 47.062 ], [ 9.536, 47.274 ], [ 9.673, 47.388 ], [ 9.544, 47.543 ], [ 9.787, 47.593 ], [ 10.227, 47.388 ], [ 10.178, 47.276 ], [ 10.474, 47.439 ], [ 10.445, 47.588 ], [ 11.264, 47.404 ], [ 12.254, 47.744 ], [ 12.779, 47.674 ], [ 13.01, 47.473 ], [ 13.097, 47.647 ], [ 12.908, 47.73 ], [ 13.012, 47.85 ], [ 12.762, 48.129 ], [ 13.33, 48.325 ], [ 13.502, 48.594 ], [ 13.724, 48.517 ], [ 13.842, 48.773 ], [ 14.319, 48.543 ], [ 14.7, 48.586 ], [ 14.808, 48.779 ], [ 14.989, 48.767 ], [ 15.037, 49.012 ] ] ] } },
{ "type": "Feature", "properties": { }, "geometry": { "type": "Polygon", "coordinates": [ [ [ 167.926, -28.996 ], [ 167.996, -29.028 ], [ 167.986, -29.056 ], [ 167.92, -29.052 ], [ 167.926, -28.996 ] ] ] } },
{ "type": "Feature", "properties": { }, "geometry": { "type": "MultiPolygon", "coordinates": [ [ [ [ 166.19, -50.523 ], [ 166.283, -50.582 ], [ 166.075, -50.717 ], [ 166.231, -50.85 ], [ 165.889, -50.839 ], [ 166.19, -50.523 ] ] ], [ [ [ 167.883, -46.688 ], [ 168.163, -46.895 ], [ 167.994, -46.866 ], [ 167.917, -46.968 ], [ 168.194, -46.918 ], [ 168.219, -47.093 ], [ 167.454, -47.275 ], [ 167.71, -47.041 ], [ 167.721, -46.711 ], [ 167.883, -46.688 ] ] ], [ [ [ -176.623, -43.702 ], [ -176.195, -43.739 ], [ -176.418, -43.927 ], [ -176.383, -43.785 ], [ -176.555, -43.744 ], [ -176.329, -44.053 ], [ -176.635, -44.122 ], [ -176.591, -43.833 ], [ -176.897, -43.827 ], [ -176.623, -43.702 ] ] ], [ [ [ 172.7, -40.5 ], [ 172.924, -40.518 ], [ 173.019, -40.555 ], [ 172.752, -40.519 ], [ 172.653, -40.656 ], [ 173.061, -40.861 ], [ 173.0, -41.15 ], [ 173.191, -41.334 ], [ 173.835, -40.93 ], [ 173.857, -40.991 ], [ 173.96, -40.9 ], [ 174.018, -40.916 ], [ 173.869, -41.021 ], [ 173.773, -41.026 ], [ 173.948, -41.067 ], [ 173.779, -41.156 ], [ 173.863, -41.182 ], [ 173.755, -41.267 ], [ 173.821, -41.298 ], [ 173.862, -41.224 ], [ 173.973, -41.22 ], [ 174.119, -41.175 ], [ 173.874, -41.214 ], [ 174.045, -41.113 ], [ 173.964, -40.989 ], [ 174.309, -40.996 ], [ 174.199, -41.187 ], [ 173.906, -41.281 ], [ 174.314, -41.217 ], [ 174.03, -41.447 ], [ 174.272, -41.749 ], [ 173.255, -42.942 ], [ 172.673, -43.192 ], [ 172.807, -43.59 ], [ 172.683, -43.609 ], [ 172.653, -43.641 ], [ 173.049, -43.653 ], [ 173.107, -43.834 ], [ 172.38, -43.853 ], [ 171.342, -44.282 ], [ 171.151, -44.93 ], [ 170.596, -45.711 ], [ 170.71, -45.784 ], [ 170.506, -45.884 ], [ 170.667, -45.834 ], [ 170.725, -45.773 ], [ 170.746, -45.87 ], [ 170.166, -46.035 ], [ 169.58, -46.578 ], [ 168.328, -46.626 ], [ 168.227, -46.517 ], [ 168.385, -46.486 ], [ 168.337, -46.399 ], [ 168.277, -46.501 ], [ 168.127, -46.348 ], [ 167.782, -46.389 ], [ 167.679, -46.137 ], [ 166.771, -46.229 ], [ 166.604, -46.154 ], [ 166.708, -46.109 ], [ 166.907, -45.927 ], [ 166.7, -46.079 ], [ 166.556, -46.077 ], [ 166.758, -45.97 ], [ 166.699, -45.862 ], [ 166.44, -46.0 ], [ 166.444, -45.818 ], [ 166.847, -45.775 ], [ 166.969, -45.719 ], [ 166.722, -45.731 ], [ 166.96, -45.608 ], [ 166.719, -45.596 ], [ 166.978, -45.564 ], [ 166.872, -45.545 ], [ 166.941, -45.521 ], [ 167.004, -45.488 ], [ 166.665, -45.58 ], [ 166.745, -45.4 ], [ 166.775, -45.392 ], [ 166.876, -45.44 ], [ 166.897, -45.432 ], [ 166.797, -45.309 ], [ 167.156, -45.464 ], [ 167.0, -45.313 ], [ 167.185, -45.315 ], [ 167.162, -45.246 ], [ 167.001, -45.273 ], [ 166.97, -45.133 ], [ 167.301, -45.045 ], [ 167.129, -44.983 ], [ 167.327, -44.842 ], [ 167.375, -44.996 ], [ 167.436, -44.98 ], [ 167.353, -44.825 ], [ 167.529, -44.879 ], [ 167.493, -44.75 ], [ 167.745, -44.581 ], [ 167.777, -44.572 ], [ 167.893, -44.683 ], [ 167.921, -44.679 ], [ 167.813, -44.496 ], [ 168.366, -44.007 ], [ 168.807, -43.969 ], [ 170.832, -42.86 ], [ 171.14, -42.562 ], [ 171.455, -41.753 ], [ 171.743, -41.699 ], [ 172.058, -41.391 ], [ 172.107, -40.886 ], [ 172.7, -40.5 ] ] ], [ [ [ 173.01, -34.421 ], [ 173.251, -34.981 ], [ 173.395, -34.78 ], [ 173.426, -34.982 ], [ 174.076, -35.116 ], [ 174.115, -35.168 ], [ 174.004, -35.137 ], [ 173.967, -35.218 ], [ 174.107, -35.34 ], [ 174.331, -35.172 ], [ 174.59, -35.856 ], [ 174.473, -35.981 ], [ 174.866, -36.367 ], [ 174.676, -36.416 ], [ 174.844, -36.966 ], [ 175.035, -36.874 ], [ 175.28, -36.99 ], [ 175.336, -37.208 ], [ 175.559, -37.188 ], [ 175.4, -36.472 ], [ 175.605, -36.758 ], [ 175.819, -36.727 ], [ 175.669, -36.838 ], [ 175.665, -36.874 ], [ 175.824, -36.86 ], [ 175.987, -37.471 ], [ 176.63, -37.844 ], [ 177.288, -38.003 ], [ 177.988, -37.538 ], [ 178.551, -37.683 ], [ 178.336, -38.018 ], [ 178.286, -38.527 ], [ 177.939, -38.717 ], [ 177.993, -39.12 ], [ 177.862, -39.269 ], [ 177.858, -39.072 ], [ 177.694, -39.054 ], [ 177.043, -39.199 ], [ 176.876, -39.449 ], [ 177.086, -39.652 ], [ 176.869, -40.13 ], [ 175.958, -41.248 ], [ 175.438, -41.578 ], [ 174.913, -41.44 ], [ 174.886, -41.236 ], [ 174.612, -41.288 ], [ 175.244, -40.502 ], [ 175.11, -40.035 ], [ 173.776, -39.382 ], [ 173.852, -39.154 ], [ 174.563, -38.832 ], [ 174.844, -37.797 ], [ 174.764, -37.341 ], [ 174.153, -36.472 ], [ 174.445, -36.645 ], [ 174.432, -36.34 ], [ 174.356, -36.408 ], [ 174.254, -36.377 ], [ 174.255, -36.324 ], [ 174.387, -36.324 ], [ 174.503, -36.248 ], [ 174.317, -36.313 ], [ 174.427, -36.158 ], [ 174.37, -36.11 ], [ 174.32, -36.224 ], [ 174.273, -36.115 ], [ 174.162, -36.144 ], [ 174.23, -36.261 ], [ 173.975, -36.115 ], [ 174.179, -36.331 ], [ 174.038, -36.394 ], [ 173.049, -35.189 ], [ 173.157, -35.008 ], [ 172.639, -34.473 ], [ 173.01, -34.421 ] ] ] ] } },
{ "type": "Feature", "properties": { }, "geometry": { "type": "Polygon", "coordinates": [ [ [ 96.829, -12.157 ], [ 96.821, -12.181 ], [ 96.863, -12.201 ], [ 96.82, -12.183 ], [ 96.82, -12.135 ], [ 96.829, -12.157 ] ] ] } },
{ "type": "Feature", "properties": { }, "geometry": { "type": "Polygon", "coordinates": [ [ [ 105.704, -10.416 ], [ 105.667, -10.567 ], [ 105.534, -10.512 ], [ 105.551, -10.441 ], [ 105.704, -10.416 ] ] ] } },
{ "type": "Feature", "properties": { }, "geometry": { "type": "MultiPolygon", "coordinates": [ [ [ [ 148.012, -43.222 ], [ 147.863, -43.108 ], [ 147.798, -43.242 ], [ 147.618, -43.008 ], [ 147.86, -43.057 ], [ 147.906, -42.842 ], [ 148.012, -43.222 ] ] ], [ [ [ 145.091, -40.848 ], [ 145.26, -40.712 ], [ 145.288, -40.851 ], [ 146.389, -41.238 ], [ 146.532, -41.118 ], [ 146.565, -41.251 ], [ 146.607, -41.259 ], [ 146.61, -41.158 ], [ 146.567, -41.164 ], [ 146.564, -41.146 ], [ 146.768, -41.079 ], [ 146.771, -41.165 ], [ 147.121, -41.444 ], [ 146.787, -41.054 ], [ 148.079, -40.769 ], [ 148.35, -40.993 ], [ 148.236, -41.323 ], [ 148.359, -41.281 ], [ 148.198, -41.442 ], [ 148.347, -42.223 ], [ 148.292, -42.281 ], [ 148.298, -42.126 ], [ 148.221, -42.069 ], [ 148.157, -42.074 ], [ 148.241, -41.986 ], [ 148.064, -42.068 ], [ 148.235, -42.098 ], [ 148.124, -42.092 ], [ 148.097, -42.097 ], [ 148.073, -42.112 ], [ 148.072, -42.111 ], [ 148.062, -42.113 ], [ 148.061, -42.113 ], [ 148.061, -42.114 ], [ 148.062, -42.115 ], [ 148.061, -42.116 ], [ 148.055, -42.115 ], [ 148.047, -42.118 ], [ 147.791, -42.903 ], [ 147.448, -42.756 ], [ 147.613, -42.846 ], [ 147.504, -42.864 ], [ 147.554, -42.986 ], [ 147.521, -43.021 ], [ 147.419, -43.05 ], [ 147.484, -42.91 ], [ 147.263, -42.73 ], [ 147.257, -42.757 ], [ 147.199, -42.725 ], [ 147.112, -42.776 ], [ 147.208, -42.741 ], [ 147.322, -42.832 ], [ 147.345, -43.049 ], [ 147.168, -43.283 ], [ 146.984, -43.189 ], [ 147.056, -43.04 ], [ 147.034, -43.011 ], [ 147.023, -43.011 ], [ 147.007, -43.015 ], [ 147.002, -43.017 ], [ 146.95, -43.164 ], [ 147.1, -43.29 ], [ 146.871, -43.639 ], [ 146.559, -43.465 ], [ 146.031, -43.571 ], [ 145.921, -43.381 ], [ 146.166, -43.419 ], [ 146.135, -43.377 ], [ 146.21, -43.364 ], [ 146.209, -43.376 ], [ 146.216, -43.386 ], [ 146.22, -43.389 ], [ 146.223, -43.389 ], [ 146.232, -43.323 ], [ 146.004, -43.335 ], [ 145.94, -43.15 ], [ 145.927, -43.3 ], [ 145.839, -43.314 ], [ 145.263, -42.622 ], [ 145.177, -42.193 ], [ 145.474, -42.526 ], [ 145.648, -42.436 ], [ 145.671, -42.562 ], [ 145.718, -42.59 ], [ 145.741, -42.591 ], [ 145.673, -42.443 ], [ 145.346, -42.207 ], [ 145.356, -42.194 ], [ 145.385, -42.198 ], [ 145.388, -42.197 ], [ 145.391, -42.194 ], [ 145.397, -42.196 ], [ 145.411, -42.198 ], [ 145.42, -42.197 ], [ 145.424, -42.19 ], [ 145.432, -42.192 ], [ 145.434, -42.189 ], [ 145.449, -42.2 ], [ 145.47, -42.197 ], [ 145.471, -42.196 ], [ 145.471, -42.193 ], [ 145.468, -42.188 ], [ 145.47, -42.187 ], [ 145.472, -42.185 ], [ 145.477, -42.186 ], [ 145.483, -42.184 ], [ 145.485, -42.187 ], [ 145.487, -42.187 ], [ 145.492, -42.185 ], [ 145.492, -42.18 ], [ 145.498, -42.178 ], [ 145.5, -42.176 ], [ 145.308, -42.149 ], [ 145.223, -42.219 ], [ 145.268, -42.023 ], [ 144.911, -41.691 ], [ 145.005, -41.618 ], [ 144.975, -41.629 ], [ 144.918, -41.668 ], [ 144.746, -41.421 ], [ 144.659, -41.057 ], [ 144.775, -41.084 ], [ 144.775, -41.07 ], [ 144.78, -41.071 ], [ 144.782, -41.066 ], [ 144.774, -41.07 ], [ 144.772, -41.075 ], [ 144.682, -41.037 ], [ 144.66, -41.053 ], [ 144.607, -41.009 ], [ 144.727, -40.649 ], [ 145.091, -40.848 ] ], [ [ 145.035, -41.618 ], [ 145.051, -41.63 ], [ 145.054, -41.631 ], [ 145.059, -41.627 ], [ 145.062, -41.648 ], [ 145.081, -41.657 ], [ 145.104, -41.656 ], [ 145.104, -41.644 ], [ 145.051, -41.601 ], [ 145.005, -41.618 ], [ 145.035, -41.618 ] ], [ [ 144.79, -41.07 ], [ 144.791, -41.069 ], [ 144.782, -41.066 ], [ 144.79, -41.07 ] ], [ [ 144.792, -41.069 ], [ 144.792, -41.064 ], [ 144.791, -41.061 ], [ 144.79, -41.062 ], [ 144.791, -41.069 ], [ 144.792, -41.069 ] ], [ [ 144.795, -41.059 ], [ 144.795, -41.054 ], [ 144.794, -41.054 ], [ 144.791, -41.061 ], [ 144.795, -41.059 ] ], [ [ 144.801, -41.064 ], [ 144.801, -41.062 ], [ 144.798, -41.056 ], [ 144.797, -41.054 ], [ 144.795, -41.054 ], [ 144.801, -41.064 ] ], [ [ 144.798, -41.066 ], [ 144.798, -41.067 ], [ 144.796, -41.072 ], [ 144.801, -41.064 ], [ 144.798, -41.066 ] ], [ [ 144.791, -41.086 ], [ 144.795, -41.08 ], [ 144.796, -41.072 ], [ 144.791, -41.086 ] ], [ [ 144.791, -41.087 ], [ 144.793, -41.089 ], [ 144.799, -41.09 ], [ 144.791, -41.086 ], [ 144.791, -41.087 ] ] ], [ [ [ 148.291, -39.965 ], [ 148.334, -40.21 ], [ 148.089, -40.269 ], [ 147.859, -40.023 ], [ 147.748, -39.874 ], [ 147.943, -39.72 ], [ 148.291, -39.965 ] ] ], [ [ [ 144.138, -39.934 ], [ 143.925, -40.158 ], [ 143.833, -39.916 ], [ 143.95, -39.579 ], [ 144.138, -39.934 ] ] ], [ [ [ 137.578, -35.726 ], [ 137.78, -35.724 ], [ 137.803, -35.758 ], [ 137.746, -35.801 ], [ 137.754, -35.843 ], [ 137.941, -35.716 ], [ 138.134, -35.844 ], [ 137.741, -35.853 ], [ 137.461, -36.075 ], [ 136.705, -36.064 ], [ 136.534, -35.886 ], [ 136.587, -35.749 ], [ 137.626, -35.563 ], [ 137.578, -35.726 ] ] ], [ [ [ 113.22, -26.037 ], [ 113.216, -26.163 ], [ 112.966, -25.78 ], [ 113.0, -25.5 ], [ 113.22, -26.037 ] ] ], [ [ [ 153.36, -25.007 ], [ 153.049, -25.796 ], [ 152.992, -25.221 ], [ 153.219, -25.002 ], [ 153.119, -24.815 ], [ 153.256, -24.697 ], [ 153.36, -25.007 ] ] ], [ [ [ 151.239, -23.488 ], [ 151.285, -23.797 ], [ 151.215, -23.794 ], [ 151.13, -23.669 ], [ 151.046, -23.621 ], [ 151.06, -23.449 ], [ 151.239, -23.488 ] ] ], [ [ [ 139.712, -16.532 ], [ 139.547, -16.461 ], [ 139.438, -16.675 ], [ 139.162, -16.665 ], [ 139.551, -16.391 ], [ 139.712, -16.532 ] ] ], [ [ [ 136.725, -13.842 ], [ 136.841, -13.745 ], [ 136.924, -13.807 ], [ 136.707, -14.169 ], [ 136.931, -14.144 ], [ 136.952, -14.303 ], [ 136.325, -14.246 ], [ 136.409, -13.831 ], [ 136.729, -13.657 ], [ 136.725, -13.842 ] ] ], [ [ [ 130.376, -11.507 ], [ 130.613, -11.821 ], [ 130.049, -11.824 ], [ 130.077, -11.669 ], [ 130.306, -11.733 ], [ 130.148, -11.482 ], [ 130.344, -11.323 ], [ 130.376, -11.507 ] ] ], [ [ [ 130.706, -11.514 ], [ 130.824, -11.538 ], [ 130.705, -11.385 ], [ 131.209, -11.344 ], [ 131.258, -11.19 ], [ 131.543, -11.454 ], [ 130.949, -11.94 ], [ 130.493, -11.655 ], [ 130.403, -11.167 ], [ 130.706, -11.514 ] ] ], [ [ [ 153.021, -25.83 ], [ 152.994, -25.881 ], [ 153.032, -25.878 ], [ 152.997, -25.935 ], [ 153.031, -25.934 ], [ 153.024, -25.941 ], [ 153.005, -25.952 ], [ 153.002, -25.951 ], [ 153.001, -25.952 ], [ 152.998, -25.953 ], [ 152.998, -25.954 ], [ 153.009, -25.956 ], [ 152.999, -25.969 ], [ 153.017, -25.997 ], [ 153.066, -25.886 ], [ 153.046, -25.808 ], [ 153.192, -25.933 ], [ 153.025, -26.988 ], [ 153.161, -27.377 ], [ 153.11, -27.439 ], [ 153.05, -27.44 ], [ 153.004, -27.475 ], [ 152.995, -27.49 ], [ 153.021, -27.501 ], [ 153.0, -27.507 ], [ 152.998, -27.515 ], [ 153.008, -27.521 ], [ 152.971, -27.505 ], [ 152.966, -27.514 ], [ 152.974, -27.543 ], [ 152.972, -27.506 ], [ 153.01, -27.523 ], [ 153.023, -27.5 ], [ 153.005, -27.476 ], [ 153.112, -27.442 ], [ 153.202, -27.353 ], [ 153.293, -27.702 ], [ 153.439, -27.736 ], [ 153.343, -27.91 ], [ 153.571, -28.199 ], [ 153.639, -28.636 ], [ 153.032, -30.499 ], [ 153.065, -31.057 ], [ 152.513, -32.117 ], [ 152.54, -32.443 ], [ 152.205, -32.701 ], [ 151.968, -32.654 ], [ 152.187, -32.741 ], [ 151.787, -32.92 ], [ 151.794, -32.883 ], [ 151.775, -32.902 ], [ 151.775, -32.89 ], [ 151.744, -32.877 ], [ 151.734, -32.878 ], [ 151.661, -33.084 ], [ 151.644, -32.975 ], [ 151.608, -32.966 ], [ 151.51, -33.138 ], [ 151.636, -33.069 ], [ 151.639, -33.176 ], [ 151.417, -33.523 ], [ 151.259, -33.571 ], [ 151.237, -33.454 ], [ 151.074, -33.448 ], [ 151.247, -33.578 ], [ 151.186, -33.592 ], [ 151.149, -33.655 ], [ 151.312, -33.667 ], [ 151.305, -33.635 ], [ 151.332, -33.623 ], [ 151.316, -33.602 ], [ 151.323, -33.579 ], [ 151.335, -33.582 ], [ 151.343, -33.625 ], [ 151.315, -33.696 ], [ 151.27, -33.715 ], [ 151.301, -33.823 ], [ 151.261, -33.818 ], [ 151.231, -33.773 ], [ 151.204, -33.772 ], [ 151.051, -33.824 ], [ 151.281, -33.833 ], [ 151.266, -33.968 ], [ 150.812, -34.507 ], [ 150.834, -35.074 ], [ 150.679, -35.024 ], [ 150.757, -35.168 ], [ 150.54, -35.217 ], [ 150.177, -35.703 ], [ 149.873, -37.083 ], [ 150.052, -37.262 ], [ 149.977, -37.505 ], [ 149.485, -37.775 ], [ 147.788, -37.955 ], [ 146.883, -38.635 ], [ 146.212, -38.693 ], [ 146.293, -38.905 ], [ 146.479, -38.793 ], [ 146.483, -39.061 ], [ 146.374, -39.137 ], [ 146.134, -38.837 ], [ 145.921, -38.91 ], [ 145.766, -38.667 ], [ 145.372, -38.536 ], [ 145.549, -38.372 ], [ 145.489, -38.233 ], [ 145.255, -38.223 ], [ 145.234, -38.41 ], [ 144.937, -38.497 ], [ 144.652, -38.304 ], [ 144.923, -38.349 ], [ 145.118, -38.144 ], [ 144.927, -37.84 ], [ 144.362, -38.105 ], [ 144.692, -38.12 ], [ 144.672, -38.265 ], [ 144.332, -38.323 ], [ 143.511, -38.858 ], [ 142.373, -38.349 ], [ 141.742, -38.253 ], [ 141.401, -38.395 ], [ 141.128, -38.116 ], [ 140.396, -37.92 ], [ 139.74, -37.182 ], [ 139.671, -36.953 ], [ 139.855, -36.661 ], [ 139.414, -35.927 ], [ 138.768, -35.522 ], [ 138.096, -35.625 ], [ 138.441, -35.35 ], [ 138.566, -34.825 ], [ 138.093, -34.133 ], [ 137.759, -35.114 ], [ 136.849, -35.282 ], [ 137.014, -34.893 ], [ 137.449, -34.91 ], [ 137.45, -34.136 ], [ 137.977, -33.559 ], [ 137.811, -33.266 ], [ 138.054, -33.115 ], [ 137.952, -33.006 ], [ 137.944, -32.758 ], [ 137.838, -32.696 ], [ 137.868, -32.664 ], [ 137.803, -32.608 ], [ 137.836, -32.575 ], [ 137.782, -32.55 ], [ 137.766, -32.44 ], [ 137.757, -32.419 ], [ 137.75, -32.415 ], [ 137.787, -33.0 ], [ 137.452, -33.131 ], [ 137.213, -33.661 ], [ 136.593, -33.9 ], [ 136.092, -34.543 ], [ 135.932, -34.529 ], [ 135.786, -34.809 ], [ 136.007, -34.736 ], [ 135.947, -35.005 ], [ 135.109, -34.588 ], [ 135.206, -34.429 ], [ 135.366, -34.642 ], [ 135.517, -34.612 ], [ 135.389, -34.595 ], [ 135.183, -33.879 ], [ 134.83, -33.625 ], [ 134.704, -33.176 ], [ 134.369, -33.176 ], [ 134.358, -33.125 ], [ 134.276, -33.025 ], [ 134.358, -33.148 ], [ 134.327, -33.199 ], [ 134.061, -32.908 ], [ 134.064, -32.715 ], [ 134.29, -32.696 ], [ 134.184, -32.483 ], [ 133.849, -32.542 ], [ 133.951, -32.389 ], [ 133.614, -32.086 ], [ 133.126, -32.209 ], [ 132.747, -31.949 ], [ 132.201, -32.027 ], [ 131.149, -31.464 ], [ 130.806, -31.606 ], [ 129.045, -31.676 ], [ 127.229, -32.274 ], [ 125.961, -32.286 ], [ 124.239, -33.018 ], [ 123.976, -33.559 ], [ 123.528, -33.942 ], [ 123.163, -34.017 ], [ 123.023, -33.857 ], [ 122.114, -34.017 ], [ 122.001, -33.829 ], [ 121.362, -33.815 ], [ 120.042, -33.923 ], [ 119.597, -34.135 ], [ 119.457, -34.289 ], [ 119.576, -34.387 ], [ 119.254, -34.535 ], [ 118.912, -34.463 ], [ 118.195, -35.023 ], [ 117.949, -34.944 ], [ 117.848, -35.045 ], [ 117.92, -35.041 ], [ 118.021, -35.108 ], [ 117.948, -35.128 ], [ 117.332, -35.023 ], [ 117.466, -35.021 ], [ 117.455, -34.967 ], [ 116.63, -35.061 ], [ 116.002, -34.842 ], [ 115.578, -34.422 ], [ 115.177, -34.266 ], [ 115.133, -34.376 ], [ 114.976, -33.864 ], [ 115.004, -33.53 ], [ 115.367, -33.639 ], [ 115.666, -33.322 ], [ 115.685, -32.266 ], [ 115.732, -32.056 ], [ 115.902, -32.028 ], [ 115.974, -31.894 ], [ 115.774, -31.989 ], [ 115.78, -32.019 ], [ 115.756, -32.026 ], [ 115.758, -32.039 ], [ 115.737, -32.053 ], [ 115.724, -32.054 ], [ 115.686, -31.654 ], [ 115.054, -30.505 ], [ 114.872, -29.117 ], [ 114.175, -28.111 ], [ 114.182, -27.68 ], [ 113.965, -27.231 ], [ 113.156, -26.152 ], [ 113.27, -26.242 ], [ 113.299, -26.016 ], [ 113.327, -26.337 ], [ 113.4, -26.418 ], [ 113.364, -26.017 ], [ 113.664, -26.674 ], [ 113.883, -26.508 ], [ 113.414, -25.725 ], [ 113.511, -25.503 ], [ 113.762, -25.879 ], [ 113.703, -26.2 ], [ 113.877, -25.945 ], [ 114.077, -26.467 ], [ 114.238, -26.313 ], [ 114.267, -25.888 ], [ 113.674, -25.043 ], [ 113.39, -24.224 ], [ 113.778, -23.478 ], [ 113.826, -22.956 ], [ 113.654, -22.579 ], [ 114.024, -21.851 ], [ 114.191, -21.815 ], [ 114.125, -22.512 ], [ 114.34, -22.516 ], [ 114.648, -21.845 ], [ 115.508, -21.54 ], [ 116.205, -20.834 ], [ 116.241, -20.877 ], [ 116.299, -20.889 ], [ 116.495, -20.851 ], [ 116.811, -20.529 ], [ 116.828, -20.709 ], [ 117.183, -20.592 ], [ 117.382, -20.784 ], [ 117.81, -20.674 ], [ 118.182, -20.336 ], [ 118.855, -20.291 ], [ 119.1, -19.959 ], [ 119.569, -20.08 ], [ 121.114, -19.539 ], [ 121.815, -18.451 ], [ 122.37, -18.116 ], [ 122.378, -17.99 ], [ 122.175, -17.974 ], [ 122.173, -17.264 ], [ 122.48, -16.895 ], [ 122.508, -16.954 ], [ 122.528, -16.948 ], [ 122.554, -16.962 ], [ 122.572, -16.956 ], [ 122.602, -16.971 ], [ 122.612, -16.965 ], [ 122.579, -16.762 ], [ 122.846, -16.792 ], [ 122.742, -16.683 ], [ 122.925, -16.389 ], [ 123.039, -16.359 ], [ 122.954, -16.58 ], [ 123.58, -17.584 ], [ 123.584, -17.033 ], [ 123.648, -17.0 ], [ 123.862, -17.217 ], [ 123.912, -17.212 ], [ 123.796, -17.004 ], [ 123.959, -16.852 ], [ 123.796, -16.912 ], [ 123.503, -16.659 ], [ 123.615, -16.554 ], [ 123.512, -16.598 ], [ 123.513, -16.568 ], [ 123.468, -16.518 ], [ 123.429, -16.511 ], [ 123.429, -16.499 ], [ 123.663, -16.491 ], [ 123.509, -16.38 ], [ 123.717, -16.372 ], [ 123.558, -16.176 ], [ 123.771, -16.171 ], [ 123.871, -16.447 ], [ 123.884, -16.304 ], [ 123.988, -16.37 ], [ 123.91, -16.21 ], [ 124.124, -16.28 ], [ 124.41, -16.543 ], [ 124.387, -16.346 ], [ 124.449, -16.411 ], [ 124.841, -16.434 ], [ 124.917, -16.421 ], [ 124.949, -16.392 ], [ 124.395, -16.339 ], [ 124.444, -16.065 ], [ 124.508, -16.206 ], [ 124.742, -15.822 ], [ 124.496, -15.997 ], [ 124.418, -15.549 ], [ 124.674, -15.498 ], [ 124.705, -15.253 ], [ 125.421, -15.696 ], [ 125.07, -15.44 ], [ 125.119, -15.256 ], [ 124.898, -15.34 ], [ 125.056, -15.164 ], [ 124.876, -15.262 ], [ 124.834, -15.158 ], [ 125.074, -14.976 ], [ 125.163, -15.151 ], [ 125.481, -15.155 ], [ 125.358, -15.108 ], [ 125.482, -14.999 ], [ 125.214, -14.97 ], [ 125.334, -14.881 ], [ 125.21, -14.865 ], [ 125.141, -14.748 ], [ 125.364, -14.506 ], [ 125.43, -14.641 ], [ 125.599, -14.563 ], [ 125.598, -14.237 ], [ 125.73, -14.281 ], [ 125.649, -14.65 ], [ 125.804, -14.444 ], [ 125.936, -14.646 ], [ 126.17, -14.146 ], [ 126.011, -13.926 ], [ 126.216, -13.968 ], [ 126.217, -14.043 ], [ 126.16, -14.058 ], [ 126.15, -14.068 ], [ 126.151, -14.08 ], [ 126.254, -14.239 ], [ 126.537, -13.934 ], [ 126.449, -14.084 ], [ 126.602, -14.236 ], [ 126.706, -13.973 ], [ 126.905, -13.985 ], [ 126.806, -13.93 ], [ 126.743, -13.792 ], [ 126.767, -13.776 ], [ 126.963, -13.742 ], [ 127.143, -13.982 ], [ 127.43, -13.943 ], [ 128.222, -14.721 ], [ 127.999, -15.518 ], [ 128.128, -15.184 ], [ 128.258, -15.306 ], [ 128.292, -15.46 ], [ 128.327, -15.505 ], [ 128.342, -15.501 ], [ 128.194, -15.094 ], [ 128.314, -14.926 ], [ 128.362, -15.067 ], [ 128.41, -15.032 ], [ 128.358, -14.885 ], [ 128.449, -15.002 ], [ 128.422, -14.882 ], [ 128.502, -14.978 ], [ 128.418, -14.795 ], [ 129.072, -14.894 ], [ 129.158, -15.198 ], [ 129.302, -15.037 ], [ 129.228, -14.839 ], [ 129.683, -15.145 ], [ 129.5, -14.79 ], [ 129.592, -14.891 ], [ 129.578, -14.798 ], [ 129.803, -14.858 ], [ 129.903, -14.773 ], [ 129.672, -14.763 ], [ 129.584, -14.616 ], [ 129.692, -14.613 ], [ 129.772, -14.539 ], [ 129.526, -14.552 ], [ 129.367, -14.338 ], [ 129.479, -14.048 ], [ 129.557, -14.142 ], [ 129.746, -13.975 ], [ 129.817, -13.502 ], [ 130.278, -13.335 ], [ 130.128, -12.974 ], [ 130.338, -12.89 ], [ 130.352, -12.67 ], [ 130.624, -12.775 ], [ 130.739, -12.711 ], [ 130.586, -12.684 ], [ 130.546, -12.634 ], [ 130.579, -12.405 ], [ 130.895, -12.682 ], [ 130.947, -12.471 ], [ 130.816, -12.407 ], [ 131.055, -12.348 ], [ 131.031, -12.146 ], [ 131.225, -12.285 ], [ 131.297, -12.043 ], [ 131.427, -12.275 ], [ 132.07, -12.304 ], [ 132.629, -12.085 ], [ 132.655, -11.686 ], [ 132.5, -11.682 ], [ 132.617, -11.655 ], [ 132.494, -11.483 ], [ 132.114, -11.54 ], [ 131.763, -11.317 ], [ 131.973, -11.128 ], [ 132.17, -11.42 ], [ 132.136, -11.122 ], [ 132.284, -11.277 ], [ 132.333, -11.116 ], [ 132.669, -11.516 ], [ 132.918, -11.332 ], [ 133.191, -11.729 ], [ 133.611, -11.843 ], [ 133.916, -11.742 ], [ 133.94, -11.77 ], [ 133.847, -11.813 ], [ 133.823, -11.838 ], [ 133.83, -11.865 ], [ 134.127, -11.897 ], [ 134.168, -12.115 ], [ 134.246, -11.985 ], [ 134.491, -12.077 ], [ 134.748, -11.949 ], [ 135.213, -12.295 ], [ 135.366, -12.085 ], [ 135.91, -11.952 ], [ 135.652, -12.202 ], [ 135.713, -12.266 ], [ 135.706, -12.31 ], [ 135.715, -12.316 ], [ 136.046, -12.063 ], [ 135.928, -12.222 ], [ 136.061, -12.241 ], [ 136.021, -12.486 ], [ 136.26, -12.456 ], [ 136.359, -12.23 ], [ 136.167, -12.163 ], [ 136.563, -11.877 ], [ 136.446, -11.999 ], [ 136.648, -12.27 ], [ 136.782, -12.159 ], [ 136.979, -12.345 ], [ 136.773, -12.556 ], [ 136.794, -12.45 ], [ 136.721, -12.458 ], [ 136.622, -12.839 ], [ 136.464, -12.772 ], [ 136.668, -13.004 ], [ 136.455, -12.978 ], [ 136.567, -13.059 ], [ 136.468, -13.248 ], [ 136.331, -13.325 ], [ 136.333, -13.034 ], [ 136.182, -13.281 ], [ 136.145, -13.121 ], [ 135.89, -13.316 ], [ 135.884, -13.72 ], [ 136.082, -13.66 ], [ 135.903, -14.192 ], [ 135.382, -14.726 ], [ 135.469, -14.968 ], [ 136.24, -15.416 ], [ 136.317, -15.626 ], [ 136.724, -15.696 ], [ 136.706, -15.931 ], [ 136.978, -15.851 ], [ 137.73, -16.232 ], [ 138.195, -16.696 ], [ 139.039, -16.912 ], [ 139.306, -17.365 ], [ 140.019, -17.718 ], [ 140.596, -17.596 ], [ 140.887, -17.382 ], [ 141.274, -16.553 ], [ 141.665, -15.035 ], [ 141.467, -13.864 ], [ 141.695, -13.27 ], [ 141.583, -12.997 ], [ 141.894, -12.594 ], [ 141.592, -12.559 ], [ 141.85, -11.984 ], [ 141.915, -12.165 ], [ 142.012, -12.039 ], [ 142.133, -10.948 ], [ 142.531, -10.688 ], [ 142.482, -10.978 ], [ 142.589, -10.868 ], [ 142.788, -11.081 ], [ 142.856, -11.846 ], [ 143.244, -11.969 ], [ 143.08, -12.341 ], [ 143.438, -12.612 ], [ 143.351, -12.899 ], [ 143.544, -12.843 ], [ 143.532, -13.755 ], [ 143.777, -14.393 ], [ 144.029, -14.481 ], [ 144.516, -14.167 ], [ 144.693, -14.567 ], [ 145.352, -14.951 ], [ 145.228, -15.462 ], [ 145.477, -16.076 ], [ 145.41, -16.459 ], [ 145.779, -16.94 ], [ 145.849, -16.871 ], [ 145.958, -16.897 ], [ 145.889, -17.058 ], [ 146.149, -17.649 ], [ 146.016, -18.245 ], [ 146.338, -18.527 ], [ 146.29, -18.892 ], [ 146.883, -19.304 ], [ 147.016, -19.182 ], [ 147.126, -19.422 ], [ 147.441, -19.421 ], [ 147.414, -19.313 ], [ 147.671, -19.828 ], [ 147.824, -19.71 ], [ 148.353, -20.163 ], [ 148.563, -20.067 ], [ 148.769, -20.236 ], [ 148.93, -20.534 ], [ 148.857, -20.528 ], [ 148.824, -20.426 ], [ 148.756, -20.419 ], [ 148.662, -20.586 ], [ 148.843, -20.876 ], [ 149.227, -21.063 ], [ 149.179, -21.285 ], [ 149.299, -21.273 ], [ 149.297, -21.511 ], [ 149.485, -21.532 ], [ 149.597, -22.281 ], [ 150.047, -22.661 ], [ 149.913, -22.346 ], [ 149.998, -22.146 ], [ 150.549, -22.617 ], [ 150.54, -22.351 ], [ 150.666, -22.454 ], [ 150.65, -22.369 ], [ 150.669, -22.347 ], [ 150.835, -22.684 ], [ 150.857, -23.621 ], [ 151.027, -23.572 ], [ 151.04, -23.637 ], [ 151.122, -23.671 ], [ 151.173, -23.816 ], [ 151.427, -23.987 ], [ 151.438, -24.077 ], [ 151.765, -24.016 ], [ 152.044, -24.525 ], [ 152.468, -24.816 ], [ 152.547, -25.205 ], [ 152.914, -25.293 ], [ 152.824, -25.494 ], [ 152.849, -25.498 ], [ 152.934, -25.432 ], [ 152.956, -25.434 ], [ 152.936, -25.744 ], [ 153.021, -25.83 ] ], [ [ 152.966, -27.543 ], [ 152.955, -27.53 ], [ 152.939, -27.525 ], [ 152.927, -27.529 ], [ 152.925, -27.541 ], [ 152.903, -27.544 ], [ 152.902, -27.548 ], [ 152.906, -27.554 ], [ 152.894, -27.56 ], [ 152.893, -27.577 ], [ 152.896, -27.586 ], [ 152.905, -27.601 ], [ 152.895, -27.579 ], [ 152.907, -27.556 ], [ 152.904, -27.545 ], [ 152.974, -27.545 ], [ 152.974, -27.543 ], [ 152.966, -27.543 ] ], [ [ 152.874, -27.579 ], [ 152.869, -27.582 ], [ 152.862, -27.597 ], [ 152.856, -27.596 ], [ 152.862, -27.598 ], [ 152.874, -27.58 ], [ 152.905, -27.601 ], [ 152.874, -27.579 ] ], [ [ 128.511, -15.014 ], [ 128.519, -15.015 ], [ 128.502, -14.978 ], [ 128.511, -15.014 ] ], [ [ 151.685, -32.824 ], [ 151.73, -32.837 ], [ 151.743, -32.848 ], [ 151.767, -32.852 ], [ 151.797, -32.819 ], [ 151.685, -32.824 ] ], [ [ 151.554, -33.226 ], [ 151.565, -33.234 ], [ 151.586, -33.208 ], [ 151.565, -33.195 ], [ 151.554, -33.226 ] ], [ [ 151.444, -33.424 ], [ 151.448, -33.43 ], [ 151.447, -33.425 ], [ 151.454, -33.416 ], [ 151.444, -33.424 ] ], [ [ 151.331, -33.5 ], [ 151.377, -33.5 ], [ 151.369, -33.439 ], [ 151.334, -33.429 ], [ 151.331, -33.5 ] ], [ [ 151.421, -33.463 ], [ 151.426, -33.471 ], [ 151.435, -33.464 ], [ 151.433, -33.455 ], [ 151.421, -33.463 ] ], [ [ 151.324, -33.484 ], [ 151.309, -33.467 ], [ 151.318, -33.486 ], [ 151.302, -33.497 ], [ 151.324, -33.484 ] ], [ [ 151.015, -33.983 ], [ 151.042, -34.029 ], [ 151.112, -34.005 ], [ 151.042, -33.951 ], [ 151.015, -33.983 ] ], [ [ 150.541, -35.119 ], [ 150.66, -35.125 ], [ 150.658, -35.105 ], [ 150.587, -35.088 ], [ 150.541, -35.119 ] ] ] ] } },
{ "type": "Feature", "properties": { }, "geometry": { "type": "Polygon", "coordinates": [ [ [ 122.971, -12.245 ], [ 122.964, -12.243 ], [ 122.963, -12.241 ], [ 122.969, -12.241 ], [ 122.971, -12.245 ] ] ] } },
{ "type": "Feature", "properties": { }, "geometry": { "type": "MultiPolygon", "coordinates": [ [ [ [ 153.267, -11.37 ], [ 153.688, -11.514 ], [ 153.769, -11.623 ], [ 153.257, -11.51 ], [ 153.267, -11.37 ] ] ], [ [ [ 150.808, -9.737 ], [ 151.108, -10.041 ], [ 151.27, -9.919 ], [ 151.22, -10.193 ], [ 150.956, -10.1 ], [ 150.808, -9.737 ] ] ], [ [ [ 150.487, -9.331 ], [ 150.795, -9.417 ], [ 150.925, -9.685 ], [ 150.441, -9.639 ], [ 150.487, -9.331 ] ] ], [ [ [ 150.233, -9.198 ], [ 150.386, -9.391 ], [ 150.341, -9.524 ], [ 150.105, -9.375 ], [ 150.233, -9.198 ] ] ], [ [ [ 152.509, -8.994 ], [ 152.789, -9.007 ], [ 153.019, -9.162 ], [ 152.733, -9.263 ], [ 152.509, -8.994 ] ] ], [ [ [ 147.792, -5.461 ], [ 148.084, -5.632 ], [ 148.016, -5.83 ], [ 147.759, -5.606 ], [ 147.792, -5.461 ] ] ], [ [ [ 154.807, -5.495 ], [ 155.06, -5.543 ], [ 155.458, -6.155 ], [ 155.814, -6.365 ], [ 155.962, -6.695 ], [ 155.913, -6.802 ], [ 155.591, -6.861 ], [ 155.247, -6.637 ], [ 155.209, -6.318 ], [ 154.734, -5.927 ], [ 154.668, -5.44 ], [ 154.807, -5.495 ] ] ], [ [ [ 152.204, -4.203 ], [ 152.165, -4.307 ], [ 152.399, -4.333 ], [ 152.377, -4.685 ], [ 152.218, -4.974 ], [ 151.949, -4.999 ], [ 152.083, -5.444 ], [ 151.805, -5.587 ], [ 151.468, -5.521 ], [ 151.503, -5.68 ], [ 151.18, -5.958 ], [ 150.457, -6.251 ], [ 149.599, -6.288 ], [ 149.325, -6.054 ], [ 149.037, -6.162 ], [ 149.027, -6.014 ], [ 148.32, -5.693 ], [ 148.421, -5.442 ], [ 149.876, -5.516 ], [ 150.09, -4.998 ], [ 150.089, -5.515 ], [ 150.899, -5.484 ], [ 151.346, -4.915 ], [ 151.681, -4.877 ], [ 151.492, -4.211 ], [ 151.944, -4.344 ], [ 151.984, -4.2 ], [ 152.204, -4.203 ] ] ], [ [ [ 141.007, -2.609 ], [ 142.536, -3.235 ], [ 143.513, -3.441 ], [ 144.087, -3.835 ], [ 144.529, -3.818 ], [ 144.483, -3.986 ], [ 145.322, -4.382 ], [ 145.805, -4.849 ], [ 145.765, -5.477 ], [ 147.571, -6.052 ], [ 147.857, -6.645 ], [ 146.935, -6.711 ], [ 147.18, -7.463 ], [ 147.705, -7.933 ], [ 148.134, -8.067 ], [ 148.226, -8.564 ], [ 148.439, -8.686 ], [ 148.603, -9.084 ], [ 149.298, -9.021 ], [ 149.231, -9.495 ], [ 150.055, -9.687 ], [ 149.713, -9.813 ], [ 149.859, -10.018 ], [ 150.613, -10.285 ], [ 150.874, -10.225 ], [ 150.623, -10.353 ], [ 150.343, -10.334 ], [ 150.693, -10.563 ], [ 150.202, -10.704 ], [ 149.853, -10.554 ], [ 150.115, -10.475 ], [ 150.134, -10.42 ], [ 149.92, -10.498 ], [ 148.764, -10.14 ], [ 148.404, -10.207 ], [ 148.234, -10.018 ], [ 148.005, -10.161 ], [ 147.893, -10.036 ], [ 147.73, -10.104 ], [ 147.293, -9.505 ], [ 146.902, -9.271 ], [ 147.022, -9.052 ], [ 146.597, -9.0 ], [ 146.621, -8.792 ], [ 146.282, -8.309 ], [ 145.813, -7.903 ], [ 144.863, -7.779 ], [ 144.928, -7.62 ], [ 144.811, -7.558 ], [ 144.83, -7.635 ], [ 144.785, -7.684 ], [ 144.646, -7.525 ], [ 144.598, -7.651 ], [ 144.533, -7.546 ], [ 144.56, -7.474 ], [ 144.519, -7.431 ], [ 144.544, -7.683 ], [ 144.514, -7.682 ], [ 144.464, -7.577 ], [ 144.466, -7.6 ], [ 144.438, -7.579 ], [ 144.43, -7.528 ], [ 144.39, -7.487 ], [ 144.516, -7.805 ], [ 144.273, -7.572 ], [ 144.116, -7.787 ], [ 143.82, -7.649 ], [ 143.762, -7.524 ], [ 143.645, -7.47 ], [ 143.695, -7.432 ], [ 143.693, -7.371 ], [ 143.681, -7.359 ], [ 143.636, -7.357 ], [ 143.646, -7.329 ], [ 143.633, -7.299 ], [ 143.57, -7.264 ], [ 143.543, -7.27 ], [ 143.503, -7.301 ], [ 143.585, -7.273 ], [ 143.639, -7.367 ], [ 143.683, -7.368 ], [ 143.626, -7.459 ], [ 143.922, -8.004 ], [ 143.77, -7.882 ], [ 143.871, -8.049 ], [ 143.494, -8.002 ], [ 143.34, -7.829 ], [ 143.245, -7.847 ], [ 143.611, -8.236 ], [ 142.974, -8.342 ], [ 142.677, -8.268 ], [ 142.447, -8.317 ], [ 142.353, -8.151 ], [ 142.153, -8.224 ], [ 142.362, -8.183 ], [ 142.456, -8.37 ], [ 143.109, -8.455 ], [ 143.406, -8.762 ], [ 143.408, -8.982 ], [ 142.641, -9.334 ], [ 142.218, -9.149 ], [ 142.256, -8.972 ], [ 142.199, -8.91 ], [ 142.139, -8.903 ], [ 142.251, -8.979 ], [ 142.17, -9.158 ], [ 142.026, -8.974 ], [ 142.042, -9.17 ], [ 141.122, -9.23 ], [ 141.019, -6.892 ], [ 140.842, -6.611 ], [ 141.0, -6.322 ], [ 141.007, -2.609 ] ] ], [ [ [ 150.843, -2.612 ], [ 152.05, -3.244 ], [ 152.55, -3.811 ], [ 152.932, -3.98 ], [ 153.112, -4.381 ], [ 152.872, -4.854 ], [ 152.337, -3.637 ], [ 151.098, -2.847 ], [ 150.718, -2.758 ], [ 150.843, -2.612 ] ] ], [ [ [ 150.217, -2.387 ], [ 150.435, -2.481 ], [ 150.442, -2.657 ], [ 150.168, -2.684 ], [ 149.938, -2.474 ], [ 150.217, -2.387 ] ] ], [ [ [ 146.896, -1.969 ], [ 147.116, -1.976 ], [ 147.345, -2.042 ], [ 147.195, -2.205 ], [ 146.506, -2.205 ], [ 146.572, -1.987 ], [ 146.896, -1.969 ] ] ] ] } },
{ "type": "Feature", "properties": { }, "geometry": { "type": "MultiPolygon", "coordinates": [ [ [ [ 169.106, -18.621 ], [ 169.282, -18.768 ], [ 169.328, -18.976 ], [ 168.992, -18.876 ], [ 169.106, -18.621 ] ] ], [ [ [ 168.337, -17.545 ], [ 168.595, -17.689 ], [ 168.552, -17.793 ], [ 168.171, -17.733 ], [ 168.337, -17.545 ] ] ], [ [ [ 168.154, -16.098 ], [ 168.295, -16.344 ], [ 167.919, -16.265 ], [ 167.918, -16.219 ], [ 168.154, -16.098 ] ] ], [ [ [ 167.239, -15.882 ], [ 167.765, -16.333 ], [ 167.767, -16.546 ], [ 167.422, -16.528 ], [ 167.394, -16.182 ], [ 167.155, -16.088 ], [ 167.239, -15.882 ] ] ], [ [ [ 166.619, -14.644 ], [ 166.828, -15.159 ], [ 166.952, -15.161 ], [ 166.983, -14.954 ], [ 167.09, -14.945 ], [ 167.259, -15.521 ], [ 166.774, -15.65 ], [ 166.542, -14.847 ], [ 166.619, -14.644 ] ] ] ] } },
{ "type": "Feature", "properties": { }, "geometry": { "type": "MultiPolygon", "coordinates": [ [ [ [ 160.048, -11.488 ], [ 160.404, -11.701 ], [ 160.472, -11.814 ], [ 160.546, -11.845 ], [ 160.592, -11.818 ], [ 160.662, -11.84 ], [ 160.556, -11.88 ], [ 160.034, -11.619 ], [ 160.048, -11.488 ] ] ], [ [ [ 161.349, -10.191 ], [ 162.085, -10.474 ], [ 162.224, -10.811 ], [ 162.377, -10.842 ], [ 161.76, -10.741 ], [ 161.492, -10.375 ], [ 161.273, -10.339 ], [ 161.349, -10.191 ] ] ], [ [ [ 159.701, -9.251 ], [ 159.907, -9.426 ], [ 160.383, -9.422 ], [ 160.83, -9.862 ], [ 159.818, -9.798 ], [ 159.587, -9.524 ], [ 159.701, -9.251 ] ] ], [ [ [ 160.712, -8.32 ], [ 160.999, -8.637 ], [ 160.94, -8.821 ], [ 161.166, -8.983 ], [ 161.397, -9.595 ], [ 160.798, -9.064 ], [ 160.559, -8.346 ], [ 160.712, -8.32 ] ] ], [ [ [ 157.482, -7.957 ], [ 157.901, -8.451 ], [ 157.788, -8.557 ], [ 157.829, -8.598 ], [ 157.803, -8.636 ], [ 157.545, -8.255 ], [ 157.249, -8.332 ], [ 157.055, -8.149 ], [ 157.199, -8.262 ], [ 157.482, -7.957 ] ] ], [ [ [ 157.076, -7.842 ], [ 157.187, -7.949 ], [ 157.148, -8.138 ], [ 156.945, -8.025 ], [ 157.076, -7.842 ] ] ], [ [ [ 156.598, -7.566 ], [ 156.792, -7.732 ], [ 156.71, -7.959 ], [ 156.501, -7.685 ], [ 156.598, -7.566 ] ] ], [ [ [ 158.46, -7.522 ], [ 159.519, -8.078 ], [ 159.855, -8.342 ], [ 159.742, -8.403 ], [ 159.895, -8.565 ], [ 158.298, -7.571 ], [ 158.46, -7.522 ] ] ], [ [ [ 156.479, -6.597 ], [ 156.97, -6.86 ], [ 157.178, -7.164 ], [ 157.538, -7.292 ], [ 157.648, -7.451 ], [ 157.009, -7.3 ], [ 156.408, -6.735 ], [ 156.479, -6.597 ] ] ] ] } },
{ "type": "Feature", "properties": { }, "geometry": { "type": "MultiPolygon", "coordinates": [ [ [ [ 167.979, -21.353 ], [ 168.134, -21.448 ], [ 168.04, -21.658 ], [ 167.846, -21.6 ], [ 167.801, -21.383 ], [ 167.979, -21.353 ] ] ], [ [ [ 167.195, -20.679 ], [ 167.461, -21.058 ], [ 167.388, -21.183 ], [ 167.012, -20.92 ], [ 167.195, -20.679 ] ] ], [ [ [ 164.006, -20.077 ], [ 165.244, -20.774 ], [ 165.633, -21.268 ], [ 166.939, -22.085 ], [ 167.001, -22.339 ], [ 166.448, -22.312 ], [ 165.798, -21.727 ], [ 164.947, -21.357 ], [ 164.837, -21.057 ], [ 164.374, -20.765 ], [ 164.006, -20.077 ] ] ] ] } },
{ "type": "Feature", "properties": { }, "geometry": { "type": "MultiPolygon", "coordinates": [ [ [ [ 178.189, -17.316 ], [ 178.582, -17.645 ], [ 178.662, -18.078 ], [ 178.521, -17.993 ], [ 178.547, -18.101 ], [ 178.129, -18.268 ], [ 177.338, -18.118 ], [ 177.265, -17.89 ], [ 177.523, -17.51 ], [ 178.189, -17.316 ] ] ], [ [ [ 179.999, -16.146 ], [ 180.0, -16.17 ], [ 179.841, -16.276 ], [ 179.742, -16.459 ], [ 179.582, -16.548 ], [ 179.474, -16.704 ], [ 179.927, -16.469 ], [ 179.825, -16.672 ], [ 179.932, -16.76 ], [ 179.31, -16.819 ], [ 179.201, -16.7 ], [ 178.732, -17.011 ], [ 178.495, -16.811 ], [ 178.571, -16.626 ], [ 179.999, -16.146 ] ] ] ] } },
{ "type": "Feature", "properties": { }, "geometry": { "type": "Polygon", "coordinates": [ [ [ 144.86, 13.654 ], [ 144.932, 13.534 ], [ 144.677, 13.254 ], [ 144.618, 13.446 ], [ 144.86, 13.654 ] ] ] } },
{ "type": "Feature", "properties": { }, "geometry": { "type": "Polygon", "coordinates": [ [ [ 145.815, 15.287 ], [ 145.789, 15.15 ], [ 145.708, 15.106 ], [ 145.717, 15.22 ], [ 145.815, 15.287 ] ] ] } },
{ "type": "Feature", "properties": { }, "geometry": { "type": "Polygon", "coordinates": [ [ [ 168.089, 5.644 ], [ 168.137, 5.636 ], [ 168.122, 5.589 ], [ 168.098, 5.592 ], [ 168.089, 5.644 ] ] ] } },
{ "type": "Feature", "properties": { }, "geometry": { "type": "Polygon", "coordinates": [ [ [ 166.941, -0.503 ], [ 166.959, -0.52 ], [ 166.926, -0.554 ], [ 166.909, -0.529 ], [ 166.941, -0.503 ] ] ] } },
{ "type": "Feature", "properties": { }, "geometry": { "type": "Polygon", "coordinates": [ [ [ 134.621, 7.732 ], [ 134.647, 7.633 ], [ 134.614, 7.529 ], [ 134.64, 7.49 ], [ 134.534, 7.326 ], [ 134.621, 7.732 ] ] ] } },
{ "type": "Feature", "properties": { }, "geometry": { "type": "Polygon", "coordinates": [ [ [ 158.211, 6.986 ], [ 158.322, 6.933 ], [ 158.294, 6.784 ], [ 158.116, 6.891 ], [ 158.211, 6.986 ] ] ] } },
{ "type": "Feature", "properties": { }, "geometry": { "type": "Polygon", "coordinates": [ [ [ -157.452, 2.048 ], [ -157.311, 1.984 ], [ -157.169, 1.7 ], [ -157.553, 1.859 ], [ -157.452, 2.048 ] ] ] } },
{ "type": "Feature", "properties": { }, "geometry": { "type": "MultiPolygon", "coordinates": [ [ [ [ -171.83, -13.793 ], [ -171.584, -13.878 ], [ -171.434, -14.049 ], [ -172.067, -13.893 ], [ -171.83, -13.793 ] ] ], [ [ [ -172.354, -13.44 ], [ -172.226, -13.802 ], [ -172.544, -13.797 ], [ -172.804, -13.516 ], [ -172.354, -13.44 ] ] ] ] } },
{ "type": "Feature", "properties": { }, "geometry": { "type": "Polygon", "coordinates": [ [ [ -175.316, -21.119 ], [ -175.162, -21.198 ], [ -175.032, -21.147 ], [ -175.131, -21.273 ], [ -175.316, -21.119 ] ] ] } },
{ "type": "Feature", "properties": { }, "geometry": { "type": "Polygon", "coordinates": [ [ [ -159.798, -21.199 ], [ -159.734, -21.216 ], [ -159.736, -21.268 ], [ -159.819, -21.256 ], [ -159.798, -21.199 ] ] ] } },
{ "type": "Feature", "properties": { }, "geometry": { "type": "Polygon", "coordinates": [ [ [ -128.301, -24.332 ], [ -128.292, -24.417 ], [ -128.298, -24.423 ], [ -128.357, -24.368 ], [ -128.301, -24.332 ] ] ] } },
{ "type": "Feature", "properties": { }, "geometry": { "type": "Polygon", "coordinates": [ [ [ -176.193, -13.222 ], [ -176.162, -13.265 ], [ -176.205, -13.352 ], [ -176.25, -13.29 ], [ -176.193, -13.222 ] ] ] } },
{ "type": "Feature", "properties": { }, "geometry": { "type": "Polygon", "coordinates": [ [ [ 177.162, -7.256 ], [ 177.14, -7.243 ], [ 177.142, -7.185 ], [ 177.164, -7.203 ], [ 177.162, -7.256 ] ] ] } },
{ "type": "Feature", "properties": { }, "geometry": { "type": "Polygon", "coordinates": [ [ [ 166.648, 19.306 ], [ 166.656, 19.27 ], [ 166.619, 19.285 ], [ 166.599, 19.3 ], [ 166.648, 19.306 ] ] ] } },
{ "type": "Feature", "properties": { }, "geometry": { "type": "Polygon", "coordinates": [ [ [ -170.671, -14.239 ], [ -170.562, -14.259 ], [ -170.76, -14.374 ], [ -170.844, -14.321 ], [ -170.671, -14.239 ] ] ] } },
{ "type": "Feature", "properties": { }, "geometry": { "type": "Polygon", "coordinates": [ [ [ -169.832, -18.955 ], [ -169.774, -19.062 ], [ -169.879, -19.155 ], [ -169.952, -19.073 ], [ -169.832, -18.955 ] ] ] } },
{ "type": "Feature", "properties": { }, "geometry": { "type": "Polygon", "coordinates": [ [ [ -149.494, -17.494 ], [ -149.331, -17.551 ], [ -149.146, -17.873 ], [ -149.578, -17.741 ], [ -149.494, -17.494 ] ] ] } },
{ "type": "Feature", "properties": { }, "geometry": { "type": "Polygon", "coordinates": [ [ [ -172.492, -8.535 ], [ -172.466, -8.557 ], [ -172.466, -8.575 ], [ -172.503, -8.539 ], [ -172.492, -8.535 ] ] ] } },
{ "type": "Feature", "properties": { }, "geometry": { "type": "MultiPolygon", "coordinates": [ [ [ [ -82.542, 45.78 ], [ -82.589, 45.9 ], [ -82.29, 45.991 ], [ -82.158, 45.827 ], [ -81.935, 45.989 ], [ -81.799, 45.724 ], [ -81.671, 45.906 ], [ -81.712, 45.792 ], [ -81.596, 45.807 ], [ -81.578, 45.785 ], [ -81.847, 45.515 ], [ -82.012, 45.555 ], [ -81.885, 45.569 ], [ -81.758, 45.697 ], [ -82.077, 45.554 ], [ -83.226, 45.885 ], [ -82.799, 45.986 ], [ -82.542, 45.78 ] ] ], [ [ [ -64.152, 46.693 ], [ -63.887, 46.649 ], [ -63.832, 46.578 ], [ -63.934, 46.506 ], [ -63.945, 46.476 ], [ -63.925, 46.455 ], [ -63.686, 46.431 ], [ -63.667, 46.568 ], [ -62.979, 46.354 ], [ -61.971, 46.453 ], [ -62.533, 46.313 ], [ -62.408, 46.213 ], [ -62.635, 46.235 ], [ -62.448, 46.104 ], [ -62.622, 46.007 ], [ -62.457, 46.003 ], [ -62.83, 45.964 ], [ -63.04, 46.05 ], [ -62.842, 46.155 ], [ -63.126, 46.207 ], [ -62.839, 46.324 ], [ -62.865, 46.365 ], [ -63.185, 46.257 ], [ -63.253, 46.129 ], [ -63.701, 46.245 ], [ -63.815, 46.323 ], [ -63.715, 46.333 ], [ -63.768, 46.371 ], [ -63.741, 46.39 ], [ -63.748, 46.396 ], [ -64.135, 46.402 ], [ -64.043, 46.586 ], [ -64.076, 46.651 ], [ -64.385, 46.617 ], [ -63.989, 47.048 ], [ -64.152, 46.693 ] ] ], [ [ [ -64.474, 49.053 ], [ -64.159, 48.752 ], [ -64.302, 48.827 ], [ -64.55, 48.886 ], [ -64.567, 48.817 ], [ -64.182, 48.643 ], [ -64.323, 48.61 ], [ -64.217, 48.502 ], [ -65.248, 48.015 ], [ -65.906, 48.206 ], [ -66.093, 48.093 ], [ -66.476, 48.123 ], [ -66.768, 47.986 ], [ -66.364, 48.072 ], [ -65.839, 47.913 ], [ -65.641, 47.612 ], [ -65.148, 47.825 ], [ -64.675, 47.728 ], [ -64.97, 47.28 ], [ -65.375, 47.072 ], [ -64.797, 47.073 ], [ -64.91, 46.842 ], [ -64.903, 46.885 ], [ -65.0, 46.838 ], [ -65.0, 46.8 ], [ -64.875, 46.641 ], [ -64.718, 46.688 ], [ -64.566, 46.223 ], [ -63.815, 46.164 ], [ -64.103, 46.024 ], [ -63.249, 45.809 ], [ -63.4, 45.76 ], [ -63.28, 45.704 ], [ -63.11, 45.808 ], [ -62.681, 45.765 ], [ -62.72, 45.746 ], [ -62.765, 45.762 ], [ -62.804, 45.75 ], [ -62.504, 45.584 ], [ -61.935, 45.888 ], [ -61.974, 45.625 ], [ -61.425, 45.641 ], [ -61.553, 46.041 ], [ -60.616, 47.032 ], [ -60.414, 47.037 ], [ -60.517, 46.904 ], [ -60.303, 46.851 ], [ -60.351, 46.615 ], [ -60.621, 46.207 ], [ -60.448, 46.346 ], [ -60.417, 46.292 ], [ -61.131, 45.969 ], [ -60.737, 46.069 ], [ -61.111, 45.892 ], [ -61.125, 45.844 ], [ -61.017, 45.903 ], [ -60.913, 45.869 ], [ -61.17, 45.71 ], [ -60.74, 45.689 ], [ -60.409, 46.0 ], [ -60.713, 45.899 ], [ -60.796, 45.959 ], [ -60.279, 46.315 ], [ -60.232, 46.107 ], [ -60.128, 46.267 ], [ -59.817, 46.181 ], [ -59.97, 46.016 ], [ -59.788, 45.951 ], [ -60.686, 45.566 ], [ -61.039, 45.628 ], [ -60.888, 45.578 ], [ -61.002, 45.468 ], [ -61.415, 45.647 ], [ -61.229, 45.483 ], [ -61.519, 45.437 ], [ -61.5, 45.351 ], [ -61.063, 45.35 ], [ -60.96, 45.322 ], [ -60.978, 45.272 ], [ -61.597, 45.145 ], [ -61.686, 45.162 ], [ -61.726, 45.22 ], [ -61.784, 45.244 ], [ -61.82, 45.25 ], [ -61.654, 45.091 ], [ -61.999, 45.143 ], [ -61.884, 45.027 ], [ -62.558, 44.938 ], [ -62.545, 44.788 ], [ -62.885, 44.816 ], [ -62.798, 44.766 ], [ -62.838, 44.704 ], [ -63.085, 44.798 ], [ -63.049, 44.673 ], [ -63.104, 44.784 ], [ -63.109, 44.788 ], [ -63.138, 44.792 ], [ -63.093, 44.686 ], [ -63.17, 44.683 ], [ -63.148, 44.688 ], [ -63.167, 44.705 ], [ -63.149, 44.745 ], [ -63.148, 44.778 ], [ -63.155, 44.78 ], [ -63.452, 44.589 ], [ -63.662, 44.729 ], [ -63.519, 44.502 ], [ -63.647, 44.433 ], [ -63.938, 44.506 ], [ -63.89, 44.692 ], [ -64.075, 44.471 ], [ -64.304, 44.569 ], [ -64.244, 44.259 ], [ -64.552, 44.408 ], [ -64.38, 44.226 ], [ -65.128, 43.652 ], [ -65.233, 43.784 ], [ -65.233, 43.839 ], [ -65.246, 43.861 ], [ -65.251, 43.864 ], [ -65.251, 43.869 ], [ -65.252, 43.87 ], [ -65.25, 43.872 ], [ -65.25, 43.875 ], [ -65.256, 43.881 ], [ -65.254, 43.884 ], [ -65.255, 43.896 ], [ -65.243, 43.899 ], [ -65.236, 43.902 ], [ -65.237, 43.903 ], [ -65.259, 43.939 ], [ -65.274, 43.948 ], [ -65.234, 43.657 ], [ -65.378, 43.748 ], [ -65.345, 43.534 ], [ -65.368, 43.571 ], [ -65.396, 43.547 ], [ -65.42, 43.579 ], [ -65.438, 43.592 ], [ -65.456, 43.596 ], [ -65.468, 43.605 ], [ -65.474, 43.605 ], [ -65.471, 43.626 ], [ -65.479, 43.626 ], [ -65.479, 43.64 ], [ -65.484, 43.651 ], [ -65.486, 43.655 ], [ -65.493, 43.659 ], [ -65.482, 43.668 ], [ -65.483, 43.673 ], [ -65.49, 43.686 ], [ -65.5, 43.691 ], [ -65.489, 43.607 ], [ -65.432, 43.55 ], [ -65.453, 43.479 ], [ -65.593, 43.561 ], [ -65.558, 43.478 ], [ -65.622, 43.39 ], [ -65.858, 43.813 ], [ -65.969, 43.761 ], [ -65.993, 43.785 ], [ -65.98, 43.784 ], [ -65.976, 43.789 ], [ -65.993, 43.796 ], [ -65.993, 43.849 ], [ -65.996, 43.853 ], [ -66.004, 43.853 ], [ -66.016, 43.679 ], [ -66.17, 43.799 ], [ -66.126, 44.332 ], [ -65.846, 44.571 ], [ -66.203, 44.375 ], [ -66.113, 44.494 ], [ -64.399, 45.279 ], [ -64.403, 45.308 ], [ -64.47, 45.32 ], [ -64.491, 45.328 ], [ -64.496, 45.335 ], [ -64.327, 45.288 ], [ -64.438, 45.078 ], [ -64.149, 44.997 ], [ -64.12, 45.048 ], [ -64.036, 45.03 ], [ -64.017, 45.043 ], [ -64.005, 45.063 ], [ -64.155, 45.196 ], [ -63.363, 45.365 ], [ -64.944, 45.327 ], [ -64.382, 45.795 ], [ -64.302, 45.824 ], [ -64.336, 45.75 ], [ -64.252, 45.75 ], [ -64.25, 45.841 ], [ -64.258, 45.826 ], [ -64.298, 45.882 ], [ -64.348, 45.892 ], [ -64.492, 45.727 ], [ -64.55, 45.725 ], [ -64.489, 45.806 ], [ -64.529, 45.939 ], [ -64.705, 46.0 ], [ -64.568, 45.835 ], [ -64.779, 45.593 ], [ -65.888, 45.2 ], [ -66.067, 45.275 ], [ -66.784, 45.04 ], [ -66.969, 45.184 ], [ -67.047, 45.067 ], [ -67.344, 45.126 ], [ -67.485, 45.287 ], [ -67.419, 45.574 ], [ -67.813, 45.684 ], [ -67.787, 47.066 ], [ -68.237, 47.357 ], [ -68.895, 47.179 ], [ -69.226, 47.459 ], [ -69.986, 46.7 ], [ -70.301, 46.192 ], [ -70.259, 45.89 ], [ -70.855, 45.233 ], [ -71.294, 45.3 ], [ -71.537, 45.0 ], [ -74.668, 45.003 ], [ -73.508, 45.412 ], [ -73.155, 46.04 ], [ -72.666, 46.193 ], [ -72.248, 46.418 ], [ -72.164, 46.539 ], [ -71.347, 46.718 ], [ -70.492, 47.015 ], [ -69.513, 47.941 ], [ -68.819, 48.366 ], [ -66.741, 49.09 ], [ -65.555, 49.257 ], [ -64.474, 49.053 ] ] ], [ [ [ -126.73, 49.844 ], [ -126.67, 49.855 ], [ -126.615, 49.59 ], [ -126.954, 49.724 ], [ -126.738, 49.799 ], [ -126.887, 49.779 ], [ -126.941, 49.814 ], [ -126.947, 49.794 ], [ -126.972, 49.804 ], [ -126.798, 49.886 ], [ -126.73, 49.844 ] ] ], [ [ [ -62.701, 49.66 ], [ -61.669, 49.133 ], [ -62.246, 49.062 ], [ -63.076, 49.226 ], [ -64.524, 49.864 ], [ -64.149, 49.952 ], [ -62.701, 49.66 ] ] ], [ [ [ -125.439, 50.331 ], [ -124.792, 49.462 ], [ -123.948, 49.229 ], [ -123.563, 48.799 ], [ -123.552, 48.486 ], [ -123.439, 48.699 ], [ -123.265, 48.451 ], [ -123.654, 48.314 ], [ -125.213, 48.781 ], [ -124.859, 49.004 ], [ -124.787, 49.142 ], [ -124.825, 49.254 ], [ -124.911, 48.985 ], [ -125.185, 48.99 ], [ -125.138, 49.048 ], [ -125.153, 49.075 ], [ -125.172, 49.087 ], [ -125.189, 49.091 ], [ -125.189, 49.093 ], [ -125.197, 49.097 ], [ -125.201, 49.098 ], [ -125.146, 49.053 ], [ -125.222, 48.951 ], [ -125.35, 49.041 ], [ -125.542, 48.921 ], [ -125.882, 49.089 ], [ -125.915, 49.139 ], [ -125.733, 49.073 ], [ -125.6, 49.206 ], [ -125.791, 49.14 ], [ -125.777, 49.365 ], [ -125.973, 49.227 ], [ -125.896, 49.412 ], [ -126.023, 49.321 ], [ -126.029, 49.456 ], [ -126.545, 49.382 ], [ -126.478, 49.644 ], [ -126.049, 49.621 ], [ -126.444, 49.654 ], [ -126.439, 49.796 ], [ -126.589, 49.695 ], [ -126.652, 49.921 ], [ -126.858, 49.984 ], [ -126.825, 49.881 ], [ -126.944, 49.989 ], [ -126.943, 49.86 ], [ -127.152, 49.859 ], [ -127.255, 49.966 ], [ -127.077, 50.023 ], [ -127.197, 50.023 ], [ -127.096, 50.06 ], [ -127.094, 50.147 ], [ -127.308, 50.196 ], [ -127.344, 50.02 ], [ -127.515, 50.122 ], [ -127.433, 50.189 ], [ -127.916, 50.113 ], [ -127.718, 50.296 ], [ -127.976, 50.325 ], [ -127.937, 50.464 ], [ -127.586, 50.491 ], [ -127.435, 50.342 ], [ -127.609, 50.524 ], [ -127.51, 50.534 ], [ -127.419, 50.604 ], [ -128.009, 50.654 ], [ -127.559, 50.554 ], [ -128.047, 50.444 ], [ -128.433, 50.78 ], [ -128.054, 50.876 ], [ -125.439, 50.331 ] ] ], [ [ [ -55.901, 51.5 ], [ -55.654, 51.466 ], [ -55.623, 51.485 ], [ -55.711, 51.502 ], [ -55.698, 51.552 ], [ -55.732, 51.537 ], [ -55.763, 51.562 ], [ -55.751, 51.581 ], [ -55.421, 51.584 ], [ -55.593, 51.303 ], [ -56.031, 51.378 ], [ -56.103, 51.338 ], [ -56.045, 51.152 ], [ -55.721, 51.188 ], [ -55.89, 50.861 ], [ -56.097, 50.721 ], [ -56.114, 50.916 ], [ -56.5, 50.789 ], [ -56.157, 50.867 ], [ -56.11, 50.674 ], [ -56.699, 50.132 ], [ -56.923, 49.755 ], [ -56.785, 49.7 ], [ -56.87, 49.546 ], [ -56.16, 50.158 ], [ -56.192, 49.93 ], [ -56.02, 50.039 ], [ -55.474, 49.967 ], [ -56.145, 49.7 ], [ -56.045, 49.691 ], [ -56.181, 49.617 ], [ -56.187, 49.574 ], [ -56.037, 49.682 ], [ -55.892, 49.716 ], [ -56.004, 49.566 ], [ -55.823, 49.606 ], [ -56.088, 49.5 ], [ -56.076, 49.476 ], [ -56.141, 49.433 ], [ -56.136, 49.422 ], [ -55.69, 49.562 ], [ -55.731, 49.474 ], [ -55.831, 49.488 ], [ -55.867, 49.484 ], [ -55.901, 49.456 ], [ -55.542, 49.492 ], [ -55.592, 49.358 ], [ -55.368, 49.5 ], [ -55.458, 49.421 ], [ -55.333, 49.452 ], [ -55.456, 49.371 ], [ -55.464, 49.35 ], [ -55.485, 49.343 ], [ -55.488, 49.333 ], [ -55.316, 49.41 ], [ -55.358, 49.345 ], [ -55.325, 49.303 ], [ -55.248, 49.405 ], [ -55.338, 49.536 ], [ -55.159, 49.544 ], [ -55.393, 49.161 ], [ -55.327, 49.077 ], [ -55.098, 49.361 ], [ -55.045, 49.218 ], [ -54.854, 49.416 ], [ -54.865, 49.335 ], [ -54.846, 49.323 ], [ -54.858, 49.3 ], [ -54.838, 49.27 ], [ -54.797, 49.355 ], [ -54.762, 49.313 ], [ -54.661, 49.459 ], [ -54.546, 49.546 ], [ -54.472, 49.57 ], [ -54.467, 49.536 ], [ -54.62, 49.439 ], [ -54.64, 49.382 ], [ -54.448, 49.481 ], [ -54.516, 49.261 ], [ -54.065, 49.483 ], [ -53.465, 49.256 ], [ -53.604, 49.036 ], [ -53.879, 49.04 ], [ -53.747, 49.008 ], [ -54.208, 48.805 ], [ -53.827, 48.828 ], [ -54.052, 48.741 ], [ -53.966, 48.621 ], [ -53.849, 48.755 ], [ -53.617, 48.681 ], [ -54.198, 48.388 ], [ -53.823, 48.473 ], [ -53.91, 48.381 ], [ -53.897, 48.355 ], [ -53.597, 48.532 ], [ -53.675, 48.38 ], [ -53.45, 48.625 ], [ -53.262, 48.522 ], [ -53.087, 48.703 ], [ -53.001, 48.608 ], [ -53.207, 48.35 ], [ -53.986, 48.183 ], [ -53.675, 48.061 ], [ -53.961, 48.029 ], [ -53.936, 48.012 ], [ -53.613, 48.053 ], [ -53.799, 47.771 ], [ -53.886, 47.857 ], [ -53.943, 47.854 ], [ -53.665, 47.514 ], [ -53.301, 48.008 ], [ -52.945, 48.173 ], [ -52.849, 48.102 ], [ -53.288, 47.602 ], [ -53.174, 47.609 ], [ -53.282, 47.548 ], [ -53.125, 47.385 ], [ -52.786, 47.81 ], [ -52.619, 47.524 ], [ -53.091, 46.646 ], [ -53.353, 46.765 ], [ -53.621, 46.64 ], [ -53.511, 46.98 ], [ -53.656, 46.988 ], [ -53.403, 47.179 ], [ -53.551, 47.219 ], [ -53.96, 46.85 ], [ -54.198, 46.821 ], [ -54.016, 47.238 ], [ -53.84, 47.268 ], [ -53.989, 47.252 ], [ -54.005, 47.315 ], [ -53.785, 47.442 ], [ -53.937, 47.452 ], [ -53.985, 47.852 ], [ -54.274, 47.928 ], [ -54.206, 47.796 ], [ -54.437, 47.422 ], [ -54.613, 47.362 ], [ -54.495, 47.479 ], [ -54.405, 47.615 ], [ -54.429, 47.618 ], [ -55.06, 47.145 ], [ -55.099, 47.202 ], [ -55.247, 47.169 ], [ -55.226, 47.143 ], [ -55.235, 47.138 ], [ -55.238, 47.14 ], [ -55.25, 47.142 ], [ -55.257, 47.141 ], [ -55.26, 47.14 ], [ -55.263, 47.14 ], [ -55.265, 47.138 ], [ -55.265, 47.135 ], [ -55.267, 47.134 ], [ -55.263, 47.129 ], [ -55.271, 47.126 ], [ -55.266, 47.125 ], [ -55.282, 47.114 ], [ -55.283, 47.105 ], [ -55.285, 47.105 ], [ -55.27, 47.087 ], [ -55.237, 47.091 ], [ -55.088, 47.164 ], [ -55.264, 46.917 ], [ -55.745, 46.847 ], [ -55.976, 46.993 ], [ -55.193, 47.199 ], [ -55.358, 47.235 ], [ -55.295, 47.39 ], [ -54.727, 47.672 ], [ -55.091, 47.591 ], [ -54.911, 47.777 ], [ -54.942, 47.784 ], [ -54.933, 47.796 ], [ -54.936, 47.804 ], [ -54.941, 47.813 ], [ -54.943, 47.813 ], [ -55.118, 47.577 ], [ -55.118, 47.699 ], [ -55.439, 47.728 ], [ -55.41, 47.49 ], [ -55.584, 47.403 ], [ -55.58, 47.582 ], [ -55.778, 47.449 ], [ -55.784, 47.493 ], [ -55.719, 47.574 ], [ -55.718, 47.592 ], [ -55.827, 47.481 ], [ -55.807, 47.457 ], [ -55.939, 47.438 ], [ -55.804, 47.511 ], [ -55.727, 47.615 ], [ -55.984, 47.498 ], [ -56.188, 47.495 ], [ -55.623, 47.683 ], [ -55.934, 47.66 ], [ -55.664, 47.868 ], [ -55.823, 47.839 ], [ -55.713, 47.881 ], [ -55.603, 47.966 ], [ -55.598, 48.0 ], [ -55.761, 47.867 ], [ -55.808, 47.879 ], [ -55.745, 47.921 ], [ -55.787, 47.962 ], [ -55.794, 47.975 ], [ -55.793, 47.979 ], [ -55.796, 47.982 ], [ -55.797, 47.991 ], [ -55.799, 47.992 ], [ -56.051, 47.7 ], [ -56.124, 47.728 ], [ -56.003, 47.808 ], [ -55.992, 47.839 ], [ -55.991, 47.843 ], [ -55.993, 47.847 ], [ -56.11, 47.749 ], [ -56.128, 47.807 ], [ -56.141, 47.81 ], [ -56.162, 47.872 ], [ -56.17, 47.874 ], [ -56.174, 47.883 ], [ -56.179, 47.889 ], [ -56.18, 47.889 ], [ -56.166, 47.636 ], [ -56.312, 47.628 ], [ -56.277, 47.702 ], [ -56.315, 47.71 ], [ -56.318, 47.789 ], [ -56.337, 47.803 ], [ -56.345, 47.804 ], [ -56.35, 47.805 ], [ -56.323, 47.628 ], [ -56.596, 47.75 ], [ -56.526, 47.616 ], [ -56.775, 47.656 ], [ -56.805, 47.532 ], [ -56.844, 47.655 ], [ -56.869, 47.536 ], [ -57.111, 47.575 ], [ -56.974, 47.603 ], [ -57.053, 47.736 ], [ -57.113, 47.573 ], [ -57.179, 47.597 ], [ -57.137, 47.612 ], [ -57.173, 47.645 ], [ -57.183, 47.698 ], [ -57.191, 47.69 ], [ -57.177, 47.616 ], [ -57.343, 47.589 ], [ -57.25, 47.806 ], [ -57.277, 47.875 ], [ -57.397, 47.625 ], [ -57.583, 47.647 ], [ -57.582, 47.646 ], [ -57.571, 47.642 ], [ -57.586, 47.628 ], [ -57.661, 47.597 ], [ -57.646, 47.69 ], [ -57.718, 47.75 ], [ -57.674, 47.638 ], [ -57.909, 47.75 ], [ -58.362, 47.651 ], [ -58.252, 47.766 ], [ -58.326, 47.801 ], [ -58.423, 47.64 ], [ -59.312, 47.624 ], [ -59.401, 47.919 ], [ -58.906, 48.19 ], [ -58.868, 48.16 ], [ -58.893, 48.194 ], [ -58.75, 48.16 ], [ -58.863, 48.221 ], [ -58.684, 48.367 ], [ -58.278, 48.513 ], [ -59.216, 48.546 ], [ -58.764, 48.789 ], [ -58.972, 48.629 ], [ -58.713, 48.562 ], [ -58.37, 49.147 ], [ -58.365, 49.054 ], [ -58.164, 49.062 ], [ -58.078, 48.978 ], [ -57.94, 48.945 ], [ -57.875, 48.951 ], [ -58.152, 49.117 ], [ -57.933, 49.123 ], [ -57.85, 49.176 ], [ -58.105, 49.154 ], [ -58.119, 49.186 ], [ -57.988, 49.181 ], [ -58.003, 49.189 ], [ -57.976, 49.194 ], [ -57.993, 49.197 ], [ -57.935, 49.23 ], [ -57.923, 49.252 ], [ -58.204, 49.23 ], [ -58.235, 49.394 ], [ -57.991, 49.56 ], [ -57.889, 49.435 ], [ -57.705, 49.455 ], [ -57.966, 49.683 ], [ -57.375, 50.6 ], [ -57.203, 50.589 ], [ -57.157, 50.62 ], [ -57.41, 50.702 ], [ -56.97, 50.89 ], [ -57.101, 51.019 ], [ -56.905, 51.015 ], [ -56.724, 51.326 ], [ -55.897, 51.63 ], [ -55.901, 51.5 ] ], [ [ -55.287, 47.106 ], [ -55.286, 47.103 ], [ -55.285, 47.105 ], [ -55.287, 47.106 ] ], [ [ -55.289, 47.106 ], [ -55.292, 47.107 ], [ -55.288, 47.103 ], [ -55.286, 47.103 ], [ -55.289, 47.106 ] ], [ [ -57.177, 47.701 ], [ -57.175, 47.704 ], [ -57.177, 47.706 ], [ -57.183, 47.698 ], [ -57.177, 47.701 ] ], [ [ -57.583, 47.655 ], [ -57.584, 47.648 ], [ -57.584, 47.647 ], [ -57.583, 47.647 ], [ -57.583, 47.655 ] ], [ [ -58.848, 48.154 ], [ -58.843, 48.155 ], [ -58.868, 48.16 ], [ -58.848, 48.154 ] ], [ [ -58.829, 48.152 ], [ -58.827, 48.152 ], [ -58.843, 48.155 ], [ -58.829, 48.152 ] ], [ [ -55.295, 47.103 ], [ -55.293, 47.104 ], [ -55.295, 47.106 ], [ -55.295, 47.103 ] ], [ [ -55.298, 47.105 ], [ -55.314, 47.108 ], [ -55.316, 47.108 ], [ -55.316, 47.106 ], [ -55.295, 47.103 ], [ -55.298, 47.105 ] ], [ [ -55.317, 47.108 ], [ -55.324, 47.112 ], [ -55.319, 47.107 ], [ -55.317, 47.108 ] ], [ [ -57.575, 47.656 ], [ -57.573, 47.656 ], [ -57.568, 47.665 ], [ -57.566, 47.694 ], [ -57.507, 47.716 ], [ -57.5, 47.725 ], [ -57.501, 47.728 ], [ -57.509, 47.717 ], [ -57.56, 47.701 ], [ -57.572, 47.69 ], [ -57.569, 47.665 ], [ -57.581, 47.656 ], [ -57.575, 47.656 ] ], [ [ -58.809, 48.145 ], [ -58.809, 48.146 ], [ -58.826, 48.152 ], [ -58.809, 48.145 ] ], [ [ -58.808, 48.142 ], [ -58.803, 48.138 ], [ -58.803, 48.133 ], [ -58.8, 48.129 ], [ -58.797, 48.127 ], [ -58.794, 48.126 ], [ -58.791, 48.126 ], [ -58.793, 48.123 ], [ -58.79, 48.118 ], [ -58.79, 48.126 ], [ -58.809, 48.145 ], [ -58.808, 48.142 ] ] ], [ [ [ -127.214, 52.322 ], [ -127.638, 52.143 ], [ -127.71, 51.966 ], [ -127.898, 51.933 ], [ -127.766, 52.246 ], [ -127.597, 52.224 ], [ -127.267, 52.433 ], [ -127.214, 52.322 ] ] ], [ [ [ -128.931, 52.613 ], [ -128.944, 52.476 ], [ -129.212, 52.628 ], [ -129.275, 52.827 ], [ -128.931, 52.613 ] ] ], [ [ [ -80.91, 53.087 ], [ -80.699, 52.68 ], [ -82.049, 53.007 ], [ -81.349, 53.204 ], [ -80.91, 53.087 ] ] ], [ [ [ -131.606, 53.034 ], [ -132.03, 53.056 ], [ -131.894, 52.912 ], [ -132.012, 52.878 ], [ -131.657, 52.81 ], [ -131.799, 52.756 ], [ -131.846, 52.77 ], [ -131.889, 52.751 ], [ -131.323, 52.276 ], [ -131.143, 52.318 ], [ -131.19, 52.225 ], [ -131.032, 52.233 ], [ -131.014, 52.181 ], [ -131.294, 52.243 ], [ -131.232, 52.158 ], [ -131.262, 52.119 ], [ -132.108, 52.734 ], [ -131.969, 52.795 ], [ -132.138, 52.745 ], [ -132.366, 52.929 ], [ -132.074, 52.968 ], [ -132.577, 53.087 ], [ -132.081, 53.148 ], [ -131.805, 53.254 ], [ -131.606, 53.034 ] ] ], [ [ [ -128.576, 53.094 ], [ -128.596, 52.606 ], [ -128.76, 52.606 ], [ -128.759, 52.757 ], [ -128.656, 52.9 ], [ -128.659, 52.971 ], [ -128.813, 52.849 ], [ -128.763, 52.669 ], [ -129.113, 52.797 ], [ -128.899, 53.027 ], [ -129.198, 52.952 ], [ -129.095, 53.19 ], [ -128.978, 53.138 ], [ -128.89, 53.162 ], [ -129.029, 53.307 ], [ -128.576, 53.094 ] ] ], [ [ [ -129.993, 53.453 ], [ -129.758, 53.195 ], [ -130.305, 53.383 ], [ -130.415, 53.471 ], [ -130.302, 53.513 ], [ -130.548, 53.551 ], [ -130.469, 53.638 ], [ -129.993, 53.453 ] ] ], [ [ [ -129.419, 53.414 ], [ -129.499, 53.21 ], [ -130.065, 53.623 ], [ -129.832, 53.621 ], [ -130.208, 53.723 ], [ -130.205, 53.911 ], [ -129.419, 53.414 ] ] ], [ [ [ -130.235, 53.978 ], [ -130.341, 53.828 ], [ -130.516, 53.87 ], [ -130.468, 53.887 ], [ -130.414, 53.971 ], [ -130.336, 53.963 ], [ -130.341, 53.997 ], [ -130.412, 54.032 ], [ -130.473, 53.892 ], [ -130.669, 53.958 ], [ -130.611, 53.856 ], [ -130.707, 53.847 ], [ -130.67, 54.001 ], [ -130.415, 54.102 ], [ -130.235, 53.978 ] ] ], [ [ [ -131.971, 53.278 ], [ -132.323, 53.234 ], [ -132.131, 53.189 ], [ -132.226, 53.146 ], [ -132.716, 53.254 ], [ -132.551, 53.326 ], [ -132.765, 53.316 ], [ -132.721, 53.377 ], [ -132.412, 53.322 ], [ -132.733, 53.538 ], [ -132.767, 53.485 ], [ -132.899, 53.468 ], [ -133.005, 53.592 ], [ -132.901, 53.583 ], [ -132.844, 53.587 ], [ -132.817, 53.602 ], [ -133.154, 53.914 ], [ -133.086, 54.183 ], [ -132.581, 54.12 ], [ -132.672, 53.944 ], [ -132.27, 54.098 ], [ -132.108, 53.874 ], [ -132.26, 53.765 ], [ -132.66, 53.69 ], [ -132.684, 53.658 ], [ -132.352, 53.674 ], [ -132.46, 53.618 ], [ -132.48, 53.564 ], [ -132.342, 53.671 ], [ -132.211, 53.652 ], [ -132.136, 53.699 ], [ -132.088, 53.902 ], [ -132.195, 54.052 ], [ -131.642, 54.193 ], [ -131.676, 54.072 ], [ -131.971, 53.278 ] ] ], [ [ [ -78.879, 56.307 ], [ -79.205, 55.86 ], [ -78.988, 56.236 ], [ -78.971, 56.372 ], [ -79.081, 56.312 ], [ -79.033, 56.222 ], [ -79.088, 56.191 ], [ -79.051, 56.191 ], [ -79.102, 56.161 ], [ -79.182, 55.977 ], [ -79.281, 55.849 ], [ -79.127, 56.238 ], [ -79.466, 55.872 ], [ -79.78, 55.776 ], [ -79.516, 56.131 ], [ -79.857, 55.829 ], [ -79.931, 55.791 ], [ -79.82, 55.924 ], [ -79.9, 55.853 ], [ -80.022, 55.91 ], [ -79.535, 56.267 ], [ -79.453, 56.56 ], [ -79.409, 56.443 ], [ -79.643, 56.086 ], [ -79.407, 56.21 ], [ -79.249, 56.629 ], [ -78.879, 56.307 ] ] ], [ [ [ -61.344, 56.931 ], [ -61.519, 56.79 ], [ -61.346, 56.75 ], [ -61.381, 56.603 ], [ -61.715, 56.666 ], [ -61.471, 56.961 ], [ -61.344, 56.931 ] ] ], [ [ [ -67.826, 60.455 ], [ -68.411, 60.21 ], [ -68.263, 60.551 ], [ -68.138, 60.596 ], [ -67.826, 60.455 ] ] ], [ [ [ -64.627, 61.609 ], [ -64.832, 61.308 ], [ -65.471, 61.606 ], [ -65.012, 61.695 ], [ -64.627, 61.609 ] ] ], [ [ [ -79.26, 62.239 ], [ -79.302, 62.022 ], [ -79.681, 61.606 ], [ -79.86, 61.578 ], [ -80.211, 61.79 ], [ -80.269, 62.003 ], [ -79.954, 62.362 ], [ -79.603, 62.416 ], [ -79.26, 62.239 ] ] ], [ [ [ -64.335, 62.486 ], [ -64.587, 62.362 ], [ -64.94, 62.465 ], [ -64.522, 62.562 ], [ -64.335, 62.486 ] ] ], [ [ [ -70.507, 62.779 ], [ -70.169, 62.576 ], [ -70.718, 62.555 ], [ -70.907, 62.746 ], [ -70.734, 62.75 ], [ -70.73, 62.777 ], [ -71.162, 62.897 ], [ -70.507, 62.779 ] ] ], [ [ [ -81.864, 62.916 ], [ -81.943, 62.724 ], [ -83.068, 62.184 ], [ -83.724, 62.137 ], [ -83.965, 62.43 ], [ -83.396, 62.904 ], [ -82.242, 62.988 ], [ -81.864, 62.916 ] ] ], [ [ [ -77.642, 63.42 ], [ -77.501, 63.194 ], [ -77.944, 63.091 ], [ -78.535, 63.429 ], [ -78.167, 63.487 ], [ -77.642, 63.42 ] ] ], [ [ [ -76.601, 63.506 ], [ -76.742, 63.433 ], [ -76.543, 63.448 ], [ -76.708, 63.363 ], [ -77.042, 63.422 ], [ -77.419, 63.597 ], [ -77.272, 63.689 ], [ -76.601, 63.506 ] ] ], [ [ [ -85.14, 65.762 ], [ -85.022, 65.61 ], [ -85.279, 65.541 ], [ -84.907, 65.214 ], [ -84.507, 65.48 ], [ -84.112, 65.203 ], [ -83.397, 65.141 ], [ -83.184, 64.932 ], [ -81.816, 64.544 ], [ -81.583, 64.129 ], [ -82.001, 63.987 ], [ -81.389, 64.085 ], [ -80.934, 63.969 ], [ -80.918, 64.119 ], [ -80.476, 63.896 ], [ -80.664, 63.876 ], [ -80.15, 63.769 ], [ -81.048, 63.446 ], [ -82.47, 63.663 ], [ -82.356, 63.894 ], [ -83.134, 63.962 ], [ -82.931, 64.135 ], [ -83.092, 64.175 ], [ -83.532, 64.102 ], [ -83.663, 64.0 ], [ -83.605, 63.763 ], [ -84.294, 63.633 ], [ -84.566, 63.285 ], [ -85.436, 63.096 ], [ -85.633, 63.207 ], [ -85.636, 63.688 ], [ -87.163, 63.574 ], [ -87.207, 63.715 ], [ -86.949, 63.89 ], [ -86.171, 64.091 ], [ -86.393, 64.58 ], [ -86.125, 64.919 ], [ -86.093, 65.506 ], [ -85.928, 65.764 ], [ -85.515, 65.923 ], [ -85.14, 65.762 ] ] ], [ [ [ -84.837, 65.973 ], [ -84.558, 65.612 ], [ -84.727, 65.541 ], [ -85.095, 65.741 ], [ -85.077, 66.03 ], [ -84.837, 65.973 ] ] ], [ [ [ -84.161, 65.967 ], [ -84.16, 65.974 ], [ -84.188, 65.981 ], [ -84.201, 65.977 ], [ -84.208, 65.987 ], [ -84.243, 65.976 ], [ -84.258, 66.005 ], [ -84.381, 66.0 ], [ -84.45, 66.136 ], [ -83.675, 65.934 ], [ -83.784, 65.806 ], [ -83.536, 65.694 ], [ -83.177, 65.707 ], [ -83.804, 65.641 ], [ -83.663, 65.746 ], [ -84.125, 65.762 ], [ -84.155, 65.965 ], [ -84.161, 65.967 ] ] ], [ [ [ -74.33, 68.183 ], [ -74.215, 68.15 ], [ -74.203, 68.142 ], [ -74.25, 68.062 ], [ -73.513, 68.048 ], [ -73.331, 67.84 ], [ -74.317, 67.762 ], [ -74.775, 67.979 ], [ -74.351, 68.185 ], [ -74.33, 68.183 ] ] ], [ [ [ -86.41, 68.203 ], [ -86.345, 67.952 ], [ -86.568, 67.725 ], [ -86.961, 67.901 ], [ -86.844, 67.997 ], [ -86.975, 68.102 ], [ -86.656, 68.306 ], [ -86.41, 68.203 ] ] ], [ [ [ -75.117, 68.236 ], [ -75.04, 67.605 ], [ -75.746, 67.261 ], [ -77.083, 67.258 ], [ -77.285, 67.687 ], [ -77.194, 67.86 ], [ -76.319, 68.339 ], [ -75.117, 68.236 ] ] ], [ [ [ -78.929, 68.361 ], [ -78.806, 68.278 ], [ -79.191, 68.217 ], [ -79.083, 68.367 ], [ -78.929, 68.361 ] ] ], [ [ [ -104.597, 68.569 ], [ -104.39, 68.465 ], [ -105.077, 68.549 ], [ -104.928, 68.597 ], [ -104.597, 68.569 ] ] ], [ [ [ -74.981, 68.695 ], [ -74.707, 68.4 ], [ -74.91, 68.325 ], [ -75.405, 68.521 ], [ -75.239, 68.728 ], [ -74.981, 68.695 ] ] ], [ [ [ -101.677, 68.748 ], [ -101.81, 68.563 ], [ -102.335, 68.695 ], [ -101.887, 68.828 ], [ -101.677, 68.748 ] ] ], [ [ [ -100.117, 68.91 ], [ -100.134, 68.796 ], [ -100.593, 68.766 ], [ -100.619, 68.998 ], [ -100.452, 69.046 ], [ -100.117, 68.91 ] ] ], [ [ [ -78.21, 69.295 ], [ -78.805, 68.917 ], [ -79.415, 68.923 ], [ -78.462, 69.393 ], [ -78.21, 69.295 ] ] ], [ [ [ -76.953, 69.404 ], [ -76.708, 69.428 ], [ -76.63, 69.393 ], [ -76.898, 69.164 ], [ -77.272, 69.151 ], [ -77.344, 69.414 ], [ -77.113, 69.455 ], [ -76.953, 69.404 ] ] ], [ [ [ -96.151, 69.59 ], [ -96.05, 69.493 ], [ -96.129, 69.353 ], [ -96.661, 69.593 ], [ -96.151, 69.59 ] ] ], [ [ [ -95.59, 69.621 ], [ -95.321, 69.504 ], [ -95.615, 69.329 ], [ -95.722, 69.375 ], [ -95.583, 69.407 ], [ -95.628, 69.533 ], [ -95.801, 69.587 ], [ -95.804, 69.336 ], [ -95.982, 69.371 ], [ -95.773, 69.634 ], [ -95.59, 69.621 ] ] ], [ [ [ -134.152, 69.514 ], [ -133.75, 69.524 ], [ -134.378, 69.163 ], [ -134.385, 69.099 ], [ -134.588, 69.087 ], [ -134.67, 68.999 ], [ -134.848, 69.077 ], [ -134.643, 69.128 ], [ -134.583, 69.222 ], [ -135.001, 69.183 ], [ -134.777, 69.301 ], [ -134.945, 69.362 ], [ -134.645, 69.355 ], [ -134.754, 69.418 ], [ -134.605, 69.385 ], [ -134.393, 69.484 ], [ -134.571, 69.455 ], [ -134.621, 69.521 ], [ -134.372, 69.704 ], [ -134.152, 69.514 ] ] ], [ [ [ -77.943, 69.645 ], [ -78.857, 69.477 ], [ -78.217, 69.674 ], [ -78.161, 69.759 ], [ -77.943, 69.645 ] ] ], [ [ [ -79.449, 69.807 ], [ -79.325, 69.708 ], [ -80.051, 69.656 ], [ -79.907, 69.525 ], [ -80.016, 69.49 ], [ -80.817, 69.695 ], [ -79.665, 69.821 ], [ -79.449, 69.807 ] ] ], [ [ [ -97.381, 69.758 ], [ -97.383, 69.582 ], [ -97.264, 69.714 ], [ -96.262, 69.35 ], [ -96.137, 69.024 ], [ -96.132, 69.185 ], [ -96.04, 69.207 ], [ -96.048, 69.237 ], [ -96.013, 69.244 ], [ -95.826, 68.882 ], [ -95.157, 68.867 ], [ -96.543, 68.454 ], [ -98.089, 68.681 ], [ -98.249, 68.845 ], [ -98.452, 68.74 ], [ -98.995, 68.976 ], [ -99.173, 68.83 ], [ -99.544, 69.015 ], [ -99.411, 69.151 ], [ -98.347, 69.307 ], [ -98.578, 69.434 ], [ -98.41, 69.471 ], [ -98.533, 69.593 ], [ -98.349, 69.574 ], [ -98.192, 69.482 ], [ -98.029, 69.433 ], [ -97.975, 69.443 ], [ -98.34, 69.612 ], [ -97.951, 69.905 ], [ -97.381, 69.758 ] ] ], [ [ [ -86.593, 70.118 ], [ -86.45, 70.005 ], [ -87.378, 70.103 ], [ -87.071, 70.158 ], [ -86.593, 70.118 ] ] ], [ [ [ -100.677, 70.697 ], [ -100.147, 70.576 ], [ -100.506, 70.51 ], [ -100.652, 70.565 ], [ -100.704, 70.696 ], [ -100.639, 70.706 ], [ -100.677, 70.697 ] ] ], [ [ [ -71.947, 71.037 ], [ -71.362, 70.995 ], [ -71.977, 70.821 ], [ -72.246, 70.906 ], [ -72.018, 71.045 ], [ -71.874, 71.047 ], [ -71.947, 71.037 ] ] ], [ [ [ -73.236, 71.393 ], [ -73.0, 71.523 ], [ -72.826, 71.439 ], [ -73.032, 71.411 ], [ -73.06, 71.301 ], [ -73.262, 71.362 ], [ -73.39, 71.52 ], [ -73.132, 71.565 ], [ -73.236, 71.393 ] ] ], [ [ [ -93.418, 61.8 ], [ -93.322, 61.776 ], [ -93.317, 61.787 ], [ -93.238, 61.779 ], [ -93.206, 61.767 ], [ -93.474, 61.768 ], [ -93.291, 61.725 ], [ -94.057, 61.408 ], [ -93.809, 61.337 ], [ -94.073, 61.303 ], [ -94.004, 61.164 ], [ -94.119, 61.155 ], [ -94.034, 61.149 ], [ -93.967, 61.134 ], [ -94.111, 61.14 ], [ -94.111, 61.127 ], [ -93.985, 61.08 ], [ -94.451, 60.835 ], [ -94.359, 60.785 ], [ -94.535, 60.535 ], [ -94.815, 60.545 ], [ -94.612, 60.375 ], [ -94.862, 59.906 ], [ -94.662, 59.351 ], [ -94.793, 59.345 ], [ -94.857, 59.054 ], [ -94.428, 58.703 ], [ -93.226, 58.792 ], [ -92.429, 57.371 ], [ -92.687, 56.986 ], [ -90.634, 57.238 ], [ -88.863, 56.86 ], [ -87.969, 56.467 ], [ -87.568, 56.071 ], [ -87.628, 55.979 ], [ -85.893, 55.659 ], [ -85.05, 55.271 ], [ -82.323, 55.154 ], [ -82.193, 54.807 ], [ -82.455, 54.201 ], [ -82.112, 53.813 ], [ -82.21, 53.594 ], [ -82.098, 53.294 ], [ -82.348, 52.939 ], [ -81.955, 52.78 ], [ -81.506, 52.326 ], [ -82.055, 52.136 ], [ -81.509, 52.229 ], [ -81.078, 52.058 ], [ -80.57, 51.709 ], [ -80.385, 51.343 ], [ -79.64, 51.0 ], [ -79.731, 51.234 ], [ -79.443, 51.209 ], [ -79.682, 51.26 ], [ -79.732, 51.372 ], [ -79.358, 51.658 ], [ -78.983, 51.465 ], [ -78.938, 51.19 ], [ -78.831, 51.145 ], [ -78.905, 51.3 ], [ -78.749, 51.322 ], [ -78.899, 51.382 ], [ -78.673, 51.48 ], [ -78.826, 51.577 ], [ -78.732, 51.598 ], [ -78.71, 51.578 ], [ -78.654, 51.552 ], [ -78.639, 51.552 ], [ -78.727, 51.601 ], [ -78.843, 51.599 ], [ -78.929, 51.646 ], [ -78.942, 51.692 ], [ -78.992, 51.703 ], [ -79.0, 51.739 ], [ -79.031, 51.744 ], [ -79.034, 51.758 ], [ -79.041, 51.76 ], [ -79.041, 51.762 ], [ -79.044, 51.763 ], [ -79.044, 51.764 ], [ -78.627, 51.983 ], [ -78.559, 52.234 ], [ -78.503, 52.247 ], [ -78.582, 52.253 ], [ -78.508, 52.473 ], [ -78.873, 52.74 ], [ -78.716, 52.775 ], [ -78.702, 52.877 ], [ -78.995, 53.013 ], [ -78.905, 53.401 ], [ -79.143, 53.491 ], [ -78.886, 53.556 ], [ -79.155, 53.705 ], [ -78.927, 53.829 ], [ -79.155, 53.948 ], [ -78.98, 54.038 ], [ -79.508, 54.365 ], [ -79.027, 54.375 ], [ -79.289, 54.427 ], [ -78.998, 54.425 ], [ -79.01, 54.491 ], [ -79.503, 54.414 ], [ -79.535, 54.619 ], [ -79.761, 54.634 ], [ -77.589, 55.288 ], [ -77.795, 55.267 ], [ -76.699, 55.978 ], [ -76.659, 56.165 ], [ -76.324, 56.104 ], [ -75.899, 56.127 ], [ -76.338, 56.349 ], [ -76.12, 56.413 ], [ -76.356, 56.548 ], [ -76.374, 56.313 ], [ -76.612, 56.181 ], [ -76.475, 56.163 ], [ -76.646, 56.167 ], [ -76.67, 56.194 ], [ -76.517, 56.452 ], [ -76.55, 57.096 ], [ -76.866, 57.628 ], [ -76.839, 57.645 ], [ -76.829, 57.643 ], [ -76.792, 57.647 ], [ -76.785, 57.651 ], [ -76.775, 57.652 ], [ -76.757, 57.655 ], [ -76.738, 57.66 ], [ -76.722, 57.671 ], [ -77.2, 58.001 ], [ -77.024, 57.988 ], [ -76.988, 58.023 ], [ -78.597, 58.676 ], [ -78.525, 58.653 ], [ -78.485, 58.657 ], [ -78.595, 58.797 ], [ -78.474, 58.71 ], [ -78.404, 58.689 ], [ -78.351, 58.686 ], [ -78.536, 58.775 ], [ -78.541, 58.947 ], [ -78.507, 58.844 ], [ -78.288, 58.932 ], [ -78.316, 59.064 ], [ -78.08, 59.087 ], [ -78.128, 59.214 ], [ -78.03, 59.229 ], [ -77.972, 59.212 ], [ -77.973, 59.195 ], [ -77.944, 59.183 ], [ -77.943, 59.176 ], [ -77.923, 59.166 ], [ -77.887, 59.164 ], [ -78.024, 59.244 ], [ -77.642, 59.371 ], [ -77.932, 59.386 ], [ -77.89, 59.507 ], [ -77.755, 59.548 ], [ -77.528, 59.466 ], [ -77.466, 59.48 ], [ -77.363, 59.453 ], [ -77.334, 59.45 ], [ -77.322, 59.45 ], [ -77.751, 59.556 ], [ -77.809, 59.708 ], [ -77.526, 59.581 ], [ -77.281, 59.555 ], [ -77.061, 59.563 ], [ -77.571, 59.685 ], [ -77.281, 59.8 ], [ -77.466, 59.917 ], [ -77.191, 60.004 ], [ -77.637, 60.058 ], [ -77.435, 60.118 ], [ -77.775, 60.388 ], [ -77.581, 60.539 ], [ -77.263, 60.498 ], [ -77.838, 60.636 ], [ -77.494, 60.847 ], [ -78.227, 60.784 ], [ -77.712, 61.191 ], [ -77.813, 61.463 ], [ -77.648, 61.385 ], [ -77.721, 61.467 ], [ -77.56, 61.478 ], [ -77.71, 61.543 ], [ -77.483, 61.514 ], [ -78.003, 61.705 ], [ -78.193, 62.256 ], [ -77.51, 62.582 ], [ -75.562, 62.273 ], [ -75.811, 62.199 ], [ -75.893, 62.167 ], [ -75.889, 62.161 ], [ -75.336, 62.322 ], [ -74.528, 62.095 ], [ -74.747, 62.21 ], [ -73.672, 62.48 ], [ -72.953, 62.116 ], [ -72.612, 62.111 ], [ -72.576, 61.982 ], [ -72.794, 61.829 ], [ -72.591, 61.781 ], [ -72.566, 61.95 ], [ -71.98, 61.678 ], [ -72.254, 61.608 ], [ -72.274, 61.557 ], [ -71.966, 61.596 ], [ -71.939, 61.708 ], [ -71.555, 61.621 ], [ -71.872, 61.433 ], [ -71.62, 61.419 ], [ -71.567, 61.405 ], [ -71.918, 61.395 ], [ -71.641, 61.327 ], [ -71.745, 61.331 ], [ -71.802, 61.273 ], [ -71.58, 61.163 ], [ -70.726, 61.008 ], [ -70.13, 61.09 ], [ -70.144, 60.881 ], [ -69.9, 60.8 ], [ -69.644, 60.877 ], [ -69.675, 61.023 ], [ -69.608, 61.08 ], [ -69.501, 61.067 ], [ -69.364, 60.806 ], [ -69.811, 60.511 ], [ -69.619, 60.07 ], [ -69.78, 59.989 ], [ -70.344, 60.034 ], [ -70.522, 59.993 ], [ -70.624, 60.025 ], [ -70.716, 60.021 ], [ -70.966, 60.08 ], [ -70.977, 60.067 ], [ -70.558, 59.974 ], [ -69.72, 59.967 ], [ -69.541, 59.87 ], [ -69.696, 59.681 ], [ -69.503, 59.64 ], [ -69.752, 59.486 ], [ -69.656, 59.463 ], [ -69.63, 59.35 ], [ -69.724, 59.348 ], [ -69.809, 59.298 ], [ -69.431, 59.365 ], [ -69.244, 59.333 ], [ -69.227, 59.229 ], [ -69.527, 59.167 ], [ -69.344, 59.107 ], [ -69.493, 59.079 ], [ -69.547, 58.81 ], [ -69.867, 59.051 ], [ -69.787, 58.831 ], [ -70.073, 58.786 ], [ -69.783, 58.711 ], [ -69.811, 58.584 ], [ -69.386, 58.873 ], [ -68.628, 58.912 ], [ -68.35, 58.782 ], [ -68.295, 58.527 ], [ -67.968, 58.569 ], [ -67.879, 58.272 ], [ -67.806, 58.47 ], [ -67.74, 58.468 ], [ -67.592, 58.206 ], [ -67.178, 58.4 ], [ -67.103, 58.364 ], [ -67.077, 58.29 ], [ -67.071, 58.28 ], [ -67.064, 58.275 ], [ -66.938, 58.515 ], [ -66.616, 58.474 ], [ -66.375, 58.855 ], [ -65.927, 58.624 ], [ -66.102, 58.777 ], [ -65.816, 58.794 ], [ -66.001, 58.912 ], [ -65.867, 59.017 ], [ -65.382, 58.91 ], [ -65.593, 59.059 ], [ -65.487, 59.077 ], [ -65.447, 59.04 ], [ -65.458, 59.06 ], [ -65.353, 59.04 ], [ -65.364, 59.058 ], [ -65.312, 59.043 ], [ -65.307, 59.046 ], [ -65.559, 59.121 ], [ -65.637, 59.074 ], [ -65.75, 59.184 ], [ -65.64, 59.202 ], [ -65.737, 59.214 ], [ -65.722, 59.286 ], [ -65.548, 59.152 ], [ -65.591, 59.193 ], [ -65.606, 59.26 ], [ -65.582, 59.261 ], [ -65.502, 59.145 ], [ -65.47, 59.14 ], [ -65.632, 59.412 ], [ -65.312, 59.243 ], [ -65.524, 59.479 ], [ -65.294, 59.495 ], [ -65.103, 59.397 ], [ -65.03, 59.378 ], [ -65.002, 59.381 ], [ -64.927, 59.366 ], [ -64.905, 59.366 ], [ -65.176, 59.481 ], [ -65.28, 59.507 ], [ -65.391, 59.502 ], [ -65.538, 59.747 ], [ -65.142, 59.965 ], [ -65.019, 59.893 ], [ -64.999, 59.897 ], [ -65.147, 60.044 ], [ -64.915, 60.04 ], [ -65.009, 60.159 ], [ -64.835, 60.203 ], [ -64.959, 60.254 ], [ -64.779, 60.288 ], [ -64.847, 60.371 ], [ -64.415, 60.271 ], [ -64.379, 60.236 ], [ -64.591, 60.292 ], [ -64.727, 60.269 ], [ -64.361, 60.173 ], [ -64.451, 60.09 ], [ -64.582, 60.081 ], [ -64.682, 60.041 ], [ -64.7, 60.021 ], [ -64.439, 60.066 ], [ -64.42, 60.115 ], [ -64.363, 60.13 ], [ -64.391, 60.011 ], [ -64.412, 60.001 ], [ -64.518, 60.009 ], [ -64.595, 60.008 ], [ -64.607, 60.003 ], [ -64.397, 59.983 ], [ -64.54, 59.905 ], [ -64.483, 59.891 ], [ -64.173, 60.037 ], [ -64.305, 59.948 ], [ -64.128, 59.905 ], [ -64.173, 59.784 ], [ -64.062, 59.874 ], [ -63.944, 59.762 ], [ -64.134, 59.694 ], [ -64.251, 59.804 ], [ -64.239, 59.711 ], [ -63.985, 59.652 ], [ -63.913, 59.67 ], [ -63.949, 59.636 ], [ -64.045, 59.641 ], [ -64.128, 59.521 ], [ -64.004, 59.631 ], [ -63.86, 59.606 ], [ -63.868, 59.575 ], [ -63.901, 59.581 ], [ -63.967, 59.534 ], [ -63.977, 59.502 ], [ -63.724, 59.513 ], [ -64.067, 59.39 ], [ -63.702, 59.369 ], [ -64.007, 59.226 ], [ -63.644, 59.361 ], [ -63.514, 59.313 ], [ -63.644, 59.215 ], [ -63.379, 59.274 ], [ -63.449, 59.1 ], [ -63.95, 59.083 ], [ -64.071, 59.018 ], [ -63.14, 59.054 ], [ -63.354, 59.029 ], [ -63.138, 58.928 ], [ -63.341, 58.859 ], [ -63.148, 58.877 ], [ -63.183, 58.821 ], [ -63.178, 58.763 ], [ -63.111, 58.884 ], [ -63.024, 58.896 ], [ -62.9, 58.784 ], [ -62.924, 58.731 ], [ -63.055, 58.72 ], [ -63.09, 58.664 ], [ -62.851, 58.701 ], [ -63.166, 58.507 ], [ -63.466, 58.55 ], [ -63.604, 58.459 ], [ -63.335, 58.463 ], [ -63.598, 58.313 ], [ -63.608, 58.288 ], [ -63.281, 58.465 ], [ -63.093, 58.461 ], [ -63.176, 58.383 ], [ -63.179, 58.364 ], [ -63.167, 58.357 ], [ -62.557, 58.48 ], [ -62.706, 58.406 ], [ -62.609, 58.311 ], [ -62.863, 58.26 ], [ -62.919, 58.198 ], [ -62.656, 58.267 ], [ -62.588, 58.203 ], [ -63.057, 58.158 ], [ -63.354, 57.969 ], [ -62.447, 58.172 ], [ -62.53, 58.108 ], [ -62.541, 58.054 ], [ -62.319, 58.022 ], [ -62.587, 57.985 ], [ -62.675, 57.955 ], [ -62.674, 57.922 ], [ -61.94, 57.915 ], [ -61.945, 57.782 ], [ -62.166, 57.835 ], [ -61.892, 57.632 ], [ -62.563, 57.506 ], [ -61.897, 57.411 ], [ -61.787, 57.238 ], [ -62.041, 57.264 ], [ -61.998, 57.204 ], [ -61.363, 57.099 ], [ -61.357, 56.949 ], [ -61.486, 56.986 ], [ -61.933, 56.805 ], [ -61.671, 56.619 ], [ -61.869, 56.627 ], [ -61.899, 56.68 ], [ -61.998, 56.66 ], [ -62.358, 56.741 ], [ -62.502, 56.764 ], [ -62.52, 56.757 ], [ -61.647, 56.538 ], [ -62.225, 56.471 ], [ -61.577, 56.281 ], [ -62.119, 56.3 ], [ -62.047, 56.221 ], [ -61.331, 56.233 ], [ -61.511, 56.071 ], [ -61.306, 56.085 ], [ -61.245, 56.055 ], [ -61.298, 56.02 ], [ -61.49, 56.033 ], [ -61.534, 56.023 ], [ -61.536, 56.013 ], [ -61.143, 55.978 ], [ -61.073, 55.888 ], [ -61.157, 55.919 ], [ -61.433, 55.928 ], [ -61.527, 55.879 ], [ -60.726, 55.837 ], [ -60.983, 55.743 ], [ -60.926, 55.724 ], [ -60.598, 55.811 ], [ -60.766, 55.639 ], [ -60.626, 55.634 ], [ -60.666, 55.597 ], [ -60.683, 55.54 ], [ -60.495, 55.803 ], [ -60.327, 55.777 ], [ -60.377, 55.668 ], [ -60.492, 55.669 ], [ -60.537, 55.574 ], [ -60.595, 55.536 ], [ -60.615, 55.507 ], [ -60.452, 55.633 ], [ -60.457, 55.496 ], [ -60.309, 55.574 ], [ -60.519, 55.337 ], [ -60.338, 55.494 ], [ -60.203, 55.418 ], [ -61.0, 55.038 ], [ -60.691, 54.982 ], [ -60.252, 55.273 ], [ -60.137, 55.268 ], [ -60.301, 55.107 ], [ -60.485, 55.072 ], [ -60.493, 55.041 ], [ -60.29, 55.106 ], [ -60.139, 55.235 ], [ -60.033, 55.265 ], [ -60.311, 55.052 ], [ -60.304, 55.0 ], [ -59.781, 55.333 ], [ -59.737, 55.206 ], [ -59.964, 55.168 ], [ -59.99, 55.11 ], [ -59.516, 55.219 ], [ -59.415, 55.158 ], [ -59.753, 54.972 ], [ -59.715, 54.96 ], [ -59.856, 54.878 ], [ -59.829, 54.823 ], [ -59.951, 54.757 ], [ -59.931, 54.738 ], [ -59.15, 55.235 ], [ -59.413, 54.966 ], [ -59.027, 55.154 ], [ -59.054, 55.0 ], [ -58.898, 54.942 ], [ -59.034, 54.894 ], [ -58.88, 54.811 ], [ -58.398, 54.734 ], [ -57.942, 54.931 ], [ -58.0, 54.787 ], [ -57.916, 54.839 ], [ -57.84, 54.813 ], [ -58.043, 54.75 ], [ -58.173, 54.764 ], [ -58.195, 54.745 ], [ -57.335, 54.581 ], [ -57.404, 54.494 ], [ -57.664, 54.489 ], [ -57.7, 54.484 ], [ -57.713, 54.48 ], [ -57.716, 54.477 ], [ -57.719, 54.477 ], [ -57.722, 54.48 ], [ -57.728, 54.481 ], [ -57.748, 54.475 ], [ -57.492, 54.482 ], [ -57.412, 54.462 ], [ -57.601, 54.384 ], [ -59.619, 54.037 ], [ -58.379, 54.227 ], [ -58.615, 54.039 ], [ -60.118, 53.77 ], [ -60.015, 53.712 ], [ -60.196, 53.551 ], [ -60.028, 53.437 ], [ -60.409, 53.346 ], [ -60.06, 53.342 ], [ -59.791, 53.486 ], [ -59.909, 53.53 ], [ -59.106, 53.675 ], [ -58.851, 53.95 ], [ -57.781, 54.072 ], [ -58.331, 54.089 ], [ -58.362, 54.204 ], [ -57.465, 54.199 ], [ -57.072, 53.815 ], [ -57.533, 53.584 ], [ -57.323, 53.593 ], [ -57.373, 53.425 ], [ -57.021, 53.714 ], [ -56.479, 53.787 ], [ -56.402, 53.716 ], [ -56.726, 53.681 ], [ -56.261, 53.603 ], [ -56.5, 53.608 ], [ -56.354, 53.57 ], [ -56.489, 53.512 ], [ -56.179, 53.603 ], [ -55.963, 53.544 ], [ -56.019, 53.499 ], [ -56.065, 53.543 ], [ -56.119, 53.535 ], [ -56.183, 53.559 ], [ -56.274, 53.566 ], [ -56.288, 53.56 ], [ -55.799, 53.336 ], [ -55.924, 53.3 ], [ -55.75, 53.138 ], [ -56.197, 53.051 ], [ -56.046, 53.029 ], [ -56.148, 52.99 ], [ -56.15, 52.936 ], [ -56.068, 52.995 ], [ -55.881, 53.009 ], [ -55.805, 52.838 ], [ -56.208, 52.842 ], [ -55.755, 52.618 ], [ -56.294, 52.718 ], [ -55.842, 52.582 ], [ -56.542, 52.604 ], [ -55.747, 52.498 ], [ -55.635, 52.361 ], [ -55.817, 52.339 ], [ -56.214, 52.452 ], [ -56.243, 52.451 ], [ -55.621, 52.217 ], [ -56.214, 51.785 ], [ -56.873, 51.597 ], [ -56.959, 51.425 ], [ -57.743, 51.472 ], [ -58.225, 51.263 ], [ -58.266, 51.391 ], [ -58.33, 51.371 ], [ -58.257, 51.312 ], [ -58.301, 51.218 ], [ -58.635, 51.274 ], [ -58.565, 51.179 ], [ -58.892, 50.946 ], [ -58.899, 51.059 ], [ -59.046, 50.997 ], [ -59.013, 50.738 ], [ -59.263, 50.774 ], [ -59.429, 50.537 ], [ -60.15, 50.195 ], [ -60.285, 50.344 ], [ -60.343, 50.207 ], [ -61.027, 50.26 ], [ -61.739, 50.085 ], [ -61.896, 50.231 ], [ -62.703, 50.311 ], [ -63.402, 50.201 ], [ -65.119, 50.283 ], [ -65.118, 50.311 ], [ -65.113, 50.312 ], [ -65.113, 50.311 ], [ -65.11, 50.31 ], [ -65.109, 50.31 ], [ -65.107, 50.312 ], [ -65.107, 50.315 ], [ -65.106, 50.314 ], [ -65.101, 50.314 ], [ -65.098, 50.315 ], [ -65.097, 50.314 ], [ -65.095, 50.314 ], [ -65.095, 50.316 ], [ -65.09, 50.316 ], [ -65.085, 50.321 ], [ -65.086, 50.325 ], [ -65.079, 50.323 ], [ -65.072, 50.325 ], [ -65.071, 50.324 ], [ -65.066, 50.326 ], [ -65.059, 50.323 ], [ -65.057, 50.324 ], [ -65.058, 50.326 ], [ -65.056, 50.326 ], [ -65.055, 50.327 ], [ -65.056, 50.33 ], [ -65.052, 50.33 ], [ -65.051, 50.331 ], [ -65.046, 50.342 ], [ -65.046, 50.348 ], [ -65.047, 50.352 ], [ -65.054, 50.354 ], [ -65.046, 50.359 ], [ -65.044, 50.363 ], [ -65.044, 50.369 ], [ -65.048, 50.371 ], [ -65.043, 50.379 ], [ -65.043, 50.398 ], [ -66.1, 50.187 ], [ -66.46, 50.271 ], [ -66.452, 50.127 ], [ -67.149, 49.809 ], [ -67.372, 49.322 ], [ -68.325, 49.196 ], [ -68.189, 49.1 ], [ -69.053, 48.793 ], [ -69.681, 48.137 ], [ -69.942, 48.264 ], [ -70.389, 48.373 ], [ -70.988, 48.465 ], [ -71.25, 48.451 ], [ -69.707, 48.098 ], [ -70.231, 47.488 ], [ -70.496, 47.442 ], [ -70.716, 47.108 ], [ -71.271, 46.755 ], [ -71.883, 46.689 ], [ -73.151, 46.108 ], [ -73.607, 45.417 ], [ -74.011, 45.418 ], [ -73.94, 45.331 ], [ -74.575, 45.055 ], [ -74.983, 45.014 ], [ -75.938, 44.375 ], [ -76.441, 44.294 ], [ -77.021, 44.051 ], [ -76.884, 44.153 ], [ -77.068, 44.105 ], [ -77.039, 44.176 ], [ -76.98, 44.197 ], [ -76.967, 44.235 ], [ -76.951, 44.241 ], [ -76.95, 44.244 ], [ -76.947, 44.246 ], [ -76.945, 44.249 ], [ -76.945, 44.25 ], [ -76.968, 44.236 ], [ -76.99, 44.199 ], [ -77.352, 44.165 ], [ -77.603, 44.066 ], [ -77.067, 44.174 ], [ -77.137, 44.009 ], [ -76.843, 44.11 ], [ -77.052, 43.919 ], [ -76.86, 43.933 ], [ -77.152, 43.839 ], [ -77.665, 44.038 ], [ -79.097, 43.824 ], [ -79.972, 43.269 ], [ -79.074, 43.262 ], [ -79.113, 43.044 ], [ -78.932, 42.884 ], [ -80.216, 42.783 ], [ -80.455, 42.614 ], [ -80.103, 42.541 ], [ -81.323, 42.651 ], [ -81.852, 42.256 ], [ -82.41, 42.111 ], [ -82.508, 41.907 ], [ -83.109, 42.047 ], [ -83.109, 42.257 ], [ -82.452, 42.32 ], [ -82.417, 42.491 ], [ -82.589, 42.499 ], [ -82.422, 42.999 ], [ -81.717, 43.375 ], [ -81.759, 44.074 ], [ -81.272, 44.63 ], [ -81.367, 45.001 ], [ -81.729, 45.221 ], [ -81.29, 45.245 ], [ -81.224, 44.96 ], [ -80.96, 44.956 ], [ -81.14, 44.748 ], [ -80.904, 44.792 ], [ -80.944, 44.567 ], [ -80.646, 44.722 ], [ -80.098, 44.472 ], [ -79.979, 44.668 ], [ -80.124, 44.809 ], [ -79.667, 44.73 ], [ -79.676, 44.884 ], [ -79.793, 44.811 ], [ -80.098, 45.086 ], [ -79.924, 45.105 ], [ -80.141, 45.201 ], [ -80.085, 45.213 ], [ -80.026, 45.35 ], [ -80.301, 45.357 ], [ -80.756, 45.97 ], [ -81.674, 45.94 ], [ -81.475, 46.048 ], [ -81.718, 46.008 ], [ -81.532, 46.06 ], [ -81.662, 46.115 ], [ -81.81, 45.972 ], [ -81.958, 46.046 ], [ -81.723, 46.109 ], [ -84.048, 46.314 ], [ -84.177, 46.549 ], [ -84.523, 46.473 ], [ -84.598, 46.57 ], [ -84.421, 46.691 ], [ -84.566, 46.689 ], [ -84.559, 46.822 ], [ -84.355, 46.876 ], [ -84.779, 46.974 ], [ -84.585, 47.3 ], [ -85.037, 47.599 ], [ -84.845, 47.946 ], [ -85.873, 47.983 ], [ -86.432, 48.775 ], [ -87.27, 48.759 ], [ -88.262, 49.0 ], [ -88.092, 48.776 ], [ -88.195, 48.59 ], [ -88.338, 48.646 ], [ -88.303, 48.567 ], [ -88.56, 48.41 ], [ -88.301, 48.757 ], [ -88.474, 48.847 ], [ -88.735, 48.357 ], [ -88.939, 48.302 ], [ -88.772, 48.575 ], [ -89.141, 48.481 ], [ -89.345, 48.094 ], [ -89.874, 47.987 ], [ -90.759, 48.087 ], [ -90.867, 48.245 ], [ -91.583, 48.049 ], [ -92.076, 48.363 ], [ -92.379, 48.231 ], [ -92.508, 48.44 ], [ -92.715, 48.456 ], [ -92.649, 48.546 ], [ -92.98, 48.633 ], [ -93.769, 48.518 ], [ -94.526, 48.702 ], [ -94.689, 48.776 ], [ -94.828, 49.316 ], [ -95.168, 49.389 ], [ -95.165, 48.996 ], [ -122.89, 49.091 ], [ -123.084, 48.971 ], [ -123.263, 49.27 ], [ -122.835, 49.284 ], [ -122.883, 49.471 ], [ -122.956, 49.3 ], [ -123.268, 49.332 ], [ -123.225, 49.647 ], [ -123.17, 49.666 ], [ -123.159, 49.677 ], [ -123.16, 49.682 ], [ -123.153, 49.687 ], [ -123.152, 49.697 ], [ -123.143, 49.702 ], [ -123.143, 49.705 ], [ -123.492, 49.519 ], [ -123.536, 49.383 ], [ -123.965, 49.509 ], [ -124.073, 49.637 ], [ -123.908, 49.747 ], [ -123.756, 49.481 ], [ -123.79, 49.602 ], [ -123.563, 49.671 ], [ -123.528, 49.699 ], [ -123.805, 49.625 ], [ -123.84, 49.659 ], [ -123.739, 49.723 ], [ -123.716, 49.786 ], [ -123.947, 49.775 ], [ -123.866, 49.917 ], [ -123.974, 49.981 ], [ -123.743, 50.087 ], [ -123.77, 50.206 ], [ -123.99, 50.21 ], [ -123.802, 50.093 ], [ -124.014, 49.996 ], [ -123.922, 49.828 ], [ -124.039, 49.932 ], [ -124.269, 49.741 ], [ -124.806, 50.011 ], [ -124.675, 49.964 ], [ -124.653, 50.08 ], [ -124.743, 50.036 ], [ -124.806, 50.075 ], [ -124.59, 50.242 ], [ -124.736, 50.326 ], [ -124.364, 50.485 ], [ -124.83, 50.307 ], [ -125.009, 50.446 ], [ -124.97, 50.376 ], [ -125.081, 50.325 ], [ -125.052, 50.48 ], [ -124.859, 50.592 ], [ -124.822, 50.931 ], [ -125.114, 50.43 ], [ -125.365, 50.569 ], [ -125.594, 50.449 ], [ -125.402, 50.716 ], [ -125.471, 50.723 ], [ -125.707, 50.422 ], [ -125.819, 50.493 ], [ -125.721, 50.527 ], [ -125.961, 50.468 ], [ -126.287, 50.521 ], [ -125.941, 50.638 ], [ -126.199, 50.579 ], [ -126.301, 50.63 ], [ -125.728, 50.661 ], [ -125.496, 50.939 ], [ -125.587, 51.095 ], [ -125.712, 50.716 ], [ -126.182, 50.668 ], [ -126.01, 50.802 ], [ -126.566, 50.833 ], [ -126.187, 50.924 ], [ -126.516, 51.038 ], [ -126.664, 50.865 ], [ -126.841, 50.912 ], [ -126.635, 50.934 ], [ -126.805, 50.946 ], [ -126.775, 50.962 ], [ -126.784, 51.021 ], [ -127.2, 50.92 ], [ -126.896, 50.886 ], [ -127.021, 50.817 ], [ -127.525, 51.014 ], [ -127.499, 51.099 ], [ -127.209, 50.951 ], [ -127.325, 51.04 ], [ -126.766, 51.068 ], [ -126.705, 50.992 ], [ -126.645, 51.057 ], [ -126.774, 51.076 ], [ -126.66, 51.14 ], [ -126.662, 51.201 ], [ -126.797, 51.08 ], [ -126.819, 51.103 ], [ -127.156, 51.053 ], [ -127.341, 51.056 ], [ -127.339, 51.038 ], [ -127.467, 51.09 ], [ -127.143, 51.061 ], [ -127.197, 51.095 ], [ -127.467, 51.094 ], [ -127.554, 51.125 ], [ -126.909, 51.098 ], [ -127.134, 51.122 ], [ -127.106, 51.145 ], [ -127.106, 51.164 ], [ -127.006, 51.156 ], [ -126.945, 51.162 ], [ -126.922, 51.173 ], [ -126.917, 51.182 ], [ -126.916, 51.188 ], [ -127.787, 51.163 ], [ -127.056, 51.353 ], [ -127.781, 51.321 ], [ -127.566, 51.473 ], [ -127.557, 51.402 ], [ -127.439, 51.438 ], [ -127.304, 51.401 ], [ -127.252, 51.408 ], [ -127.563, 51.478 ], [ -127.25, 51.678 ], [ -127.451, 51.664 ], [ -127.449, 51.755 ], [ -127.379, 51.779 ], [ -127.356, 51.872 ], [ -127.452, 51.78 ], [ -127.458, 51.695 ], [ -127.661, 51.707 ], [ -127.458, 51.685 ], [ -127.662, 51.517 ], [ -127.89, 51.693 ], [ -127.882, 51.897 ], [ -127.668, 51.951 ], [ -127.607, 52.122 ], [ -127.031, 52.31 ], [ -126.666, 51.965 ], [ -126.965, 52.31 ], [ -126.773, 52.394 ], [ -127.242, 52.45 ], [ -126.919, 52.711 ], [ -126.966, 52.839 ], [ -127.084, 52.884 ], [ -126.963, 52.716 ], [ -127.344, 52.418 ], [ -127.633, 52.607 ], [ -127.49, 52.338 ], [ -127.723, 52.36 ], [ -127.883, 52.199 ], [ -127.838, 52.338 ], [ -127.927, 52.445 ], [ -127.713, 52.451 ], [ -127.89, 52.502 ], [ -127.946, 52.446 ], [ -127.883, 52.372 ], [ -128.008, 52.318 ], [ -127.962, 52.479 ], [ -128.002, 52.447 ], [ -127.994, 52.401 ], [ -128.017, 52.392 ], [ -128.0, 52.385 ], [ -128.019, 52.373 ], [ -128.01, 52.355 ], [ -128.018, 52.321 ], [ -128.026, 52.319 ], [ -128.086, 52.433 ], [ -127.979, 52.518 ], [ -128.102, 52.551 ], [ -128.029, 52.623 ], [ -128.025, 52.63 ], [ -128.051, 52.653 ], [ -128.207, 52.463 ], [ -128.152, 52.409 ], [ -128.286, 52.26 ], [ -128.358, 52.266 ], [ -128.115, 52.758 ], [ -127.943, 52.729 ], [ -127.826, 52.735 ], [ -128.131, 52.768 ], [ -128.136, 52.877 ], [ -128.021, 52.901 ], [ -128.033, 52.921 ], [ -128.443, 52.822 ], [ -128.377, 52.996 ], [ -128.486, 52.92 ], [ -128.551, 53.067 ], [ -128.412, 53.086 ], [ -128.851, 53.27 ], [ -128.835, 53.469 ], [ -128.987, 53.542 ], [ -128.473, 53.321 ], [ -128.482, 53.43 ], [ -128.161, 53.455 ], [ -128.123, 53.337 ], [ -128.037, 53.371 ], [ -127.954, 53.267 ], [ -127.875, 53.225 ], [ -127.874, 53.248 ], [ -128.123, 53.483 ], [ -128.768, 53.552 ], [ -128.806, 53.772 ], [ -128.485, 53.827 ], [ -128.713, 53.884 ], [ -128.609, 54.031 ], [ -129.304, 53.649 ], [ -129.284, 53.363 ], [ -130.072, 53.892 ], [ -130.084, 54.113 ], [ -129.876, 54.204 ], [ -129.895, 54.221 ], [ -130.13, 54.148 ], [ -130.303, 54.241 ], [ -130.191, 54.248 ], [ -130.146, 54.285 ], [ -130.238, 54.401 ], [ -130.488, 54.363 ], [ -130.431, 54.637 ], [ -130.071, 54.343 ], [ -129.996, 54.301 ], [ -129.98, 54.302 ], [ -130.104, 54.405 ], [ -129.984, 54.509 ], [ -130.115, 54.418 ], [ -130.387, 54.647 ], [ -130.228, 54.716 ], [ -129.981, 54.603 ], [ -129.946, 54.596 ], [ -129.898, 54.617 ], [ -130.217, 54.724 ], [ -130.055, 54.89 ], [ -130.176, 54.849 ], [ -130.019, 54.974 ], [ -129.722, 54.975 ], [ -130.006, 55.01 ], [ -129.461, 55.478 ], [ -129.701, 55.407 ], [ -129.812, 55.634 ], [ -129.776, 55.363 ], [ -130.111, 54.987 ], [ -129.944, 55.288 ], [ -130.11, 55.563 ], [ -129.987, 55.917 ], [ -130.107, 56.125 ], [ -131.831, 56.601 ], [ -131.872, 56.808 ], [ -132.12, 56.88 ], [ -132.042, 57.046 ], [ -132.367, 57.092 ], [ -132.242, 57.214 ], [ -133.373, 58.427 ], [ -134.96, 59.284 ], [ -135.029, 59.569 ], [ -135.483, 59.8 ], [ -136.293, 59.619 ], [ -136.576, 59.17 ], [ -137.521, 58.917 ], [ -137.598, 59.242 ], [ -139.186, 60.093 ], [ -139.069, 60.352 ], [ -139.977, 60.185 ], [ -141.0, 60.321 ], [ -140.992, 69.617 ], [ -139.113, 69.504 ], [ -138.443, 69.193 ], [ -138.271, 69.18 ], [ -138.387, 69.296 ], [ -137.208, 68.929 ], [ -136.13, 68.874 ], [ -135.147, 68.611 ], [ -135.529, 68.826 ], [ -135.337, 68.818 ], [ -135.293, 68.822 ], [ -135.271, 68.807 ], [ -135.253, 68.812 ], [ -135.289, 68.824 ], [ -135.319, 68.823 ], [ -135.323, 68.827 ], [ -135.338, 68.829 ], [ -135.34, 68.834 ], [ -135.357, 68.837 ], [ -135.549, 68.845 ], [ -135.318, 68.91 ], [ -135.434, 68.992 ], [ -136.007, 69.199 ], [ -135.588, 69.115 ], [ -135.867, 69.278 ], [ -135.183, 69.255 ], [ -135.014, 69.16 ], [ -135.106, 69.059 ], [ -134.534, 68.764 ], [ -134.768, 68.948 ], [ -134.521, 68.869 ], [ -134.594, 69.063 ], [ -134.369, 69.088 ], [ -133.886, 69.322 ], [ -133.004, 69.361 ], [ -132.918, 69.643 ], [ -131.996, 69.701 ], [ -131.437, 69.889 ], [ -131.463, 69.944 ], [ -131.408, 69.96 ], [ -131.239, 69.919 ], [ -131.237, 69.836 ], [ -131.223, 69.808 ], [ -131.201, 69.804 ], [ -130.942, 69.994 ], [ -131.012, 70.028 ], [ -130.95, 70.086 ], [ -130.555, 70.147 ], [ -130.144, 70.009 ], [ -129.876, 70.058 ], [ -129.743, 70.172 ], [ -129.863, 70.185 ], [ -129.752, 70.196 ], [ -129.761, 70.23 ], [ -129.732, 70.242 ], [ -129.669, 70.254 ], [ -129.39, 70.096 ], [ -130.942, 69.531 ], [ -131.047, 69.625 ], [ -132.008, 69.517 ], [ -132.332, 69.234 ], [ -132.51, 69.275 ], [ -132.486, 69.143 ], [ -132.598, 69.272 ], [ -132.868, 69.206 ], [ -132.929, 69.122 ], [ -132.853, 69.09 ], [ -132.922, 69.069 ], [ -132.872, 68.959 ], [ -133.079, 69.074 ], [ -133.517, 68.843 ], [ -133.505, 68.794 ], [ -133.254, 68.715 ], [ -132.931, 68.672 ], [ -133.41, 68.834 ], [ -132.972, 68.848 ], [ -132.729, 68.774 ], [ -132.464, 68.792 ], [ -132.852, 68.912 ], [ -132.617, 68.892 ], [ -132.524, 68.986 ], [ -132.886, 69.045 ], [ -132.563, 69.074 ], [ -132.472, 69.142 ], [ -132.446, 69.221 ], [ -132.486, 69.086 ], [ -132.32, 69.222 ], [ -132.24, 69.116 ], [ -131.728, 69.377 ], [ -131.985, 69.389 ], [ -131.451, 69.432 ], [ -131.501, 69.326 ], [ -131.582, 69.317 ], [ -131.605, 69.3 ], [ -131.602, 69.286 ], [ -131.427, 69.335 ], [ -131.446, 69.39 ], [ -131.367, 69.391 ], [ -131.403, 69.42 ], [ -131.405, 69.437 ], [ -131.376, 69.436 ], [ -131.343, 69.381 ], [ -131.402, 69.366 ], [ -131.426, 69.296 ], [ -131.214, 69.457 ], [ -131.219, 69.351 ], [ -131.174, 69.371 ], [ -131.176, 69.472 ], [ -131.288, 69.554 ], [ -131.253, 69.568 ], [ -131.113, 69.442 ], [ -131.149, 69.338 ], [ -131.233, 69.311 ], [ -131.241, 69.302 ], [ -131.227, 69.296 ], [ -131.126, 69.342 ], [ -131.081, 69.446 ], [ -131.189, 69.596 ], [ -131.024, 69.444 ], [ -131.152, 69.297 ], [ -130.988, 69.431 ], [ -131.013, 69.527 ], [ -130.944, 69.423 ], [ -131.066, 69.294 ], [ -130.905, 69.308 ], [ -131.212, 69.052 ], [ -130.859, 69.088 ], [ -130.969, 69.249 ], [ -130.596, 69.475 ], [ -130.546, 69.452 ], [ -130.615, 69.49 ], [ -130.338, 69.684 ], [ -129.137, 69.844 ], [ -129.225, 69.675 ], [ -128.481, 69.534 ], [ -128.989, 69.722 ], [ -128.386, 69.94 ], [ -128.419, 69.924 ], [ -128.302, 69.934 ], [ -128.294, 69.856 ], [ -128.251, 69.881 ], [ -128.249, 69.851 ], [ -128.227, 69.847 ], [ -128.213, 69.853 ], [ -128.322, 70.129 ], [ -127.8, 70.044 ], [ -128.149, 70.153 ], [ -127.546, 70.218 ], [ -127.518, 70.144 ], [ -127.473, 70.14 ], [ -127.419, 70.145 ], [ -127.329, 70.214 ], [ -127.352, 70.147 ], [ -127.3, 70.134 ], [ -127.226, 70.145 ], [ -127.3, 70.218 ], [ -128.062, 70.282 ], [ -127.85, 70.367 ], [ -128.211, 70.378 ], [ -128.014, 70.567 ], [ -127.165, 70.231 ], [ -126.943, 69.918 ], [ -126.317, 69.538 ], [ -125.546, 69.325 ], [ -125.155, 69.422 ], [ -125.33, 69.464 ], [ -125.443, 69.458 ], [ -125.627, 69.422 ], [ -125.639, 69.417 ], [ -125.64, 69.409 ], [ -125.643, 69.409 ], [ -125.646, 69.419 ], [ -125.59, 69.476 ], [ -125.492, 69.511 ], [ -125.143, 69.483 ], [ -125.513, 69.578 ], [ -125.393, 69.678 ], [ -124.79, 69.707 ], [ -125.243, 69.757 ], [ -125.301, 69.812 ], [ -124.639, 69.982 ], [ -125.221, 70.005 ], [ -124.418, 70.03 ], [ -124.763, 70.109 ], [ -124.762, 70.183 ], [ -124.531, 70.2 ], [ -124.688, 70.142 ], [ -124.346, 70.035 ], [ -124.532, 69.956 ], [ -124.409, 69.931 ], [ -124.514, 69.712 ], [ -124.035, 69.68 ], [ -124.551, 69.413 ], [ -124.384, 69.332 ], [ -123.379, 69.398 ], [ -122.976, 69.826 ], [ -121.877, 69.817 ], [ -117.068, 68.876 ], [ -115.887, 68.807 ], [ -116.329, 68.958 ], [ -115.598, 68.981 ], [ -114.542, 68.729 ], [ -113.891, 68.399 ], [ -113.998, 68.241 ], [ -115.022, 68.291 ], [ -114.722, 68.181 ], [ -115.246, 68.191 ], [ -115.092, 68.007 ], [ -115.565, 67.923 ], [ -115.077, 67.822 ], [ -115.191, 67.78 ], [ -111.972, 67.753 ], [ -111.912, 67.628 ], [ -111.901, 67.756 ], [ -111.058, 67.758 ], [ -110.036, 68.011 ], [ -109.974, 67.852 ], [ -109.597, 67.737 ], [ -109.719, 67.745 ], [ -109.701, 67.717 ], [ -109.39, 67.773 ], [ -109.016, 67.723 ], [ -108.833, 67.353 ], [ -108.665, 67.641 ], [ -108.471, 67.347 ], [ -108.378, 67.45 ], [ -107.963, 67.284 ], [ -107.853, 67.043 ], [ -108.606, 67.153 ], [ -107.133, 66.326 ], [ -107.786, 66.769 ], [ -107.669, 66.759 ], [ -107.761, 66.964 ], [ -107.742, 67.018 ], [ -107.606, 66.963 ], [ -107.624, 67.08 ], [ -107.46, 66.922 ], [ -107.68, 66.964 ], [ -107.558, 66.84 ], [ -107.386, 66.819 ], [ -107.433, 66.986 ], [ -107.114, 66.813 ], [ -107.067, 66.819 ], [ -107.429, 67.061 ], [ -107.001, 67.143 ], [ -107.522, 67.207 ], [ -107.706, 67.398 ], [ -107.567, 67.502 ], [ -108.024, 67.776 ], [ -107.597, 67.92 ], [ -107.751, 67.985 ], [ -107.671, 68.054 ], [ -106.695, 68.1 ], [ -106.779, 68.233 ], [ -106.593, 68.258 ], [ -106.411, 68.165 ], [ -106.263, 68.183 ], [ -106.491, 68.246 ], [ -105.734, 68.414 ], [ -105.619, 68.637 ], [ -106.585, 68.527 ], [ -106.374, 68.511 ], [ -106.615, 68.475 ], [ -106.439, 68.409 ], [ -106.517, 68.294 ], [ -106.937, 68.429 ], [ -107.125, 68.273 ], [ -107.897, 68.277 ], [ -107.559, 68.166 ], [ -108.365, 68.12 ], [ -108.332, 68.355 ], [ -108.807, 68.264 ], [ -108.356, 68.604 ], [ -106.162, 68.944 ], [ -105.449, 68.747 ], [ -105.547, 68.694 ], [ -105.273, 68.461 ], [ -105.449, 68.5 ], [ -105.482, 68.422 ], [ -104.964, 68.218 ], [ -104.568, 68.254 ], [ -104.645, 68.14 ], [ -104.479, 68.018 ], [ -104.011, 68.053 ], [ -104.008, 67.951 ], [ -103.966, 67.941 ], [ -103.383, 68.159 ], [ -103.052, 67.859 ], [ -102.262, 67.734 ], [ -102.212, 67.702 ], [ -102.226, 67.67 ], [ -102.158, 67.599 ], [ -102.211, 67.685 ], [ -102.03, 67.597 ], [ -102.03, 67.599 ], [ -102.201, 67.738 ], [ -101.952, 67.8 ], [ -101.238, 67.62 ], [ -101.323, 67.733 ], [ -101.069, 67.807 ], [ -101.051, 67.762 ], [ -101.101, 67.743 ], [ -101.118, 67.721 ], [ -101.117, 67.71 ], [ -100.669, 67.694 ], [ -100.893, 67.792 ], [ -100.674, 67.855 ], [ -100.544, 67.831 ], [ -100.619, 67.787 ], [ -100.633, 67.764 ], [ -100.624, 67.725 ], [ -100.612, 67.719 ], [ -100.245, 67.856 ], [ -98.993, 67.682 ], [ -98.302, 67.767 ], [ -98.711, 67.959 ], [ -98.653, 68.13 ], [ -98.117, 67.738 ], [ -97.639, 67.584 ], [ -97.204, 67.662 ], [ -97.191, 67.636 ], [ -97.411, 67.587 ], [ -97.431, 67.577 ], [ -97.428, 67.552 ], [ -97.119, 67.441 ], [ -97.42, 67.575 ], [ -97.014, 67.672 ], [ -97.014, 67.787 ], [ -97.107, 67.727 ], [ -97.196, 67.711 ], [ -97.078, 67.783 ], [ -97.208, 67.95 ], [ -97.971, 67.99 ], [ -98.086, 67.837 ], [ -98.563, 68.16 ], [ -98.289, 68.181 ], [ -98.68, 68.371 ], [ -97.683, 68.357 ], [ -97.996, 68.52 ], [ -97.842, 68.561 ], [ -97.677, 68.54 ], [ -97.606, 68.447 ], [ -97.474, 68.414 ], [ -97.603, 68.483 ], [ -97.298, 68.506 ], [ -96.572, 68.178 ], [ -96.61, 68.238 ], [ -96.368, 68.322 ], [ -96.645, 68.086 ], [ -96.842, 68.117 ], [ -96.674, 67.992 ], [ -96.417, 68.158 ], [ -95.928, 68.266 ], [ -95.919, 68.288 ], [ -95.901, 68.295 ], [ -95.889, 68.298 ], [ -95.874, 68.3 ], [ -96.197, 67.835 ], [ -96.132, 67.632 ], [ -96.313, 67.706 ], [ -96.299, 67.598 ], [ -96.611, 67.479 ], [ -96.69, 67.351 ], [ -96.689, 67.346 ], [ -96.674, 67.329 ], [ -96.685, 67.323 ], [ -96.689, 67.316 ], [ -96.677, 67.284 ], [ -96.63, 67.422 ], [ -96.439, 67.521 ], [ -96.071, 67.485 ], [ -96.24, 67.261 ], [ -96.112, 67.219 ], [ -95.503, 67.363 ], [ -95.54, 67.313 ], [ -95.566, 67.314 ], [ -95.633, 67.263 ], [ -95.744, 67.215 ], [ -95.781, 67.179 ], [ -95.782, 67.186 ], [ -95.828, 67.167 ], [ -95.835, 67.159 ], [ -95.134, 67.285 ], [ -95.383, 67.471 ], [ -95.315, 67.565 ], [ -95.696, 67.734 ], [ -95.463, 68.066 ], [ -94.855, 68.007 ], [ -94.176, 68.254 ], [ -94.019, 68.457 ], [ -93.153, 68.676 ], [ -93.746, 68.616 ], [ -93.563, 68.855 ], [ -93.855, 69.019 ], [ -94.056, 68.854 ], [ -94.01, 68.836 ], [ -93.903, 68.884 ], [ -93.932, 68.852 ], [ -93.814, 68.899 ], [ -93.781, 68.897 ], [ -93.786, 68.888 ], [ -94.074, 68.761 ], [ -94.617, 68.749 ], [ -94.583, 68.976 ], [ -93.986, 69.158 ], [ -94.294, 69.16 ], [ -94.265, 69.322 ], [ -93.51, 69.443 ], [ -93.857, 69.264 ], [ -93.824, 69.164 ], [ -93.311, 69.388 ], [ -93.574, 69.366 ], [ -93.415, 69.48 ], [ -93.517, 69.537 ], [ -94.277, 69.44 ], [ -94.617, 69.646 ], [ -94.523, 69.73 ], [ -94.803, 69.563 ], [ -95.087, 69.604 ], [ -96.193, 69.866 ], [ -96.009, 69.935 ], [ -96.502, 70.133 ], [ -96.532, 70.329 ], [ -96.221, 70.57 ], [ -95.574, 70.469 ], [ -96.043, 70.617 ], [ -95.741, 70.721 ], [ -96.145, 70.615 ], [ -96.579, 70.787 ], [ -96.319, 71.089 ], [ -96.527, 71.132 ], [ -96.332, 71.148 ], [ -96.467, 71.271 ], [ -96.031, 71.422 ], [ -95.514, 71.286 ], [ -95.396, 71.378 ], [ -95.498, 71.468 ], [ -95.173, 71.524 ], [ -95.919, 71.569 ], [ -95.208, 71.735 ], [ -95.159, 71.959 ], [ -94.457, 71.986 ], [ -94.452, 71.852 ], [ -94.56, 71.86 ], [ -94.633, 71.825 ], [ -94.327, 71.808 ], [ -94.396, 71.67 ], [ -94.177, 71.805 ], [ -93.68, 71.766 ], [ -93.78, 71.649 ], [ -92.95, 71.351 ], [ -92.819, 70.863 ], [ -92.998, 70.845 ], [ -92.17, 70.614 ], [ -92.294, 70.499 ], [ -91.955, 70.363 ], [ -91.997, 70.363 ], [ -91.998, 70.319 ], [ -92.059, 70.32 ], [ -92.075, 70.296 ], [ -91.727, 70.371 ], [ -91.693, 70.201 ], [ -91.508, 70.179 ], [ -92.048, 70.132 ], [ -92.283, 70.282 ], [ -92.584, 70.084 ], [ -91.933, 70.022 ], [ -92.855, 69.714 ], [ -92.852, 69.696 ], [ -92.673, 69.714 ], [ -92.611, 69.707 ], [ -92.529, 69.716 ], [ -92.508, 69.712 ], [ -92.691, 69.677 ], [ -92.662, 69.663 ], [ -92.723, 69.681 ], [ -93.004, 69.686 ], [ -92.651, 69.661 ], [ -92.472, 69.702 ], [ -92.257, 69.669 ], [ -91.753, 69.475 ], [ -91.413, 69.668 ], [ -91.235, 69.625 ], [ -91.19, 69.655 ], [ -91.133, 69.644 ], [ -91.627, 69.52 ], [ -90.973, 69.527 ], [ -91.089, 69.509 ], [ -91.296, 69.411 ], [ -90.687, 69.548 ], [ -90.76, 69.465 ], [ -90.342, 69.469 ], [ -90.707, 69.462 ], [ -90.596, 69.424 ], [ -90.864, 69.25 ], [ -91.43, 69.361 ], [ -90.428, 68.882 ], [ -90.592, 68.808 ], [ -90.55, 68.797 ], [ -90.498, 68.829 ], [ -90.427, 68.829 ], [ -90.594, 68.461 ], [ -90.528, 68.418 ], [ -90.474, 68.414 ], [ -90.32, 68.386 ], [ -90.279, 68.374 ], [ -90.424, 68.337 ], [ -90.268, 68.229 ], [ -89.968, 68.331 ], [ -90.098, 68.332 ], [ -89.781, 68.544 ], [ -89.938, 68.623 ], [ -89.678, 68.768 ], [ -89.754, 68.965 ], [ -89.271, 69.265 ], [ -88.068, 68.843 ], [ -87.785, 68.317 ], [ -87.919, 68.204 ], [ -88.172, 68.243 ], [ -88.169, 68.381 ], [ -88.328, 68.318 ], [ -88.267, 68.112 ], [ -88.409, 68.007 ], [ -88.12, 67.677 ], [ -87.285, 67.258 ], [ -87.421, 67.184 ], [ -87.289, 67.098 ], [ -87.051, 67.26 ], [ -86.841, 67.158 ], [ -87.072, 67.353 ], [ -86.514, 67.33 ], [ -86.504, 67.7 ], [ -85.865, 68.052 ], [ -85.644, 68.721 ], [ -84.705, 68.729 ], [ -85.191, 68.859 ], [ -84.732, 68.913 ], [ -84.98, 69.006 ], [ -84.929, 69.024 ], [ -84.507, 69.005 ], [ -85.391, 69.21 ], [ -85.488, 69.322 ], [ -85.355, 69.298 ], [ -85.314, 69.296 ], [ -85.307, 69.303 ], [ -85.486, 69.411 ], [ -85.295, 69.442 ], [ -85.48, 69.443 ], [ -85.338, 69.58 ], [ -85.528, 69.654 ], [ -85.257, 69.784 ], [ -85.584, 69.82 ], [ -85.554, 69.859 ], [ -82.249, 69.645 ], [ -82.826, 69.568 ], [ -82.439, 69.492 ], [ -83.223, 69.559 ], [ -83.262, 69.549 ], [ -81.235, 69.092 ], [ -81.914, 68.906 ], [ -81.306, 68.854 ], [ -81.204, 68.759 ], [ -81.322, 68.592 ], [ -81.941, 68.407 ], [ -82.216, 68.537 ], [ -82.632, 68.502 ], [ -82.003, 68.343 ], [ -82.493, 68.315 ], [ -82.244, 68.294 ], [ -82.246, 68.125 ], [ -81.978, 68.214 ], [ -82.152, 68.083 ], [ -82.084, 67.908 ], [ -81.187, 67.452 ], [ -81.408, 67.322 ], [ -81.459, 66.995 ], [ -82.011, 67.046 ], [ -81.86, 66.985 ], [ -82.106, 66.946 ], [ -82.009, 66.907 ], [ -82.132, 66.915 ], [ -82.01, 66.903 ], [ -82.123, 66.706 ], [ -82.282, 66.715 ], [ -82.263, 66.72 ], [ -82.383, 66.742 ], [ -82.423, 66.744 ], [ -82.327, 66.697 ], [ -82.577, 66.564 ], [ -83.549, 66.34 ], [ -83.62, 66.525 ], [ -83.988, 66.632 ], [ -83.843, 66.679 ], [ -83.943, 66.725 ], [ -83.853, 66.819 ], [ -83.895, 66.912 ], [ -84.222, 66.708 ], [ -84.227, 66.782 ], [ -84.481, 66.85 ], [ -84.247, 66.822 ], [ -84.17, 66.835 ], [ -84.607, 66.986 ], [ -84.415, 66.962 ], [ -84.321, 66.961 ], [ -84.319, 66.964 ], [ -84.872, 67.049 ], [ -84.601, 66.972 ], [ -85.031, 66.962 ], [ -85.197, 66.873 ], [ -84.563, 66.933 ], [ -84.755, 66.898 ], [ -84.29, 66.678 ], [ -84.104, 66.681 ], [ -84.207, 66.598 ], [ -83.666, 66.182 ], [ -84.475, 66.406 ], [ -84.603, 66.326 ], [ -84.33, 66.155 ], [ -85.214, 66.259 ], [ -85.433, 66.597 ], [ -86.743, 66.538 ], [ -86.62, 66.318 ], [ -85.859, 66.158 ], [ -87.342, 65.319 ], [ -88.018, 65.345 ], [ -88.845, 65.648 ], [ -88.587, 65.646 ], [ -88.409, 65.623 ], [ -88.39, 65.629 ], [ -89.825, 65.993 ], [ -89.709, 65.933 ], [ -89.873, 65.953 ], [ -89.989, 65.935 ], [ -89.71, 65.834 ], [ -90.461, 65.879 ], [ -89.683, 65.717 ], [ -89.037, 65.323 ], [ -86.937, 65.167 ], [ -88.115, 64.143 ], [ -88.619, 64.118 ], [ -88.337, 64.09 ], [ -88.758, 63.963 ], [ -89.224, 64.112 ], [ -89.068, 63.973 ], [ -89.313, 64.078 ], [ -89.219, 63.952 ], [ -89.457, 64.108 ], [ -89.51, 63.973 ], [ -89.714, 64.033 ], [ -89.744, 64.263 ], [ -89.886, 64.197 ], [ -89.79, 64.137 ], [ -89.903, 64.148 ], [ -89.901, 64.171 ], [ -89.926, 64.192 ], [ -90.004, 64.214 ], [ -89.911, 64.151 ], [ -89.988, 64.16 ], [ -90.082, 64.117 ], [ -89.985, 64.136 ], [ -89.892, 64.114 ], [ -89.813, 64.02 ], [ -89.958, 63.996 ], [ -89.822, 63.922 ], [ -90.244, 64.009 ], [ -89.961, 63.79 ], [ -90.272, 63.747 ], [ -90.131, 63.691 ], [ -90.217, 63.605 ], [ -90.746, 63.606 ], [ -90.548, 63.521 ], [ -90.636, 63.486 ], [ -91.676, 63.787 ], [ -92.136, 63.733 ], [ -92.95, 63.94 ], [ -93.34, 63.973 ], [ -93.452, 63.999 ], [ -93.523, 64.067 ], [ -93.618, 64.088 ], [ -93.651, 64.141 ], [ -93.702, 64.146 ], [ -93.775, 64.207 ], [ -93.788, 64.212 ], [ -93.814, 64.216 ], [ -93.525, 63.981 ], [ -94.111, 63.984 ], [ -94.03, 63.913 ], [ -93.729, 63.955 ], [ -93.631, 63.859 ], [ -93.331, 63.809 ], [ -93.243, 63.819 ], [ -93.469, 63.953 ], [ -93.364, 63.967 ], [ -92.094, 63.682 ], [ -92.544, 63.543 ], [ -92.467, 63.513 ], [ -91.73, 63.712 ], [ -91.377, 63.47 ], [ -90.671, 63.356 ], [ -90.629, 63.157 ], [ -90.746, 62.928 ], [ -91.353, 62.792 ], [ -92.102, 62.863 ], [ -92.412, 62.83 ], [ -91.831, 62.605 ], [ -92.649, 62.626 ], [ -92.494, 62.494 ], [ -92.543, 62.451 ], [ -92.143, 62.42 ], [ -92.075, 62.375 ], [ -92.587, 62.389 ], [ -92.736, 62.483 ], [ -92.666, 62.383 ], [ -92.731, 62.371 ], [ -92.787, 62.376 ], [ -92.789, 62.374 ], [ -92.453, 62.157 ], [ -92.593, 62.145 ], [ -92.646, 62.272 ], [ -93.072, 62.332 ], [ -92.845, 62.279 ], [ -92.737, 62.222 ], [ -93.277, 62.178 ], [ -92.959, 62.104 ], [ -93.183, 62.052 ], [ -93.105, 61.979 ], [ -93.453, 62.05 ], [ -93.326, 62.02 ], [ -93.214, 61.929 ], [ -93.638, 61.959 ], [ -93.394, 61.777 ], [ -93.418, 61.8 ] ], [ [ -78.415, 52.229 ], [ -78.32, 52.225 ], [ -78.309, 52.233 ], [ -78.503, 52.247 ], [ -78.415, 52.229 ] ], [ [ -131.314, 69.345 ], [ -131.387, 69.299 ], [ -131.365, 69.286 ], [ -131.219, 69.351 ], [ -131.314, 69.345 ] ], [ [ -130.529, 69.449 ], [ -130.517, 69.45 ], [ -130.546, 69.452 ], [ -130.529, 69.449 ] ], [ [ -130.516, 69.45 ], [ -130.502, 69.461 ], [ -130.497, 69.458 ], [ -130.503, 69.453 ], [ -130.499, 69.445 ], [ -130.462, 69.433 ], [ -130.457, 69.433 ], [ -130.455, 69.433 ], [ -130.455, 69.442 ], [ -130.447, 69.441 ], [ -130.44, 69.443 ], [ -130.434, 69.44 ], [ -130.42, 69.436 ], [ -130.424, 69.433 ], [ -130.417, 69.429 ], [ -130.41, 69.429 ], [ -130.397, 69.431 ], [ -130.501, 69.462 ], [ -130.511, 69.461 ], [ -130.517, 69.45 ], [ -130.516, 69.45 ] ], [ [ -102.108, 67.574 ], [ -102.109, 67.538 ], [ -102.089, 67.522 ], [ -102.102, 67.573 ], [ -102.039, 67.584 ], [ -102.029, 67.592 ], [ -102.03, 67.597 ], [ -102.108, 67.574 ] ], [ [ -96.703, 67.274 ], [ -96.715, 67.259 ], [ -96.721, 67.241 ], [ -96.677, 67.283 ], [ -96.677, 67.284 ], [ -96.703, 67.274 ] ] ], [ [ [ -96.541, 73.037 ], [ -96.88, 72.924 ], [ -97.124, 73.044 ], [ -96.735, 73.118 ], [ -96.541, 73.037 ] ] ], [ [ [ -114.197, 73.325 ], [ -113.927, 73.126 ], [ -113.933, 72.823 ], [ -114.661, 72.553 ], [ -113.428, 72.659 ], [ -113.604, 72.776 ], [ -113.082, 73.012 ], [ -111.184, 72.727 ], [ -111.432, 72.467 ], [ -111.975, 72.358 ], [ -112.062, 72.272 ], [ -111.223, 72.47 ], [ -111.355, 72.341 ], [ -110.995, 72.285 ], [ -111.072, 72.395 ], [ -110.685, 72.576 ], [ -110.438, 72.553 ], [ -110.654, 72.519 ], [ -110.29, 72.426 ], [ -110.523, 72.513 ], [ -109.772, 72.481 ], [ -110.288, 72.675 ], [ -109.73, 72.724 ], [ -110.23, 72.729 ], [ -110.162, 72.814 ], [ -110.723, 72.974 ], [ -109.638, 72.936 ], [ -108.882, 72.67 ], [ -109.008, 72.571 ], [ -108.583, 72.552 ], [ -108.638, 72.33 ], [ -108.365, 72.16 ], [ -108.332, 71.937 ], [ -108.188, 71.99 ], [ -108.15, 71.964 ], [ -108.22, 71.729 ], [ -107.797, 71.603 ], [ -107.816, 71.727 ], [ -107.235, 71.904 ], [ -107.757, 72.148 ], [ -107.839, 72.31 ], [ -107.704, 72.314 ], [ -107.867, 72.435 ], [ -107.749, 72.456 ], [ -107.941, 72.507 ], [ -107.828, 72.579 ], [ -107.99, 72.636 ], [ -108.245, 73.175 ], [ -107.864, 73.193 ], [ -108.101, 73.272 ], [ -107.992, 73.353 ], [ -106.894, 73.155 ], [ -107.092, 73.24 ], [ -106.451, 73.228 ], [ -106.204, 73.084 ], [ -105.831, 73.05 ], [ -105.655, 72.904 ], [ -105.457, 72.922 ], [ -105.297, 72.829 ], [ -105.543, 72.869 ], [ -105.318, 72.78 ], [ -105.509, 72.803 ], [ -104.827, 71.897 ], [ -104.301, 71.599 ], [ -104.266, 71.356 ], [ -104.481, 71.349 ], [ -104.382, 71.182 ], [ -104.595, 71.134 ], [ -104.485, 71.031 ], [ -103.533, 70.586 ], [ -102.884, 70.502 ], [ -103.094, 70.586 ], [ -103.008, 70.688 ], [ -102.157, 70.31 ], [ -101.528, 70.275 ], [ -101.64, 70.216 ], [ -101.504, 70.113 ], [ -101.001, 70.205 ], [ -100.852, 69.81 ], [ -100.952, 69.667 ], [ -101.3, 69.674 ], [ -101.434, 69.797 ], [ -101.392, 69.887 ], [ -101.403, 69.927 ], [ -101.439, 69.938 ], [ -101.648, 69.65 ], [ -101.891, 69.691 ], [ -102.023, 69.866 ], [ -102.028, 69.932 ], [ -102.039, 69.959 ], [ -102.045, 69.959 ], [ -102.329, 69.76 ], [ -102.666, 69.787 ], [ -102.478, 69.599 ], [ -102.788, 69.529 ], [ -103.456, 69.708 ], [ -103.132, 69.425 ], [ -103.094, 69.528 ], [ -103.045, 69.533 ], [ -102.998, 69.497 ], [ -103.184, 69.102 ], [ -102.835, 69.398 ], [ -102.293, 69.52 ], [ -101.911, 69.407 ], [ -102.155, 69.375 ], [ -102.011, 69.274 ], [ -102.201, 69.287 ], [ -102.217, 69.22 ], [ -101.708, 69.156 ], [ -101.792, 69.0 ], [ -102.911, 68.798 ], [ -104.346, 68.974 ], [ -105.124, 68.896 ], [ -105.246, 68.961 ], [ -104.892, 69.031 ], [ -104.883, 69.086 ], [ -106.378, 69.178 ], [ -106.292, 69.402 ], [ -106.593, 69.498 ], [ -107.348, 69.015 ], [ -108.701, 68.958 ], [ -108.502, 68.904 ], [ -109.051, 68.725 ], [ -113.211, 68.462 ], [ -113.008, 68.511 ], [ -113.668, 68.817 ], [ -113.623, 69.039 ], [ -113.51, 69.047 ], [ -113.494, 69.042 ], [ -113.46, 69.038 ], [ -113.452, 69.039 ], [ -113.439, 69.044 ], [ -113.695, 69.19 ], [ -113.388, 69.166 ], [ -113.325, 69.17 ], [ -113.327, 69.173 ], [ -116.5, 69.409 ], [ -117.392, 69.989 ], [ -114.512, 70.323 ], [ -112.528, 70.199 ], [ -112.071, 70.272 ], [ -112.272, 70.302 ], [ -111.868, 70.265 ], [ -111.346, 70.269 ], [ -111.298, 70.273 ], [ -111.267, 70.287 ], [ -111.245, 70.284 ], [ -111.233, 70.285 ], [ -111.238, 70.292 ], [ -113.82, 70.718 ], [ -117.555, 70.605 ], [ -118.411, 71.0 ], [ -115.037, 71.535 ], [ -118.154, 71.382 ], [ -118.306, 71.474 ], [ -117.736, 71.537 ], [ -117.957, 71.616 ], [ -117.665, 71.681 ], [ -118.889, 71.583 ], [ -119.113, 71.741 ], [ -119.049, 71.922 ], [ -118.582, 72.169 ], [ -118.046, 72.273 ], [ -118.547, 72.399 ], [ -118.163, 72.643 ], [ -117.316, 72.926 ], [ -114.669, 73.378 ], [ -114.197, 73.325 ] ] ], [ [ [ -77.189, 73.511 ], [ -76.25, 73.093 ], [ -76.318, 72.97 ], [ -76.055, 72.866 ], [ -78.226, 72.901 ], [ -79.583, 72.755 ], [ -80.002, 72.868 ], [ -80.193, 73.253 ], [ -80.876, 73.334 ], [ -80.7, 73.494 ], [ -80.869, 73.551 ], [ -80.843, 73.751 ], [ -80.501, 73.768 ], [ -77.189, 73.511 ] ] ], [ [ [ -104.445, 73.546 ], [ -104.695, 73.184 ], [ -105.335, 72.963 ], [ -105.183, 72.915 ], [ -105.237, 72.9 ], [ -105.175, 72.877 ], [ -105.238, 72.85 ], [ -106.185, 73.298 ], [ -106.065, 73.276 ], [ -106.074, 73.283 ], [ -107.01, 73.471 ], [ -106.56, 73.706 ], [ -105.427, 73.772 ], [ -104.445, 73.546 ] ], [ [ -105.238, 72.917 ], [ -105.276, 72.926 ], [ -105.324, 72.931 ], [ -105.237, 72.9 ], [ -105.238, 72.917 ] ] ], [ [ [ -72.577, 64.024 ], [ -72.958, 64.049 ], [ -72.857, 64.167 ], [ -73.487, 64.399 ], [ -73.14, 64.579 ], [ -73.16, 64.619 ], [ -73.284, 64.593 ], [ -73.286, 64.66 ], [ -73.351, 64.641 ], [ -73.264, 64.544 ], [ -73.517, 64.502 ], [ -73.533, 64.321 ], [ -73.659, 64.334 ], [ -73.566, 64.445 ], [ -73.653, 64.506 ], [ -74.12, 64.329 ], [ -74.009, 64.375 ], [ -74.131, 64.54 ], [ -73.945, 64.515 ], [ -74.159, 64.568 ], [ -74.055, 64.735 ], [ -74.221, 64.567 ], [ -74.429, 64.669 ], [ -74.329, 64.589 ], [ -74.382, 64.566 ], [ -74.68, 64.719 ], [ -74.556, 64.834 ], [ -74.606, 64.893 ], [ -74.936, 64.777 ], [ -74.437, 64.564 ], [ -74.615, 64.543 ], [ -74.454, 64.387 ], [ -75.86, 64.618 ], [ -75.607, 64.446 ], [ -76.733, 64.293 ], [ -76.644, 64.22 ], [ -76.66, 64.19 ], [ -77.862, 64.357 ], [ -78.285, 64.704 ], [ -78.087, 64.789 ], [ -78.108, 64.979 ], [ -77.309, 65.18 ], [ -77.506, 65.32 ], [ -77.27, 65.364 ], [ -77.402, 65.463 ], [ -75.725, 65.202 ], [ -75.95, 65.317 ], [ -75.151, 65.248 ], [ -75.101, 65.391 ], [ -74.729, 65.439 ], [ -74.544, 65.32 ], [ -74.127, 65.54 ], [ -73.483, 65.433 ], [ -73.633, 65.721 ], [ -74.463, 66.148 ], [ -73.1, 66.714 ], [ -71.288, 66.539 ], [ -71.088, 66.32 ], [ -71.293, 66.088 ], [ -71.051, 66.056 ], [ -71.379, 65.991 ], [ -71.289, 65.926 ], [ -71.374, 65.953 ], [ -71.395, 65.952 ], [ -71.41, 65.934 ], [ -71.374, 65.951 ], [ -71.343, 65.936 ], [ -71.424, 65.87 ], [ -71.315, 65.815 ], [ -71.344, 65.821 ], [ -71.321, 65.801 ], [ -71.351, 65.8 ], [ -71.397, 65.71 ], [ -71.375, 65.712 ], [ -71.37, 65.708 ], [ -71.409, 65.703 ], [ -71.45, 65.67 ], [ -71.402, 65.666 ], [ -71.256, 65.792 ], [ -71.373, 65.882 ], [ -71.265, 65.878 ], [ -71.298, 65.949 ], [ -70.925, 65.987 ], [ -71.033, 66.018 ], [ -70.649, 66.303 ], [ -70.321, 66.152 ], [ -69.566, 66.176 ], [ -69.248, 66.391 ], [ -69.654, 66.46 ], [ -69.194, 66.502 ], [ -69.199, 66.557 ], [ -70.519, 66.738 ], [ -70.598, 66.907 ], [ -70.842, 66.94 ], [ -70.813, 66.962 ], [ -70.666, 66.962 ], [ -70.667, 66.974 ], [ -70.965, 67.034 ], [ -71.263, 66.986 ], [ -71.114, 66.951 ], [ -71.357, 66.611 ], [ -72.973, 66.738 ], [ -72.812, 67.017 ], [ -72.143, 67.276 ], [ -72.48, 67.499 ], [ -72.105, 67.561 ], [ -72.443, 67.541 ], [ -72.679, 67.87 ], [ -72.937, 67.93 ], [ -72.667, 68.16 ], [ -72.853, 68.143 ], [ -72.841, 68.161 ], [ -72.468, 68.235 ], [ -72.602, 68.239 ], [ -72.893, 68.168 ], [ -72.872, 68.123 ], [ -72.722, 68.124 ], [ -72.887, 68.024 ], [ -73.005, 68.24 ], [ -73.17, 68.219 ], [ -73.147, 68.255 ], [ -73.085, 68.276 ], [ -73.05, 68.273 ], [ -73.035, 68.283 ], [ -73.024, 68.282 ], [ -73.016, 68.282 ], [ -72.985, 68.288 ], [ -72.989, 68.29 ], [ -73.504, 68.28 ], [ -73.318, 68.316 ], [ -73.207, 68.38 ], [ -73.632, 68.25 ], [ -73.548, 68.314 ], [ -73.924, 68.409 ], [ -73.438, 68.43 ], [ -72.927, 68.576 ], [ -73.017, 68.633 ], [ -72.981, 68.632 ], [ -72.959, 68.641 ], [ -72.94, 68.636 ], [ -72.923, 68.636 ], [ -72.907, 68.659 ], [ -73.222, 68.643 ], [ -73.485, 68.447 ], [ -73.952, 68.41 ], [ -73.653, 68.665 ], [ -74.189, 68.736 ], [ -73.89, 68.553 ], [ -74.377, 68.551 ], [ -74.73, 68.737 ], [ -74.402, 68.839 ], [ -74.78, 68.77 ], [ -74.973, 68.817 ], [ -74.649, 68.929 ], [ -75.049, 68.905 ], [ -74.625, 69.019 ], [ -74.822, 69.097 ], [ -75.118, 68.889 ], [ -75.491, 69.028 ], [ -75.617, 68.875 ], [ -76.613, 68.682 ], [ -76.501, 68.871 ], [ -76.618, 68.887 ], [ -76.596, 69.035 ], [ -75.594, 69.076 ], [ -75.586, 69.237 ], [ -76.654, 69.555 ], [ -76.45, 69.663 ], [ -76.213, 69.533 ], [ -76.151, 69.686 ], [ -77.187, 69.642 ], [ -76.69, 69.845 ], [ -77.311, 69.835 ], [ -76.973, 69.932 ], [ -76.923, 70.011 ], [ -77.624, 69.748 ], [ -77.674, 70.203 ], [ -78.379, 70.206 ], [ -78.728, 70.456 ], [ -79.589, 70.42 ], [ -78.917, 70.308 ], [ -78.654, 69.978 ], [ -78.797, 69.888 ], [ -81.761, 70.127 ], [ -80.745, 69.772 ], [ -80.924, 69.719 ], [ -81.576, 69.98 ], [ -83.025, 70.316 ], [ -81.716, 69.938 ], [ -82.135, 69.791 ], [ -83.07, 70.019 ], [ -84.656, 70.006 ], [ -84.788, 70.118 ], [ -85.823, 70.01 ], [ -86.564, 70.241 ], [ -86.558, 70.4 ], [ -86.297, 70.47 ], [ -86.38, 70.529 ], [ -86.701, 70.375 ], [ -86.655, 70.319 ], [ -86.988, 70.469 ], [ -87.134, 70.402 ], [ -86.98, 70.286 ], [ -87.859, 70.243 ], [ -88.24, 70.322 ], [ -87.866, 70.312 ], [ -88.84, 70.521 ], [ -89.423, 70.911 ], [ -89.185, 70.975 ], [ -89.538, 71.091 ], [ -88.054, 70.936 ], [ -86.99, 71.0 ], [ -87.833, 71.266 ], [ -89.872, 71.35 ], [ -90.039, 71.602 ], [ -89.771, 71.77 ], [ -90.111, 71.934 ], [ -89.561, 72.173 ], [ -89.898, 72.189 ], [ -89.932, 72.425 ], [ -89.468, 72.662 ], [ -89.558, 72.8 ], [ -89.232, 72.784 ], [ -89.411, 72.832 ], [ -89.146, 73.185 ], [ -88.506, 73.276 ], [ -88.854, 73.338 ], [ -88.009, 73.651 ], [ -86.555, 73.857 ], [ -84.836, 73.747 ], [ -85.928, 73.366 ], [ -86.761, 72.711 ], [ -86.234, 72.418 ], [ -86.457, 72.205 ], [ -86.199, 71.853 ], [ -84.905, 71.424 ], [ -84.824, 71.275 ], [ -85.313, 71.296 ], [ -85.177, 71.272 ], [ -86.816, 70.992 ], [ -84.969, 71.204 ], [ -84.862, 71.075 ], [ -84.985, 71.115 ], [ -85.159, 71.087 ], [ -84.992, 71.084 ], [ -84.93, 71.068 ], [ -85.001, 71.038 ], [ -84.922, 71.028 ], [ -84.966, 70.944 ], [ -84.899, 70.909 ], [ -84.669, 71.227 ], [ -84.76, 71.419 ], [ -84.613, 71.412 ], [ -84.519, 71.467 ], [ -84.695, 71.609 ], [ -84.609, 71.647 ], [ -84.51, 71.635 ], [ -84.477, 71.638 ], [ -84.475, 71.64 ], [ -84.419, 71.649 ], [ -84.413, 71.652 ], [ -85.305, 71.682 ], [ -85.595, 71.787 ], [ -85.432, 71.809 ], [ -85.554, 71.902 ], [ -86.026, 71.987 ], [ -86.037, 72.024 ], [ -85.506, 72.059 ], [ -85.368, 72.139 ], [ -85.522, 72.238 ], [ -85.245, 72.268 ], [ -84.196, 71.933 ], [ -84.144, 72.006 ], [ -84.945, 72.291 ], [ -84.788, 72.36 ], [ -84.518, 72.35 ], [ -84.387, 72.388 ], [ -85.513, 72.46 ], [ -85.613, 72.554 ], [ -85.468, 72.587 ], [ -85.712, 72.649 ], [ -85.701, 72.905 ], [ -85.316, 72.978 ], [ -84.919, 72.896 ], [ -84.623, 72.875 ], [ -84.264, 72.792 ], [ -83.999, 72.755 ], [ -83.945, 72.76 ], [ -85.546, 73.035 ], [ -85.394, 73.143 ], [ -85.122, 73.052 ], [ -85.211, 73.15 ], [ -83.606, 72.984 ], [ -85.178, 73.237 ], [ -84.765, 73.389 ], [ -84.314, 73.226 ], [ -84.634, 73.402 ], [ -84.169, 73.481 ], [ -83.733, 73.423 ], [ -83.731, 73.374 ], [ -83.658, 73.311 ], [ -83.638, 73.301 ], [ -83.604, 73.295 ], [ -83.64, 73.436 ], [ -84.011, 73.51 ], [ -82.848, 73.736 ], [ -81.546, 73.723 ], [ -81.205, 73.531 ], [ -81.187, 73.261 ], [ -80.508, 73.089 ], [ -80.635, 72.929 ], [ -80.219, 72.734 ], [ -81.382, 72.243 ], [ -80.499, 72.512 ], [ -80.499, 72.382 ], [ -80.985, 72.204 ], [ -80.533, 72.07 ], [ -80.738, 72.107 ], [ -80.806, 72.097 ], [ -81.007, 72.098 ], [ -81.027, 72.093 ], [ -80.775, 72.022 ], [ -80.959, 71.885 ], [ -80.326, 72.069 ], [ -80.487, 72.184 ], [ -80.188, 72.2 ], [ -80.222, 72.306 ], [ -79.997, 72.183 ], [ -79.679, 72.13 ], [ -80.169, 72.329 ], [ -79.793, 72.507 ], [ -79.578, 72.344 ], [ -79.772, 72.239 ], [ -79.729, 72.216 ], [ -79.432, 72.193 ], [ -79.545, 72.295 ], [ -79.348, 72.409 ], [ -78.939, 72.283 ], [ -79.182, 71.958 ], [ -78.503, 71.871 ], [ -78.93, 72.023 ], [ -78.857, 72.182 ], [ -77.742, 71.747 ], [ -78.882, 72.235 ], [ -78.57, 72.362 ], [ -78.416, 72.171 ], [ -78.437, 72.333 ], [ -77.653, 72.102 ], [ -76.999, 72.138 ], [ -78.551, 72.439 ], [ -77.599, 72.759 ], [ -76.744, 72.726 ], [ -76.126, 72.593 ], [ -76.139, 72.465 ], [ -75.967, 72.587 ], [ -75.162, 72.496 ], [ -74.924, 72.246 ], [ -76.052, 72.072 ], [ -76.442, 71.856 ], [ -76.53, 71.741 ], [ -75.755, 72.109 ], [ -75.213, 72.076 ], [ -75.59, 71.992 ], [ -75.802, 71.744 ], [ -76.059, 71.709 ], [ -75.794, 71.717 ], [ -75.538, 71.978 ], [ -75.083, 72.113 ], [ -74.239, 72.08 ], [ -74.117, 71.963 ], [ -74.223, 71.832 ], [ -75.355, 71.695 ], [ -74.913, 71.666 ], [ -75.4, 71.52 ], [ -74.614, 71.659 ], [ -74.708, 71.587 ], [ -75.017, 71.537 ], [ -75.132, 71.477 ], [ -74.689, 71.396 ], [ -75.101, 71.21 ], [ -75.038, 71.181 ], [ -74.612, 71.377 ], [ -74.742, 71.53 ], [ -74.509, 71.662 ], [ -74.098, 71.741 ], [ -74.257, 71.613 ], [ -74.178, 71.542 ], [ -74.109, 71.529 ], [ -74.22, 71.618 ], [ -73.976, 71.757 ], [ -73.596, 71.775 ], [ -74.06, 71.532 ], [ -73.972, 71.462 ], [ -74.129, 71.463 ], [ -74.308, 71.404 ], [ -74.022, 71.441 ], [ -74.203, 71.2 ], [ -73.851, 71.538 ], [ -73.588, 71.574 ], [ -73.632, 71.365 ], [ -73.386, 71.385 ], [ -73.678, 71.254 ], [ -73.866, 71.052 ], [ -73.422, 71.345 ], [ -73.046, 71.287 ], [ -73.252, 71.231 ], [ -73.452, 71.035 ], [ -73.377, 70.972 ], [ -72.558, 71.66 ], [ -71.557, 71.497 ], [ -71.144, 71.261 ], [ -71.488, 71.064 ], [ -72.085, 71.084 ], [ -72.857, 70.801 ], [ -72.187, 70.84 ], [ -72.554, 70.614 ], [ -71.186, 70.855 ], [ -71.212, 71.011 ], [ -70.823, 71.115 ], [ -70.611, 71.055 ], [ -70.524, 70.926 ], [ -70.797, 70.744 ], [ -71.61, 70.615 ], [ -71.982, 70.419 ], [ -71.736, 70.418 ], [ -71.81, 70.299 ], [ -71.513, 70.583 ], [ -71.177, 70.547 ], [ -71.545, 70.025 ], [ -71.008, 70.631 ], [ -69.889, 70.883 ], [ -69.77, 70.856 ], [ -70.465, 70.63 ], [ -70.407, 70.514 ], [ -70.602, 70.48 ], [ -70.631, 70.462 ], [ -70.288, 70.494 ], [ -70.418, 70.611 ], [ -70.045, 70.564 ], [ -69.452, 70.794 ], [ -68.368, 70.58 ], [ -68.443, 70.377 ], [ -68.544, 70.479 ], [ -68.704, 70.328 ], [ -69.616, 70.213 ], [ -70.186, 70.03 ], [ -69.824, 69.984 ], [ -70.146, 69.973 ], [ -70.469, 69.849 ], [ -69.787, 69.963 ], [ -69.652, 70.145 ], [ -68.642, 70.162 ], [ -69.441, 69.822 ], [ -69.793, 69.832 ], [ -69.986, 69.692 ], [ -69.981, 69.618 ], [ -69.746, 69.808 ], [ -69.401, 69.778 ], [ -68.228, 70.104 ], [ -68.367, 70.174 ], [ -68.172, 70.315 ], [ -67.791, 70.258 ], [ -67.285, 70.023 ], [ -67.095, 69.733 ], [ -68.041, 69.774 ], [ -68.313, 69.632 ], [ -68.693, 69.652 ], [ -70.059, 69.529 ], [ -68.735, 69.596 ], [ -66.855, 69.368 ], [ -66.681, 69.189 ], [ -69.048, 69.356 ], [ -69.273, 69.266 ], [ -68.084, 69.223 ], [ -68.98, 69.233 ], [ -68.505, 69.21 ], [ -69.093, 69.106 ], [ -68.925, 69.105 ], [ -69.015, 68.98 ], [ -68.207, 69.152 ], [ -67.715, 69.022 ], [ -68.345, 69.017 ], [ -68.57, 68.967 ], [ -67.77, 68.786 ], [ -69.309, 68.88 ], [ -69.414, 68.867 ], [ -69.174, 68.836 ], [ -69.41, 68.815 ], [ -68.064, 68.684 ], [ -68.102, 68.636 ], [ -68.684, 68.659 ], [ -68.914, 68.611 ], [ -67.944, 68.561 ], [ -67.955, 68.403 ], [ -67.687, 68.571 ], [ -67.51, 68.541 ], [ -67.632, 68.508 ], [ -67.62, 68.383 ], [ -67.57, 68.492 ], [ -66.67, 68.447 ], [ -67.418, 68.404 ], [ -67.785, 68.343 ], [ -67.881, 68.269 ], [ -67.016, 68.332 ], [ -67.254, 68.304 ], [ -67.336, 68.189 ], [ -66.762, 68.239 ], [ -67.05, 67.991 ], [ -66.682, 68.139 ], [ -66.743, 67.932 ], [ -66.614, 68.139 ], [ -66.315, 68.126 ], [ -66.535, 68.078 ], [ -66.182, 68.014 ], [ -66.342, 67.97 ], [ -66.388, 67.866 ], [ -66.735, 67.878 ], [ -66.375, 67.768 ], [ -66.257, 67.964 ], [ -65.934, 68.033 ], [ -66.143, 67.928 ], [ -65.925, 67.872 ], [ -66.057, 67.588 ], [ -65.802, 67.973 ], [ -65.457, 67.986 ], [ -65.626, 67.787 ], [ -65.343, 67.588 ], [ -65.574, 67.781 ], [ -65.427, 67.917 ], [ -64.722, 67.981 ], [ -65.096, 67.921 ], [ -64.923, 67.919 ], [ -65.256, 67.757 ], [ -65.013, 67.799 ], [ -65.189, 67.722 ], [ -65.226, 67.642 ], [ -64.52, 67.812 ], [ -64.356, 67.739 ], [ -64.61, 67.683 ], [ -64.651, 67.651 ], [ -64.291, 67.723 ], [ -64.065, 67.565 ], [ -64.463, 67.472 ], [ -63.944, 67.347 ], [ -64.404, 67.319 ], [ -64.849, 67.378 ], [ -65.002, 67.37 ], [ -64.233, 67.301 ], [ -64.825, 67.208 ], [ -64.801, 67.193 ], [ -63.953, 67.268 ], [ -64.645, 67.129 ], [ -64.741, 66.979 ], [ -64.707, 66.957 ], [ -64.57, 67.12 ], [ -63.446, 67.228 ], [ -63.826, 66.997 ], [ -63.799, 66.899 ], [ -63.117, 67.334 ], [ -62.953, 67.222 ], [ -63.285, 67.11 ], [ -63.193, 66.971 ], [ -63.859, 66.815 ], [ -63.423, 66.909 ], [ -63.404, 66.704 ], [ -63.331, 66.897 ], [ -62.836, 66.964 ], [ -62.889, 66.638 ], [ -62.723, 66.764 ], [ -62.762, 66.933 ], [ -62.31, 66.737 ], [ -62.422, 66.928 ], [ -62.015, 67.057 ], [ -61.965, 67.023 ], [ -62.123, 66.918 ], [ -62.085, 66.891 ], [ -61.722, 66.927 ], [ -61.986, 66.889 ], [ -62.011, 66.845 ], [ -61.593, 66.859 ], [ -61.788, 66.809 ], [ -61.26, 66.616 ], [ -61.532, 66.526 ], [ -61.984, 66.689 ], [ -62.214, 66.621 ], [ -61.796, 66.613 ], [ -61.556, 66.457 ], [ -62.029, 66.388 ], [ -61.56, 66.414 ], [ -61.534, 66.326 ], [ -62.638, 66.452 ], [ -62.316, 66.298 ], [ -62.85, 66.306 ], [ -61.935, 66.011 ], [ -62.32, 65.966 ], [ -62.915, 66.14 ], [ -63.037, 66.107 ], [ -62.413, 65.965 ], [ -62.283, 65.8 ], [ -62.848, 65.909 ], [ -62.564, 65.749 ], [ -62.843, 65.755 ], [ -62.609, 65.674 ], [ -62.621, 65.607 ], [ -62.663, 65.575 ], [ -62.91, 65.747 ], [ -62.954, 65.573 ], [ -63.237, 65.634 ], [ -63.515, 65.931 ], [ -63.345, 65.658 ], [ -63.735, 65.669 ], [ -63.327, 65.586 ], [ -63.695, 65.564 ], [ -63.289, 65.422 ], [ -63.675, 65.47 ], [ -63.317, 65.214 ], [ -63.521, 65.193 ], [ -63.327, 65.143 ], [ -63.461, 64.984 ], [ -63.571, 65.06 ], [ -63.535, 64.885 ], [ -63.849, 64.978 ], [ -63.664, 65.04 ], [ -63.879, 65.035 ], [ -63.802, 65.189 ], [ -64.108, 65.043 ], [ -64.264, 65.104 ], [ -64.073, 65.199 ], [ -64.117, 65.257 ], [ -64.373, 65.181 ], [ -64.401, 65.302 ], [ -64.192, 65.431 ], [ -64.212, 65.45 ], [ -64.466, 65.3 ], [ -64.556, 65.084 ], [ -64.724, 65.222 ], [ -64.585, 65.245 ], [ -64.914, 65.302 ], [ -64.685, 65.342 ], [ -64.908, 65.342 ], [ -64.433, 65.423 ], [ -64.402, 65.48 ], [ -65.159, 65.433 ], [ -64.71, 65.652 ], [ -65.342, 65.567 ], [ -64.784, 65.726 ], [ -65.498, 65.747 ], [ -65.356, 65.914 ], [ -64.666, 65.958 ], [ -64.855, 66.026 ], [ -64.767, 66.18 ], [ -64.35, 66.33 ], [ -64.347, 66.357 ], [ -64.704, 66.278 ], [ -64.952, 66.069 ], [ -65.871, 65.943 ], [ -65.963, 66.044 ], [ -65.525, 66.231 ], [ -65.533, 66.314 ], [ -65.478, 66.341 ], [ -65.47, 66.439 ], [ -65.567, 66.321 ], [ -65.566, 66.234 ], [ -65.985, 66.108 ], [ -66.766, 66.375 ], [ -66.667, 66.458 ], [ -66.859, 66.536 ], [ -66.732, 66.596 ], [ -67.17, 66.67 ], [ -66.854, 66.567 ], [ -67.157, 66.486 ], [ -67.52, 66.673 ], [ -67.521, 66.561 ], [ -67.743, 66.575 ], [ -67.865, 66.622 ], [ -67.927, 66.634 ], [ -67.946, 66.632 ], [ -67.721, 66.559 ], [ -67.287, 66.528 ], [ -67.111, 66.379 ], [ -67.436, 66.443 ], [ -67.121, 66.277 ], [ -67.75, 66.512 ], [ -67.989, 66.51 ], [ -67.692, 66.287 ], [ -67.794, 66.246 ], [ -67.151, 66.04 ], [ -67.331, 66.005 ], [ -67.172, 65.911 ], [ -67.661, 65.903 ], [ -67.71, 66.099 ], [ -67.834, 65.938 ], [ -67.711, 65.929 ], [ -67.688, 65.892 ], [ -67.935, 65.909 ], [ -67.934, 66.138 ], [ -68.509, 66.303 ], [ -68.457, 66.216 ], [ -68.594, 66.195 ], [ -68.89, 66.206 ], [ -68.974, 66.188 ], [ -68.024, 66.088 ], [ -68.193, 66.034 ], [ -68.106, 65.965 ], [ -68.197, 65.978 ], [ -68.309, 66.03 ], [ -68.336, 66.059 ], [ -68.356, 66.071 ], [ -68.367, 66.072 ], [ -68.048, 65.826 ], [ -68.162, 65.814 ], [ -68.241, 65.765 ], [ -67.799, 65.816 ], [ -67.989, 65.704 ], [ -67.847, 65.638 ], [ -67.989, 65.506 ], [ -68.104, 65.455 ], [ -68.124, 65.434 ], [ -68.24, 65.429 ], [ -68.29, 65.411 ], [ -68.302, 65.402 ], [ -68.113, 65.431 ], [ -67.829, 65.596 ], [ -67.788, 65.576 ], [ -67.682, 65.557 ], [ -67.53, 65.571 ], [ -67.743, 65.638 ], [ -67.303, 65.664 ], [ -67.257, 65.55 ], [ -67.508, 65.548 ], [ -67.069, 65.391 ], [ -67.117, 65.355 ], [ -67.49, 65.372 ], [ -67.57, 65.334 ], [ -67.077, 65.286 ], [ -67.255, 65.174 ], [ -66.919, 65.24 ], [ -67.114, 65.055 ], [ -66.749, 65.177 ], [ -66.937, 65.044 ], [ -66.765, 65.066 ], [ -66.73, 64.723 ], [ -66.615, 64.792 ], [ -66.674, 65.041 ], [ -66.119, 64.869 ], [ -66.434, 64.728 ], [ -66.411, 64.685 ], [ -66.32, 64.63 ], [ -66.402, 64.722 ], [ -66.151, 64.694 ], [ -66.014, 64.856 ], [ -66.027, 64.713 ], [ -65.795, 64.626 ], [ -65.944, 64.876 ], [ -65.687, 64.848 ], [ -65.694, 64.68 ], [ -65.529, 64.722 ], [ -65.744, 64.595 ], [ -65.696, 64.485 ], [ -65.035, 64.432 ], [ -65.222, 64.411 ], [ -65.069, 64.382 ], [ -65.196, 64.294 ], [ -65.504, 64.326 ], [ -65.672, 64.304 ], [ -65.008, 64.047 ], [ -65.078, 64.03 ], [ -65.202, 64.029 ], [ -65.218, 64.02 ], [ -64.696, 64.023 ], [ -64.605, 63.973 ], [ -64.979, 63.862 ], [ -64.499, 63.678 ], [ -64.678, 63.692 ], [ -64.454, 63.446 ], [ -64.505, 63.397 ], [ -64.592, 63.421 ], [ -64.652, 63.399 ], [ -64.484, 63.375 ], [ -64.621, 63.324 ], [ -64.51, 63.242 ], [ -64.701, 63.278 ], [ -64.844, 63.548 ], [ -65.138, 63.783 ], [ -65.294, 63.803 ], [ -64.955, 63.597 ], [ -65.146, 63.402 ], [ -64.877, 63.234 ], [ -65.003, 63.311 ], [ -65.121, 63.294 ], [ -64.927, 63.213 ], [ -65.047, 63.217 ], [ -65.075, 63.163 ], [ -64.759, 63.132 ], [ -64.957, 63.099 ], [ -64.592, 62.917 ], [ -64.806, 62.831 ], [ -65.116, 63.013 ], [ -65.329, 63.05 ], [ -64.891, 62.652 ], [ -65.098, 62.562 ], [ -64.796, 62.577 ], [ -64.96, 62.527 ], [ -65.184, 62.563 ], [ -65.347, 62.685 ], [ -65.183, 62.787 ], [ -65.335, 62.786 ], [ -65.192, 62.835 ], [ -65.297, 62.942 ], [ -65.54, 62.8 ], [ -65.692, 63.053 ], [ -65.751, 62.882 ], [ -65.915, 62.927 ], [ -65.785, 63.026 ], [ -66.124, 63.042 ], [ -66.24, 63.222 ], [ -66.253, 63.127 ], [ -66.056, 62.942 ], [ -66.396, 63.014 ], [ -66.483, 63.2 ], [ -66.666, 63.298 ], [ -66.497, 63.409 ], [ -66.689, 63.303 ], [ -66.529, 63.001 ], [ -66.761, 63.102 ], [ -66.785, 63.292 ], [ -66.801, 63.149 ], [ -67.009, 63.248 ], [ -66.903, 63.283 ], [ -66.92, 63.397 ], [ -67.143, 63.275 ], [ -67.898, 63.777 ], [ -67.665, 63.359 ], [ -68.219, 63.684 ], [ -68.967, 63.759 ], [ -68.201, 63.201 ], [ -67.86, 63.134 ], [ -67.968, 63.044 ], [ -67.609, 63.094 ], [ -67.76, 62.953 ], [ -67.649, 63.033 ], [ -67.499, 63.032 ], [ -67.653, 62.929 ], [ -67.372, 62.963 ], [ -66.307, 62.387 ], [ -66.496, 62.339 ], [ -65.892, 62.207 ], [ -66.009, 62.047 ], [ -66.144, 62.129 ], [ -66.239, 62.083 ], [ -65.949, 61.877 ], [ -68.604, 62.26 ], [ -68.701, 62.429 ], [ -68.679, 62.331 ], [ -68.802, 62.34 ], [ -68.756, 62.459 ], [ -68.842, 62.574 ], [ -68.856, 62.354 ], [ -69.197, 62.437 ], [ -69.235, 62.645 ], [ -69.344, 62.525 ], [ -69.59, 62.653 ], [ -69.378, 62.765 ], [ -69.881, 62.754 ], [ -69.965, 62.798 ], [ -69.871, 62.857 ], [ -69.88, 62.921 ], [ -70.158, 62.742 ], [ -70.996, 62.951 ], [ -70.877, 62.965 ], [ -70.819, 63.059 ], [ -71.015, 62.971 ], [ -71.123, 62.992 ], [ -70.834, 63.107 ], [ -70.845, 63.165 ], [ -71.402, 63.05 ], [ -71.341, 63.15 ], [ -71.778, 63.259 ], [ -71.696, 63.41 ], [ -71.821, 63.367 ], [ -72.062, 63.398 ], [ -72.118, 63.436 ], [ -71.603, 63.41 ], [ -71.199, 63.595 ], [ -71.556, 63.572 ], [ -71.488, 63.715 ], [ -71.612, 63.635 ], [ -71.912, 63.867 ], [ -71.889, 63.639 ], [ -72.175, 63.774 ], [ -72.185, 63.67 ], [ -72.253, 63.667 ], [ -72.354, 63.752 ], [ -72.216, 63.753 ], [ -72.358, 63.808 ], [ -72.225, 63.801 ], [ -72.168, 63.87 ], [ -72.222, 63.953 ], [ -72.398, 63.812 ], [ -72.349, 63.774 ], [ -72.619, 63.921 ], [ -72.577, 64.024 ] ], [ [ -68.336, 65.401 ], [ -68.356, 65.393 ], [ -68.302, 65.402 ], [ -68.336, 65.401 ] ] ], [ [ [ -99.176, 73.691 ], [ -97.766, 73.919 ], [ -97.853, 73.87 ], [ -96.951, 73.746 ], [ -97.183, 73.562 ], [ -97.45, 73.591 ], [ -97.452, 73.518 ], [ -97.614, 73.548 ], [ -97.689, 73.548 ], [ -97.685, 73.546 ], [ -97.707, 73.543 ], [ -97.717, 73.534 ], [ -97.189, 73.476 ], [ -97.162, 73.359 ], [ -97.84, 73.279 ], [ -98.472, 73.025 ], [ -98.466, 72.84 ], [ -97.833, 73.052 ], [ -97.207, 72.945 ], [ -97.471, 72.866 ], [ -97.015, 72.753 ], [ -97.184, 72.662 ], [ -97.123, 72.57 ], [ -96.527, 72.758 ], [ -96.274, 72.413 ], [ -96.841, 72.329 ], [ -96.532, 72.281 ], [ -96.459, 72.11 ], [ -96.863, 72.044 ], [ -96.464, 72.045 ], [ -96.738, 71.913 ], [ -96.476, 71.897 ], [ -97.494, 71.616 ], [ -98.192, 71.65 ], [ -98.359, 71.741 ], [ -98.188, 71.925 ], [ -98.196, 71.94 ], [ -98.24, 71.935 ], [ -98.19, 71.924 ], [ -98.492, 71.775 ], [ -98.493, 71.719 ], [ -98.042, 71.531 ], [ -98.716, 71.281 ], [ -99.219, 71.353 ], [ -99.378, 71.613 ], [ -100.613, 72.189 ], [ -100.915, 72.163 ], [ -101.204, 72.349 ], [ -101.783, 72.297 ], [ -101.9, 72.483 ], [ -102.745, 72.765 ], [ -102.231, 73.092 ], [ -101.525, 72.922 ], [ -101.271, 72.714 ], [ -100.169, 72.788 ], [ -100.384, 72.865 ], [ -100.464, 73.024 ], [ -100.293, 73.034 ], [ -100.414, 72.988 ], [ -100.223, 72.945 ], [ -100.333, 72.904 ], [ -100.312, 72.872 ], [ -100.013, 72.943 ], [ -100.32, 73.109 ], [ -100.208, 73.138 ], [ -100.508, 73.083 ], [ -100.521, 73.233 ], [ -100.354, 73.295 ], [ -100.048, 73.187 ], [ -99.785, 73.196 ], [ -99.736, 73.229 ], [ -100.383, 73.404 ], [ -100.958, 73.278 ], [ -101.621, 73.497 ], [ -100.897, 73.607 ], [ -100.423, 73.409 ], [ -100.616, 73.5 ], [ -100.529, 73.613 ], [ -101.127, 73.735 ], [ -100.541, 73.866 ], [ -100.037, 73.769 ], [ -99.824, 73.875 ], [ -100.306, 73.873 ], [ -99.921, 73.951 ], [ -99.176, 73.691 ] ] ], [ [ [ -98.386, 73.85 ], [ -99.429, 73.91 ], [ -98.775, 74.037 ], [ -97.626, 74.089 ], [ -98.386, 73.85 ] ] ], [ [ [ -92.597, 74.116 ], [ -92.262, 74.02 ], [ -92.337, 73.943 ], [ -91.534, 74.032 ], [ -90.159, 73.9 ], [ -90.984, 73.553 ], [ -91.255, 73.265 ], [ -91.667, 73.227 ], [ -91.337, 73.207 ], [ -92.119, 72.737 ], [ -94.291, 72.777 ], [ -93.753, 72.749 ], [ -93.438, 72.449 ], [ -94.245, 72.032 ], [ -94.029, 72.072 ], [ -94.045, 71.989 ], [ -94.329, 72.038 ], [ -94.364, 72.02 ], [ -94.685, 72.018 ], [ -94.821, 71.997 ], [ -94.848, 72.001 ], [ -95.027, 71.979 ], [ -95.061, 71.982 ], [ -95.13, 71.973 ], [ -95.146, 71.976 ], [ -95.168, 71.97 ], [ -95.182, 71.972 ], [ -95.057, 72.004 ], [ -95.191, 72.107 ], [ -94.728, 72.156 ], [ -95.161, 72.133 ], [ -95.24, 72.444 ], [ -95.117, 72.466 ], [ -95.667, 72.805 ], [ -95.631, 73.071 ], [ -95.748, 73.057 ], [ -95.844, 73.143 ], [ -95.479, 73.13 ], [ -95.671, 73.46 ], [ -95.531, 73.588 ], [ -95.704, 73.69 ], [ -95.295, 73.781 ], [ -95.095, 73.695 ], [ -94.749, 73.663 ], [ -95.336, 73.94 ], [ -93.489, 74.179 ], [ -92.597, 74.116 ] ] ], [ [ [ -119.624, 74.221 ], [ -119.753, 74.097 ], [ -119.081, 74.207 ], [ -119.155, 73.995 ], [ -118.76, 74.213 ], [ -117.395, 74.229 ], [ -115.29, 73.485 ], [ -119.145, 72.651 ], [ -119.288, 72.367 ], [ -120.237, 72.272 ], [ -120.125, 72.164 ], [ -120.441, 71.948 ], [ -120.368, 71.7 ], [ -120.524, 71.535 ], [ -121.315, 71.383 ], [ -121.703, 71.46 ], [ -122.794, 71.086 ], [ -123.227, 71.111 ], [ -123.979, 71.673 ], [ -124.646, 71.802 ], [ -125.118, 71.918 ], [ -125.269, 71.966 ], [ -125.099, 71.978 ], [ -124.98, 71.951 ], [ -124.875, 71.957 ], [ -125.086, 71.981 ], [ -125.236, 71.985 ], [ -125.763, 71.958 ], [ -125.823, 71.958 ], [ -125.977, 71.967 ], [ -126.005, 71.972 ], [ -125.687, 72.028 ], [ -125.786, 72.128 ], [ -125.329, 72.484 ], [ -125.034, 72.568 ], [ -124.926, 72.557 ], [ -124.876, 72.575 ], [ -125.099, 72.637 ], [ -124.891, 72.713 ], [ -125.126, 72.873 ], [ -124.416, 72.937 ], [ -124.867, 73.099 ], [ -123.734, 73.748 ], [ -124.187, 73.878 ], [ -124.496, 74.27 ], [ -124.69, 74.286 ], [ -124.517, 74.326 ], [ -124.773, 74.343 ], [ -121.507, 74.559 ], [ -119.624, 74.221 ] ] ], [ [ [ -95.34, 74.598 ], [ -95.23, 74.513 ], [ -95.84, 74.587 ], [ -95.614, 74.654 ], [ -95.34, 74.598 ] ] ], [ [ [ -103.583, 75.165 ], [ -104.209, 75.023 ], [ -104.914, 75.127 ], [ -104.504, 75.416 ], [ -104.104, 75.448 ], [ -103.583, 75.165 ] ] ], [ [ [ -94.309, 75.59 ], [ -93.478, 75.264 ], [ -93.589, 75.196 ], [ -93.485, 75.079 ], [ -93.638, 75.047 ], [ -93.418, 74.973 ], [ -93.547, 74.748 ], [ -93.445, 74.724 ], [ -94.64, 74.633 ], [ -95.902, 74.829 ], [ -96.129, 74.925 ], [ -96.022, 74.957 ], [ -96.137, 74.954 ], [ -96.059, 75.007 ], [ -96.057, 75.023 ], [ -96.08, 75.034 ], [ -96.23, 74.911 ], [ -96.626, 74.994 ], [ -96.442, 75.206 ], [ -95.766, 75.373 ], [ -96.138, 75.413 ], [ -94.904, 75.643 ], [ -94.309, 75.59 ] ] ], [ [ [ -95.9, 75.573 ], [ -96.193, 75.46 ], [ -96.417, 75.528 ], [ -96.313, 75.565 ], [ -96.399, 75.58 ], [ -96.808, 75.357 ], [ -97.013, 75.46 ], [ -96.309, 75.658 ], [ -95.9, 75.573 ] ] ], [ [ [ -94.285, 75.763 ], [ -94.706, 75.759 ], [ -94.87, 75.92 ], [ -94.467, 75.977 ], [ -94.285, 75.763 ] ] ], [ [ [ -101.969, 75.953 ], [ -102.437, 75.875 ], [ -102.57, 75.778 ], [ -102.952, 75.748 ], [ -103.386, 75.77 ], [ -102.135, 76.0 ], [ -101.969, 75.953 ] ] ], [ [ [ -102.264, 76.033 ], [ -103.522, 75.9 ], [ -103.949, 75.95 ], [ -102.43, 76.098 ], [ -102.264, 76.033 ] ] ], [ [ [ -78.797, 76.087 ], [ -79.177, 75.953 ], [ -78.869, 75.846 ], [ -79.763, 75.882 ], [ -79.007, 76.111 ], [ -78.797, 76.087 ] ] ], [ [ [ -117.442, 76.094 ], [ -118.359, 75.555 ], [ -119.407, 75.614 ], [ -117.665, 76.128 ], [ -117.442, 76.094 ] ] ], [ [ [ -102.521, 76.16 ], [ -103.917, 76.041 ], [ -104.478, 76.164 ], [ -102.86, 76.322 ], [ -102.521, 76.16 ] ] ], [ [ [ -103.968, 76.594 ], [ -102.992, 76.446 ], [ -103.503, 76.316 ], [ -104.325, 76.328 ], [ -104.028, 76.359 ], [ -104.677, 76.561 ], [ -104.106, 76.679 ], [ -103.968, 76.594 ] ] ], [ [ [ -98.45, 76.679 ], [ -98.135, 76.585 ], [ -98.332, 76.567 ], [ -97.673, 76.49 ], [ -97.79, 76.311 ], [ -97.476, 76.177 ], [ -97.651, 75.985 ], [ -97.544, 75.873 ], [ -97.996, 75.731 ], [ -97.368, 75.692 ], [ -97.258, 75.401 ], [ -97.695, 75.57 ], [ -97.966, 75.569 ], [ -97.722, 75.469 ], [ -98.065, 75.494 ], [ -97.788, 75.434 ], [ -98.051, 75.412 ], [ -97.859, 75.359 ], [ -98.1, 75.377 ], [ -98.168, 75.333 ], [ -97.563, 75.143 ], [ -100.07, 74.988 ], [ -100.543, 75.195 ], [ -100.419, 75.228 ], [ -99.94, 75.22 ], [ -99.858, 75.237 ], [ -100.783, 75.355 ], [ -99.653, 75.511 ], [ -100.299, 75.522 ], [ -99.626, 75.611 ], [ -99.856, 75.621 ], [ -99.791, 75.662 ], [ -98.966, 75.684 ], [ -98.861, 75.692 ], [ -98.846, 75.704 ], [ -101.487, 75.609 ], [ -102.613, 75.499 ], [ -102.866, 75.634 ], [ -102.043, 75.699 ], [ -102.361, 75.783 ], [ -102.15, 75.884 ], [ -101.296, 75.749 ], [ -100.905, 75.817 ], [ -101.361, 75.777 ], [ -101.606, 75.929 ], [ -101.339, 75.999 ], [ -101.247, 76.013 ], [ -101.246, 76.015 ], [ -101.921, 76.102 ], [ -101.354, 76.253 ], [ -102.168, 76.235 ], [ -101.897, 76.449 ], [ -101.284, 76.415 ], [ -101.051, 76.33 ], [ -101.123, 76.24 ], [ -99.91, 75.876 ], [ -99.432, 75.965 ], [ -99.88, 75.943 ], [ -100.237, 76.131 ], [ -99.68, 76.125 ], [ -99.409, 76.16 ], [ -100.434, 76.217 ], [ -99.826, 76.282 ], [ -100.992, 76.499 ], [ -99.651, 76.633 ], [ -99.066, 76.394 ], [ -98.831, 76.431 ], [ -99.029, 76.6 ], [ -98.448, 76.652 ], [ -98.864, 76.671 ], [ -98.682, 76.687 ], [ -98.45, 76.679 ] ] ], [ [ [ -100.255, 76.746 ], [ -101.328, 76.56 ], [ -101.703, 76.594 ], [ -100.468, 76.765 ], [ -100.255, 76.746 ] ] ], [ [ [ -108.39, 76.726 ], [ -108.718, 76.64 ], [ -108.487, 76.563 ], [ -108.596, 76.43 ], [ -108.563, 76.416 ], [ -108.339, 76.404 ], [ -108.345, 76.411 ], [ -108.296, 76.416 ], [ -108.267, 76.411 ], [ -108.261, 76.414 ], [ -108.248, 76.412 ], [ -108.336, 76.403 ], [ -108.149, 76.35 ], [ -108.215, 76.337 ], [ -108.169, 76.308 ], [ -108.114, 76.302 ], [ -108.043, 76.284 ], [ -108.038, 76.277 ], [ -108.485, 76.039 ], [ -107.608, 76.001 ], [ -108.0, 75.786 ], [ -107.042, 75.903 ], [ -107.106, 75.848 ], [ -106.935, 75.799 ], [ -106.999, 75.775 ], [ -106.919, 75.754 ], [ -106.953, 75.736 ], [ -106.899, 75.664 ], [ -106.842, 75.65 ], [ -106.866, 75.774 ], [ -106.569, 75.805 ], [ -106.881, 75.839 ], [ -106.874, 75.977 ], [ -106.306, 76.063 ], [ -105.549, 75.93 ], [ -105.358, 75.651 ], [ -105.709, 75.495 ], [ -105.567, 75.447 ], [ -106.002, 75.052 ], [ -107.199, 74.913 ], [ -107.756, 75.101 ], [ -107.926, 74.932 ], [ -108.348, 74.918 ], [ -108.794, 75.074 ], [ -112.697, 74.406 ], [ -113.689, 74.452 ], [ -114.444, 74.682 ], [ -112.849, 74.983 ], [ -111.621, 75.0 ], [ -110.883, 75.243 ], [ -112.398, 75.128 ], [ -112.288, 75.207 ], [ -112.649, 75.286 ], [ -112.682, 75.141 ], [ -113.912, 75.053 ], [ -113.633, 75.193 ], [ -113.916, 75.18 ], [ -113.8, 75.327 ], [ -113.306, 75.42 ], [ -114.03, 75.476 ], [ -114.168, 75.222 ], [ -114.505, 75.316 ], [ -114.612, 75.282 ], [ -114.277, 75.174 ], [ -114.376, 75.091 ], [ -115.037, 74.964 ], [ -115.23, 75.188 ], [ -115.676, 75.165 ], [ -115.51, 75.033 ], [ -115.684, 74.971 ], [ -116.25, 75.064 ], [ -116.006, 75.127 ], [ -116.295, 75.11 ], [ -116.208, 75.215 ], [ -116.687, 75.119 ], [ -117.667, 75.255 ], [ -117.258, 75.474 ], [ -116.014, 75.489 ], [ -115.014, 75.7 ], [ -117.221, 75.597 ], [ -116.812, 75.805 ], [ -114.78, 75.897 ], [ -116.733, 75.906 ], [ -116.411, 75.98 ], [ -116.611, 76.121 ], [ -116.213, 76.198 ], [ -114.854, 76.157 ], [ -114.628, 76.171 ], [ -115.906, 76.292 ], [ -114.893, 76.522 ], [ -114.166, 76.477 ], [ -113.98, 76.197 ], [ -112.408, 76.183 ], [ -112.509, 76.109 ], [ -112.406, 76.047 ], [ -111.684, 75.921 ], [ -112.236, 75.813 ], [ -111.44, 75.848 ], [ -111.611, 75.818 ], [ -111.314, 75.717 ], [ -111.403, 75.622 ], [ -111.251, 75.521 ], [ -108.884, 75.48 ], [ -108.765, 75.523 ], [ -109.056, 75.556 ], [ -108.834, 75.566 ], [ -108.924, 75.677 ], [ -108.814, 75.694 ], [ -110.055, 75.905 ], [ -109.268, 76.106 ], [ -110.422, 76.358 ], [ -109.74, 76.485 ], [ -109.828, 76.542 ], [ -109.319, 76.796 ], [ -108.675, 76.837 ], [ -108.39, 76.726 ] ] ], [ [ [ -89.701, 76.741 ], [ -89.876, 76.615 ], [ -89.673, 76.508 ], [ -90.086, 76.484 ], [ -90.599, 76.744 ], [ -89.977, 76.841 ], [ -89.701, 76.741 ] ] ], [ [ [ -113.441, 76.793 ], [ -114.86, 76.781 ], [ -114.656, 76.865 ], [ -114.014, 76.896 ], [ -113.441, 76.793 ] ] ], [ [ [ -93.72, 76.927 ], [ -93.178, 76.749 ], [ -93.3, 76.549 ], [ -93.664, 76.443 ], [ -93.577, 76.41 ], [ -93.119, 76.62 ], [ -91.437, 76.693 ], [ -90.464, 76.472 ], [ -91.45, 76.52 ], [ -91.616, 76.496 ], [ -89.287, 76.3 ], [ -89.19, 76.245 ], [ -90.466, 76.173 ], [ -90.094, 76.132 ], [ -91.624, 76.264 ], [ -90.186, 76.061 ], [ -91.15, 76.019 ], [ -90.946, 75.999 ], [ -91.201, 75.819 ], [ -90.802, 76.0 ], [ -90.43, 75.978 ], [ -90.546, 75.897 ], [ -90.363, 75.979 ], [ -89.935, 76.007 ], [ -89.665, 75.893 ], [ -89.787, 75.792 ], [ -89.161, 75.769 ], [ -89.255, 75.623 ], [ -89.66, 75.626 ], [ -89.754, 75.576 ], [ -89.206, 75.588 ], [ -88.926, 75.429 ], [ -88.743, 75.47 ], [ -88.925, 75.608 ], [ -88.76, 75.685 ], [ -88.248, 75.471 ], [ -87.731, 75.576 ], [ -87.576, 75.444 ], [ -87.305, 75.622 ], [ -86.347, 75.421 ], [ -86.65, 75.362 ], [ -86.628, 75.36 ], [ -85.539, 75.404 ], [ -86.164, 75.508 ], [ -84.511, 75.623 ], [ -84.687, 75.697 ], [ -83.996, 75.823 ], [ -81.462, 75.807 ], [ -79.567, 75.461 ], [ -79.498, 75.037 ], [ -79.325, 74.889 ], [ -80.269, 74.582 ], [ -81.758, 74.471 ], [ -82.925, 74.557 ], [ -83.131, 74.687 ], [ -83.042, 74.789 ], [ -83.51, 74.904 ], [ -83.312, 74.781 ], [ -83.446, 74.59 ], [ -84.259, 74.505 ], [ -84.908, 74.5 ], [ -84.962, 74.685 ], [ -85.01, 74.696 ], [ -85.229, 74.488 ], [ -85.555, 74.688 ], [ -85.485, 74.554 ], [ -85.608, 74.495 ], [ -86.131, 74.48 ], [ -86.181, 74.612 ], [ -86.456, 74.478 ], [ -86.786, 74.616 ], [ -86.614, 74.468 ], [ -88.543, 74.498 ], [ -88.472, 74.77 ], [ -88.312, 74.773 ], [ -88.554, 74.914 ], [ -88.838, 74.663 ], [ -88.923, 74.777 ], [ -89.105, 74.837 ], [ -88.998, 74.778 ], [ -89.292, 74.753 ], [ -89.151, 74.608 ], [ -89.585, 74.539 ], [ -91.025, 74.708 ], [ -90.742, 74.887 ], [ -91.233, 74.73 ], [ -91.114, 74.628 ], [ -91.591, 74.653 ], [ -92.046, 74.777 ], [ -92.039, 74.961 ], [ -92.256, 75.072 ], [ -91.981, 75.087 ], [ -91.819, 75.123 ], [ -92.504, 75.216 ], [ -92.328, 75.371 ], [ -92.424, 75.436 ], [ -91.99, 75.59 ], [ -92.174, 75.747 ], [ -92.107, 75.855 ], [ -92.667, 76.009 ], [ -92.651, 76.127 ], [ -93.083, 76.363 ], [ -95.4, 76.23 ], [ -94.8, 76.313 ], [ -96.125, 76.505 ], [ -95.802, 76.514 ], [ -95.596, 76.609 ], [ -96.97, 76.734 ], [ -96.301, 76.755 ], [ -96.883, 76.888 ], [ -96.64, 76.951 ], [ -96.802, 76.983 ], [ -95.685, 77.069 ], [ -93.72, 76.927 ] ] ], [ [ [ -115.343, 77.313 ], [ -116.396, 77.15 ], [ -115.725, 76.946 ], [ -116.366, 76.938 ], [ -115.863, 76.7 ], [ -117.035, 76.548 ], [ -116.909, 76.388 ], [ -117.076, 76.304 ], [ -118.051, 76.416 ], [ -117.675, 76.802 ], [ -117.835, 76.832 ], [ -118.451, 76.729 ], [ -118.306, 76.559 ], [ -118.946, 76.51 ], [ -118.532, 76.338 ], [ -118.943, 76.274 ], [ -118.85, 76.179 ], [ -119.036, 76.092 ], [ -119.445, 76.352 ], [ -119.697, 76.35 ], [ -119.535, 76.172 ], [ -119.699, 76.167 ], [ -119.529, 76.121 ], [ -119.818, 76.114 ], [ -119.463, 76.012 ], [ -119.906, 75.852 ], [ -120.466, 75.831 ], [ -120.378, 75.976 ], [ -120.855, 76.214 ], [ -121.044, 76.139 ], [ -120.909, 75.956 ], [ -121.285, 75.909 ], [ -121.85, 76.051 ], [ -122.581, 75.941 ], [ -122.707, 76.021 ], [ -122.433, 76.108 ], [ -122.72, 76.118 ], [ -122.588, 76.128 ], [ -122.494, 76.154 ], [ -122.782, 76.143 ], [ -122.977, 76.198 ], [ -122.393, 76.406 ], [ -121.452, 76.431 ], [ -121.182, 76.698 ], [ -120.398, 76.801 ], [ -119.202, 77.319 ], [ -116.995, 77.296 ], [ -117.164, 77.355 ], [ -116.605, 77.391 ], [ -117.131, 77.461 ], [ -116.382, 77.559 ], [ -115.343, 77.313 ] ] ], [ [ [ -89.897, 77.527 ], [ -89.66, 77.352 ], [ -89.911, 77.39 ], [ -89.923, 77.368 ], [ -89.631, 77.348 ], [ -89.918, 77.336 ], [ -89.631, 77.329 ], [ -90.229, 77.197 ], [ -91.211, 77.392 ], [ -91.234, 77.569 ], [ -91.094, 77.563 ], [ -91.195, 77.611 ], [ -90.853, 77.66 ], [ -89.897, 77.527 ] ] ], [ [ [ -105.205, 77.632 ], [ -104.958, 77.498 ], [ -105.02, 77.408 ], [ -104.346, 77.206 ], [ -105.429, 77.213 ], [ -105.768, 77.476 ], [ -105.652, 77.517 ], [ -106.118, 77.73 ], [ -105.878, 77.769 ], [ -105.205, 77.632 ] ] ], [ [ [ -93.64, 77.785 ], [ -93.08, 77.666 ], [ -93.783, 77.435 ], [ -95.832, 77.465 ], [ -96.327, 77.604 ], [ -95.48, 77.817 ], [ -93.64, 77.785 ] ] ], [ [ [ -101.251, 77.855 ], [ -100.888, 77.738 ], [ -102.522, 77.793 ], [ -101.747, 77.91 ], [ -101.251, 77.855 ] ] ], [ [ [ -114.326, 77.995 ], [ -113.549, 77.827 ], [ -114.298, 77.711 ], [ -115.105, 77.956 ], [ -114.347, 78.08 ], [ -114.326, 77.995 ] ] ], [ [ [ -109.55, 78.045 ], [ -110.917, 77.864 ], [ -110.048, 77.775 ], [ -110.185, 77.518 ], [ -112.025, 77.328 ], [ -113.198, 77.526 ], [ -113.067, 77.629 ], [ -113.319, 77.814 ], [ -112.414, 78.007 ], [ -110.273, 78.117 ], [ -109.55, 78.045 ] ] ], [ [ [ -109.212, 78.48 ], [ -109.401, 78.313 ], [ -110.345, 78.277 ], [ -111.144, 78.393 ], [ -111.448, 78.271 ], [ -112.16, 78.375 ], [ -113.149, 78.27 ], [ -113.328, 78.345 ], [ -110.386, 78.764 ], [ -109.212, 78.48 ] ] ], [ [ [ -96.532, 78.684 ], [ -96.158, 78.623 ], [ -96.289, 78.528 ], [ -94.821, 78.362 ], [ -95.435, 78.234 ], [ -94.889, 78.11 ], [ -95.108, 77.95 ], [ -97.12, 77.801 ], [ -97.004, 77.915 ], [ -97.797, 78.037 ], [ -97.727, 78.087 ], [ -96.952, 78.072 ], [ -96.844, 78.108 ], [ -97.938, 78.22 ], [ -97.774, 78.241 ], [ -98.4, 78.481 ], [ -98.032, 78.545 ], [ -98.401, 78.77 ], [ -98.064, 78.821 ], [ -96.532, 78.684 ] ] ], [ [ [ -85.157, 79.018 ], [ -86.498, 78.9 ], [ -86.278, 79.017 ], [ -85.729, 79.069 ], [ -85.157, 79.018 ] ] ], [ [ [ -102.869, 79.236 ], [ -102.601, 79.068 ], [ -102.773, 78.945 ], [ -102.567, 78.867 ], [ -101.847, 79.09 ], [ -100.957, 78.935 ], [ -101.204, 78.804 ], [ -100.363, 78.837 ], [ -99.863, 78.687 ], [ -100.037, 78.637 ], [ -99.481, 78.588 ], [ -99.877, 78.439 ], [ -99.79, 78.305 ], [ -98.912, 78.06 ], [ -99.135, 77.999 ], [ -98.988, 77.897 ], [ -99.159, 77.843 ], [ -99.901, 77.784 ], [ -100.587, 77.87 ], [ -101.032, 78.203 ], [ -102.569, 78.239 ], [ -102.815, 78.293 ], [ -102.62, 78.364 ], [ -102.775, 78.397 ], [ -104.43, 78.265 ], [ -105.019, 78.502 ], [ -103.538, 78.496 ], [ -103.386, 78.62 ], [ -104.014, 78.625 ], [ -103.299, 78.735 ], [ -104.206, 78.776 ], [ -103.825, 78.899 ], [ -104.124, 78.983 ], [ -104.984, 78.798 ], [ -104.681, 79.021 ], [ -105.557, 79.023 ], [ -105.649, 79.154 ], [ -105.434, 79.264 ], [ -105.55, 79.33 ], [ -104.406, 79.391 ], [ -102.869, 79.236 ] ] ], [ [ [ -98.624, 79.79 ], [ -98.828, 79.67 ], [ -100.177, 79.92 ], [ -99.082, 80.135 ], [ -98.731, 79.939 ], [ -98.624, 79.79 ] ] ], [ [ [ -94.929, 80.632 ], [ -96.099, 80.673 ], [ -95.895, 80.697 ], [ -95.118, 80.699 ], [ -94.929, 80.632 ] ] ], [ [ [ -91.788, 81.159 ], [ -91.732, 81.075 ], [ -91.916, 81.074 ], [ -90.545, 80.638 ], [ -90.748, 80.563 ], [ -89.059, 80.485 ], [ -89.229, 80.396 ], [ -89.042, 80.331 ], [ -89.203, 80.292 ], [ -88.755, 80.125 ], [ -88.096, 80.09 ], [ -88.669, 80.281 ], [ -88.473, 80.419 ], [ -87.605, 80.407 ], [ -87.552, 80.176 ], [ -88.25, 80.155 ], [ -87.0, 79.95 ], [ -87.481, 79.835 ], [ -86.936, 79.92 ], [ -87.436, 79.532 ], [ -86.313, 79.65 ], [ -86.016, 79.572 ], [ -86.173, 79.469 ], [ -86.035, 79.44 ], [ -85.7, 79.622 ], [ -84.881, 79.273 ], [ -86.696, 78.957 ], [ -86.99, 79.057 ], [ -86.975, 78.887 ], [ -87.607, 78.644 ], [ -87.999, 78.794 ], [ -87.989, 78.967 ], [ -87.795, 79.011 ], [ -87.718, 79.088 ], [ -88.145, 78.996 ], [ -88.191, 78.66 ], [ -87.866, 78.558 ], [ -88.199, 78.454 ], [ -88.572, 78.609 ], [ -88.796, 78.609 ], [ -88.53, 78.423 ], [ -88.823, 78.151 ], [ -89.999, 78.625 ], [ -90.056, 78.49 ], [ -89.446, 78.155 ], [ -90.232, 78.335 ], [ -90.752, 78.323 ], [ -90.297, 78.276 ], [ -90.333, 78.142 ], [ -92.029, 78.203 ], [ -92.977, 78.477 ], [ -91.885, 78.574 ], [ -93.292, 78.583 ], [ -93.823, 78.772 ], [ -93.02, 78.762 ], [ -94.302, 78.985 ], [ -93.375, 79.164 ], [ -92.104, 79.151 ], [ -90.334, 79.245 ], [ -92.261, 79.207 ], [ -92.673, 79.254 ], [ -91.112, 79.363 ], [ -93.085, 79.487 ], [ -92.957, 79.39 ], [ -93.346, 79.337 ], [ -93.315, 79.454 ], [ -94.03, 79.257 ], [ -94.247, 79.269 ], [ -93.833, 79.399 ], [ -94.381, 79.431 ], [ -95.123, 79.274 ], [ -95.298, 79.331 ], [ -95.137, 79.347 ], [ -95.219, 79.407 ], [ -95.746, 79.413 ], [ -95.73, 79.54 ], [ -94.543, 79.629 ], [ -94.26, 79.759 ], [ -95.901, 79.653 ], [ -96.639, 79.883 ], [ -96.13, 79.907 ], [ -96.645, 80.018 ], [ -96.31, 80.049 ], [ -96.743, 80.087 ], [ -94.335, 79.984 ], [ -94.786, 80.087 ], [ -94.069, 80.181 ], [ -95.331, 80.119 ], [ -95.698, 80.17 ], [ -95.254, 80.205 ], [ -95.199, 80.24 ], [ -96.625, 80.335 ], [ -95.42, 80.331 ], [ -95.217, 80.378 ], [ -96.044, 80.487 ], [ -95.754, 80.523 ], [ -95.957, 80.584 ], [ -93.777, 80.517 ], [ -95.001, 80.772 ], [ -94.822, 80.81 ], [ -95.492, 80.816 ], [ -94.878, 81.06 ], [ -94.351, 80.964 ], [ -93.858, 81.022 ], [ -94.274, 81.114 ], [ -92.985, 81.1 ], [ -94.372, 81.269 ], [ -93.469, 81.379 ], [ -91.788, 81.159 ] ] ], [ [ [ -73.81, 83.097 ], [ -74.483, 83.031 ], [ -72.57, 82.688 ], [ -72.698, 82.593 ], [ -72.372, 82.696 ], [ -73.631, 82.941 ], [ -73.355, 82.969 ], [ -73.281, 82.995 ], [ -73.85, 83.007 ], [ -71.585, 83.102 ], [ -71.778, 83.011 ], [ -70.912, 82.875 ], [ -70.763, 82.891 ], [ -71.433, 83.011 ], [ -70.964, 83.079 ], [ -71.063, 83.094 ], [ -69.715, 83.111 ], [ -69.589, 83.104 ], [ -69.732, 83.102 ], [ -69.798, 83.107 ], [ -69.825, 83.105 ], [ -69.459, 83.032 ], [ -69.715, 82.985 ], [ -68.845, 82.927 ], [ -66.324, 82.926 ], [ -68.683, 82.628 ], [ -68.583, 82.622 ], [ -65.733, 82.849 ], [ -65.427, 82.837 ], [ -65.518, 82.791 ], [ -65.126, 82.754 ], [ -65.412, 82.787 ], [ -64.833, 82.908 ], [ -64.424, 82.755 ], [ -63.564, 82.833 ], [ -63.435, 82.763 ], [ -63.982, 82.711 ], [ -62.939, 82.576 ], [ -63.407, 82.433 ], [ -62.239, 82.529 ], [ -61.091, 82.318 ], [ -64.358, 81.715 ], [ -68.228, 81.563 ], [ -68.932, 81.688 ], [ -69.264, 81.719 ], [ -68.33, 81.542 ], [ -68.841, 81.549 ], [ -68.519, 81.51 ], [ -66.598, 81.517 ], [ -70.191, 81.178 ], [ -69.565, 81.184 ], [ -69.978, 81.083 ], [ -64.418, 81.501 ], [ -67.621, 80.925 ], [ -67.502, 80.894 ], [ -69.528, 80.368 ], [ -70.217, 80.342 ], [ -70.167, 80.425 ], [ -70.65, 80.548 ], [ -72.041, 80.636 ], [ -70.775, 80.552 ], [ -70.321, 80.411 ], [ -70.421, 80.338 ], [ -69.895, 80.255 ], [ -71.602, 80.106 ], [ -72.027, 80.191 ], [ -72.377, 80.213 ], [ -71.829, 80.107 ], [ -72.272, 80.065 ], [ -72.225, 80.06 ], [ -70.45, 80.093 ], [ -71.398, 79.931 ], [ -70.852, 79.887 ], [ -71.452, 79.725 ], [ -72.674, 79.674 ], [ -73.036, 79.808 ], [ -72.855, 79.819 ], [ -74.394, 79.891 ], [ -75.213, 79.823 ], [ -73.296, 79.776 ], [ -73.396, 79.744 ], [ -73.09, 79.554 ], [ -74.927, 79.514 ], [ -75.037, 79.487 ], [ -74.885, 79.378 ], [ -75.086, 79.372 ], [ -77.11, 79.569 ], [ -75.859, 79.346 ], [ -77.087, 79.466 ], [ -77.384, 79.441 ], [ -77.142, 79.324 ], [ -78.046, 79.351 ], [ -74.503, 79.232 ], [ -74.78, 79.184 ], [ -74.387, 79.052 ], [ -77.771, 79.21 ], [ -78.456, 79.149 ], [ -76.041, 79.093 ], [ -78.799, 79.071 ], [ -77.66, 79.017 ], [ -78.27, 78.783 ], [ -78.163, 78.765 ], [ -77.568, 78.982 ], [ -75.713, 78.973 ], [ -76.329, 78.893 ], [ -76.434, 78.846 ], [ -74.894, 78.854 ], [ -74.655, 78.705 ], [ -74.818, 78.64 ], [ -74.573, 78.587 ], [ -76.619, 78.527 ], [ -75.0, 78.329 ], [ -76.944, 78.212 ], [ -75.559, 78.124 ], [ -75.863, 77.959 ], [ -78.38, 77.961 ], [ -77.942, 77.781 ], [ -78.1, 77.695 ], [ -77.702, 77.612 ], [ -78.57, 77.336 ], [ -80.737, 77.329 ], [ -81.885, 77.721 ], [ -81.944, 77.633 ], [ -81.649, 77.54 ], [ -81.789, 77.44 ], [ -81.138, 77.335 ], [ -82.203, 77.301 ], [ -81.789, 77.157 ], [ -81.066, 77.289 ], [ -80.052, 77.2 ], [ -80.337, 77.074 ], [ -79.68, 77.249 ], [ -79.391, 77.226 ], [ -79.69, 77.137 ], [ -79.036, 77.15 ], [ -79.43, 76.935 ], [ -80.296, 76.951 ], [ -80.081, 76.87 ], [ -80.333, 76.824 ], [ -79.324, 76.874 ], [ -79.916, 76.678 ], [ -79.288, 76.762 ], [ -79.575, 76.613 ], [ -78.812, 76.973 ], [ -78.182, 77.023 ], [ -77.716, 76.819 ], [ -78.391, 76.456 ], [ -78.57, 76.572 ], [ -79.042, 76.575 ], [ -78.843, 76.537 ], [ -79.458, 76.306 ], [ -81.041, 76.132 ], [ -81.097, 76.219 ], [ -80.751, 76.409 ], [ -82.093, 76.519 ], [ -81.768, 76.691 ], [ -82.294, 76.638 ], [ -82.729, 76.829 ], [ -82.488, 76.645 ], [ -82.109, 76.574 ], [ -82.241, 76.51 ], [ -82.136, 76.439 ], [ -83.044, 76.436 ], [ -83.388, 76.763 ], [ -83.536, 76.686 ], [ -83.152, 76.423 ], [ -83.711, 76.427 ], [ -84.277, 76.656 ], [ -84.137, 76.477 ], [ -84.632, 76.434 ], [ -85.218, 76.64 ], [ -84.97, 76.422 ], [ -84.384, 76.315 ], [ -84.92, 76.282 ], [ -86.379, 76.385 ], [ -86.21, 76.527 ], [ -86.603, 76.644 ], [ -86.288, 76.52 ], [ -86.763, 76.348 ], [ -87.439, 76.457 ], [ -87.52, 76.627 ], [ -87.404, 76.353 ], [ -88.38, 76.391 ], [ -88.328, 76.514 ], [ -88.561, 76.737 ], [ -88.481, 76.768 ], [ -88.493, 76.808 ], [ -88.433, 76.828 ], [ -88.451, 76.841 ], [ -88.703, 76.717 ], [ -88.486, 76.559 ], [ -88.592, 76.4 ], [ -88.71, 76.412 ], [ -88.586, 76.484 ], [ -88.677, 76.604 ], [ -88.896, 76.406 ], [ -89.661, 76.571 ], [ -89.334, 76.726 ], [ -89.521, 76.849 ], [ -88.421, 77.08 ], [ -88.543, 77.099 ], [ -86.594, 77.185 ], [ -87.227, 77.205 ], [ -86.784, 77.365 ], [ -87.719, 77.362 ], [ -87.616, 77.489 ], [ -88.221, 77.658 ], [ -88.074, 77.805 ], [ -88.217, 77.854 ], [ -86.409, 77.841 ], [ -85.934, 77.709 ], [ -85.707, 77.478 ], [ -85.806, 77.42 ], [ -84.442, 77.295 ], [ -84.605, 77.385 ], [ -83.464, 77.35 ], [ -83.83, 77.461 ], [ -83.221, 77.573 ], [ -82.285, 78.075 ], [ -82.743, 78.027 ], [ -83.684, 77.526 ], [ -84.782, 77.521 ], [ -84.41, 77.752 ], [ -84.935, 77.599 ], [ -85.292, 77.735 ], [ -84.922, 77.846 ], [ -85.399, 77.838 ], [ -84.451, 77.911 ], [ -85.676, 77.934 ], [ -84.214, 78.048 ], [ -85.061, 78.1 ], [ -84.966, 78.179 ], [ -84.539, 78.204 ], [ -84.196, 78.163 ], [ -83.991, 78.176 ], [ -84.405, 78.218 ], [ -84.953, 78.218 ], [ -84.578, 78.354 ], [ -84.855, 78.376 ], [ -84.766, 78.512 ], [ -84.595, 78.596 ], [ -84.613, 78.602 ], [ -84.834, 78.504 ], [ -84.991, 78.292 ], [ -85.438, 78.102 ], [ -86.267, 78.08 ], [ -85.79, 78.387 ], [ -86.691, 78.12 ], [ -87.526, 78.138 ], [ -87.038, 78.207 ], [ -87.499, 78.216 ], [ -87.522, 78.404 ], [ -86.837, 78.55 ], [ -87.103, 78.588 ], [ -86.852, 78.742 ], [ -85.073, 78.922 ], [ -82.334, 78.569 ], [ -82.201, 78.587 ], [ -82.575, 78.708 ], [ -82.184, 78.73 ], [ -83.254, 78.833 ], [ -81.674, 78.844 ], [ -81.744, 78.923 ], [ -81.47, 79.059 ], [ -82.531, 78.892 ], [ -84.688, 79.02 ], [ -84.495, 79.15 ], [ -83.909, 79.042 ], [ -83.458, 79.022 ], [ -83.333, 79.056 ], [ -84.329, 79.194 ], [ -84.492, 79.417 ], [ -85.137, 79.646 ], [ -86.461, 79.782 ], [ -86.404, 79.967 ], [ -85.407, 79.904 ], [ -85.233, 79.928 ], [ -86.476, 80.013 ], [ -86.624, 80.125 ], [ -86.497, 80.296 ], [ -83.791, 80.25 ], [ -82.078, 79.851 ], [ -81.615, 79.621 ], [ -81.722, 79.589 ], [ -80.594, 79.565 ], [ -79.735, 79.7 ], [ -81.52, 79.717 ], [ -81.671, 79.898 ], [ -81.427, 79.952 ], [ -83.196, 80.328 ], [ -78.082, 80.563 ], [ -77.967, 80.583 ], [ -79.989, 80.615 ], [ -76.461, 80.857 ], [ -78.966, 80.878 ], [ -78.325, 81.145 ], [ -78.428, 81.161 ], [ -76.722, 81.442 ], [ -78.248, 81.3 ], [ -78.833, 81.102 ], [ -79.446, 81.192 ], [ -79.031, 81.089 ], [ -79.466, 80.848 ], [ -80.91, 80.66 ], [ -83.109, 80.541 ], [ -81.739, 80.817 ], [ -83.568, 80.739 ], [ -83.089, 80.819 ], [ -83.221, 80.838 ], [ -83.772, 80.732 ], [ -83.654, 80.625 ], [ -83.786, 80.543 ], [ -85.151, 80.51 ], [ -86.706, 80.601 ], [ -85.684, 80.965 ], [ -82.395, 81.143 ], [ -82.334, 81.175 ], [ -85.666, 81.046 ], [ -87.487, 80.622 ], [ -89.415, 80.904 ], [ -85.755, 81.071 ], [ -85.914, 81.096 ], [ -84.81, 81.266 ], [ -89.703, 81.008 ], [ -90.271, 81.148 ], [ -89.036, 81.251 ], [ -89.915, 81.336 ], [ -87.859, 81.536 ], [ -90.367, 81.36 ], [ -90.817, 81.439 ], [ -89.512, 81.619 ], [ -90.225, 81.702 ], [ -91.404, 81.515 ], [ -91.901, 81.637 ], [ -90.48, 81.968 ], [ -87.981, 82.128 ], [ -85.289, 81.86 ], [ -85.683, 81.974 ], [ -84.96, 82.01 ], [ -86.898, 82.149 ], [ -86.121, 82.244 ], [ -86.797, 82.292 ], [ -85.026, 82.487 ], [ -82.157, 82.255 ], [ -82.804, 82.388 ], [ -81.843, 82.787 ], [ -79.575, 82.968 ], [ -77.098, 82.859 ], [ -75.965, 82.5 ], [ -75.413, 82.61 ], [ -77.502, 83.039 ], [ -74.206, 83.139 ], [ -73.81, 83.097 ] ] ] ] } }
]
}
